Name	Name in home country	Date of birth	Place of birth	Age	Height	Citizenship	Position	Foot	Current club	Joined	Contract expires	Date of last contract extension	CL Appearances	Squad	Appearances	PPG	Goals	Assists	Sub on	Sub off	Yellow cards	Seccond Yellow Cards	Red cards	Goals conceded	Clean sheets	Minutes played	Market Values	Player agent	Social-Media	Own goals	Penalty goals	Minutes per goal	Full name	On loan from	Contract there expires	Outfitter
Gennadiy Ganev	Ганєв Геннадій Юрійович	May 15, 1990	Kamchik, Odessa Oblast	32	1,86 m	"Ukraine
  Bulgaria"	Goalkeeper	left	Beroe Stara Zagora	Jan 1, 2020	-	May 27, 2021	0	32	18	1.06	-	-	-	-	2	-	-	23	5	1.620'	[{'type': 'line', 'name': 'Market value', 'data': [{'y': 25000, 'verein': 'Unknown', 'age': '19', 'mw': '€25Th.', 'datum_mw': 'Oct 22, 2009', 'x': 1256162400000, 'marker': {'symbol': 'url(https://tmssl.akamaized.net/images/wappen/verysmall/75.png?lm=1456997316)'}}, {'y': 75000, 'verein': 'PFK Nyva Vinnytsya', 'age': '21', 'mw': '€75Th.', 'datum_mw': 'Apr 5, 2012', 'x': 1333576800000, 'marker': {'symbol': 'url(https://tmssl.akamaized.net/images/wappen/verysmall/20423.png?lm=1538340504)'}}, {'y': 75000, 'verein': 'Stal Alchevsk', 'age': '24', 'mw': '€75Th.', 'datum_mw': 'Oct 23, 2014', 'x': 1414015200000, 'marker': {'symbol': 'url(https://tmssl.akamaized.net/images/wappen/verysmall/10468.png?lm=1457444175)'}}, {'y': 75000, 'verein': 'Girnyk Kryvyi Rig', 'age': '25', 'mw': '€75Th.', 'datum_mw': 'Sep 26, 2015', 'x': 1443218400000, 'marker': {'symbol': 'url(https://tmssl.akamaized.net/images/wappen/verysmall/30698.png?lm=1532353899)'}}, {'y': 200000, 'verein': 'Zirka Kropyvnytskyi', 'age': '26', 'mw': '€200Th.', 'datum_mw': 'Jul 21, 2016', 'x': 1469052000000, 'marker': {'symbol': 'url(https://tmssl.akamaized.net/images/wappen/verysmall/8838.png?lm=1472073819)'}}, {'y': 100000, 'verein': 'Ingulets Petrove', 'age': '26', 'mw': '€100Th.', 'datum_mw': 'Feb 9, 2017', 'x': 1486594800000, 'marker': {'symbol': 'url(https://tmssl.akamaized.net/images/wappen/verysmall/49364_1505217810.png?lm=1505217810)'}}, {'y': 200000, 'verein': 'Ingulets Petrove', 'age': '27', 'mw': '€200Th.', 'datum_mw': 'Jan 4, 2018', 'x': 1515020400000, 'marker': {'symbol': 'url(https://tmssl.akamaized.net/images/wappen/verysmall/49364.png?lm=1505217715)'}}, {'y': 300000, 'verein': 'Ingulets Petrove', 'age': '28', 'mw': '€300Th.', 'datum_mw': 'May 27, 2018', 'x': 1527372000000, 'marker': {'symbol': 'url(https://tmssl.akamaized.net/images/wappen/verysmall/49364.png?lm=1505217715)'}}, {'y': 300000, 'verein': 'Ingulets Petrove', 'age': '28', 'mw': '€300Th.', 'datum_mw': 'Dec 2, 2018', 'x': 1543705200000, 'marker': {'symbol': 'url(https://tmssl.akamaized.net/images/wappen/verysmall/49364.png?lm=1505217715)'}}, {'y': 300000, 'verein': 'Beroe Stara Zagora', 'age': '29', 'mw': '€300Th.', 'datum_mw': 'Feb 2, 2020', 'x': 1580598000000, 'marker': {'symbol': 'url(https://tmssl.akamaized.net/images/wappen/verysmall/6764.png?lm=1416144905)'}}, {'y': 200000, 'verein': 'Beroe Stara Zagora', 'age': '29', 'mw': '€200Th.', 'datum_mw': 'Mar 9, 2020', 'x': 1583708400000, 'marker': {'symbol': 'url(https://tmssl.akamaized.net/images/wappen/verysmall/6764.png?lm=1416144905)'}}, {'y': 150000, 'verein': 'Beroe Stara Zagora', 'age': '30', 'mw': '€150Th.', 'datum_mw': 'Dec 21, 2020', 'x': 1608505200000, 'marker': {'symbol': 'url(https://tmssl.akamaized.net/images/wappen/verysmall/6764.png?lm=1416144905)'}}, {'y': 100000, 'verein': 'Beroe Stara Zagora', 'age': '31', 'mw': '€100Th.', 'datum_mw': 'Jun 17, 2021', 'x': 1623880800000, 'marker': {'symbol': 'url(https://tmssl.akamaized.net/images/wappen/verysmall/6764.png?lm=1416144905)'}}, {'y': 150000, 'verein': 'Beroe Stara Zagora', 'age': '31', 'mw': '€150Th.', 'datum_mw': 'Dec 8, 2021', 'x': 1638918000000, 'marker': {'symbol': 'url(https://tmssl.akamaized.net/images/wappen/verysmall/6764.png?lm=1416144905)'}}, {'y': 200000, 'verein': 'Beroe Stara Zagora', 'age': '32', 'mw': '€200Th.', 'datum_mw': 'May 31, 2022', 'x': 1653948000000, 'marker': {'symbol': 'url(https://tmssl.akamaized.net/images/wappen/verysmall/6764.png?lm=1416144905)'}}]}]									
Ivan Goshev	Иван Гошев	Jun 17, 2000		22	1,92 m	Bulgaria	Goalkeeper	right	Beroe Stara Zagora	Jul 1, 2018	Jun 30, 2023		0	29	29	1.07	-	-	-	1	4	-	-	45	6	2.568'	[{'type': 'line', 'name': 'Market value', 'data': [{'y': 50000, 'verein': 'Beroe Stara Zagora', 'age': '18', 'mw': '€50Th.', 'datum_mw': 'Jan 24, 2019', 'x': 1548284400000, 'marker': {'symbol': 'url(https://tmssl.akamaized.net/images/wappen/verysmall/6764.png?lm=1416144905)'}}, {'y': 100000, 'verein': 'Beroe Stara Zagora', 'age': '19', 'mw': '€100Th.', 'datum_mw': 'Jun 24, 2019', 'x': 1561327200000, 'marker': {'symbol': 'url(https://tmssl.akamaized.net/images/wappen/verysmall/6764.png?lm=1416144905)'}}, {'y': 100000, 'verein': 'Beroe Stara Zagora', 'age': '19', 'mw': '€100Th.', 'datum_mw': 'Feb 2, 2020', 'x': 1580598000000, 'marker': {'symbol': 'url(https://tmssl.akamaized.net/images/wappen/verysmall/6764.png?lm=1416144905)'}}, {'y': 100000, 'verein': 'Yantra Gabrovo', 'age': '20', 'mw': '€100Th.', 'datum_mw': 'Jan 26, 2021', 'x': 1611615600000, 'marker': {'symbol': 'url(https://tmssl.akamaized.net/images/wappen/verysmall/29268.png?lm=1615271367)'}}, {'y': 150000, 'verein': 'Yantra Gabrovo', 'age': '21', 'mw': '€150Th.', 'datum_mw': 'Jun 17, 2021', 'x': 1623880800000, 'marker': {'symbol': 'url(https://tmssl.akamaized.net/images/wappen/verysmall/29268.png?lm=1615271367)'}}, {'y': 100000, 'verein': 'Beroe Stara Zagora', 'age': '21', 'mw': '€100Th.', 'datum_mw': 'Oct 14, 2021', 'x': 1634162400000, 'marker': {'symbol': 'url(https://tmssl.akamaized.net/images/wappen/verysmall/6764.png?lm=1416144905)'}}, {'y': 100000, 'verein': 'Beroe Stara Zagora', 'age': '21', 'mw': '€100Th.', 'datum_mw': 'Dec 8, 2021', 'x': 1638918000000, 'marker': {'symbol': 'url(https://tmssl.akamaized.net/images/wappen/verysmall/6764.png?lm=1416144905)'}}, {'y': 100000, 'verein': 'Beroe Stara Zagora', 'age': '21', 'mw': '€100Th.', 'datum_mw': 'May 31, 2022', 'x': 1653948000000, 'marker': {'symbol': 'url(https://tmssl.akamaized.net/images/wappen/verysmall/6764.png?lm=1416144905)'}}]}]									
Syam Ben Youssef	صيام بن يوسف	Mar 31, 1989	Marseille	33	1,89 m	"Tunisia
  France"	Defender - Centre-Back	right	Beroe Stara Zagora	Feb 14, 2022	-		0	23	8	2.50	-	-	-	-	2	-	-			720'	[{'type': 'line', 'name': 'Market value', 'data': [{'y': 400000, 'verein': 'Esperance Tunis', 'age': '20', 'mw': '€400Th.', 'datum_mw': 'Feb 1, 2010', 'x': 1264978800000, 'marker': {'symbol': 'url(https://tmssl.akamaized.net/images/wappen/verysmall/3342.png?lm=1410782487)'}}, {'y': 500000, 'verein': 'Esperance Tunis', 'age': '21', 'mw': '€500Th.', 'datum_mw': 'Nov 22, 2010', 'x': 1290380400000, 'marker': {'symbol': 'url(https://tmssl.akamaized.net/images/wappen/verysmall/3342.png?lm=1410782487)'}}, {'y': 500000, 'verein': 'Astra Giurgiu', 'age': '23', 'mw': '€500Th.', 'datum_mw': 'Aug 21, 2012', 'x': 1345500000000, 'marker': {'symbol': 'url(https://tmssl.akamaized.net/images/wappen/verysmall/13499.png?lm=1486068435)'}}, {'y': 700000, 'verein': 'Astra Giurgiu', 'age': '23', 'mw': '€700Th.', 'datum_mw': 'Dec 12, 2012', 'x': 1355266800000, 'marker': {'symbol': 'url(https://tmssl.akamaized.net/images/wappen/verysmall/13499.png?lm=1486068435)'}}, {'y': 1000000, 'verein': 'Astra Giurgiu', 'age': '24', 'mw': '€1.00m', 'datum_mw': 'Jun 5, 2013', 'x': 1370383200000, 'marker': {'symbol': 'url(https://tmssl.akamaized.net/images/wappen/verysmall/13499.png?lm=1486068435)'}}, {'y': 1200000, 'verein': 'Astra Giurgiu', 'age': '24', 'mw': '€1.20m', 'datum_mw': 'Sep 13, 2013', 'x': 1379023200000, 'marker': {'symbol': 'url(https://tmssl.akamaized.net/images/wappen/verysmall/13499.png?lm=1486068435)'}}, {'y': 1300000, 'verein': 'Astra Giurgiu', 'age': '24', 'mw': '€1.30m', 'datum_mw': 'Dec 30, 2013', 'x': 1388358000000, 'marker': {'symbol': 'url(https://tmssl.akamaized.net/images/wappen/verysmall/13499.png?lm=1486068435)'}}, {'y': 1600000, 'verein': 'Astra Giurgiu', 'age': '25', 'mw': '€1.60m', 'datum_mw': 'Jun 12, 2014', 'x': 1402524000000, 'marker': {'symbol': 'url(https://tmssl.akamaized.net/images/wappen/verysmall/13499.png?lm=1486068435)'}}, {'y': 1600000, 'verein': 'Astra Giurgiu', 'age': '25', 'mw': '€1.60m', 'datum_mw': 'Dec 15, 2014', 'x': 1418598000000, 'marker': {'symbol': 'url(https://tmssl.akamaized.net/images/wappen/verysmall/13499.png?lm=1486068435)'}}, {'y': 1600000, 'verein': 'Astra Giurgiu', 'age': '26', 'mw': '€1.60m', 'datum_mw': 'Jun 1, 2015', 'x': 1433109600000, 'marker': {'symbol': 'url(https://tmssl.akamaized.net/images/wappen/verysmall/13499.png?lm=1486068435)'}}, {'y': 1500000, 'verein': 'SM Caen', 'age': '26', 'mw': '€1.50m', 'datum_mw': 'Sep 6, 2015', 'x': 1441490400000, 'marker': {'symbol': 'url(https://tmssl.akamaized.net/images/wappen/verysmall/1162_1465134668.png?lm=1465134668)'}}, {'y': 1750000, 'verein': 'SM Caen', 'age': '26', 'mw': '€1.75m', 'datum_mw': 'Feb 4, 2016', 'x': 1454540400000, 'marker': {'symbol': 'url(https://tmssl.akamaized.net/images/wappen/verysmall/1162_1465134668.png?lm=1465134668)'}}, {'y': 1750000, 'verein': 'SM Caen', 'age': '27', 'mw': '€1.75m', 'datum_mw': 'Jul 13, 2016', 'x': 1468360800000, 'marker': {'symbol': 'url(https://tmssl.akamaized.net/images/wappen/verysmall/1162.png?lm=1499703190)'}}, {'y': 1500000, 'verein': 'SM Caen', 'age': '27', 'mw': '€1.50m', 'datum_mw': 'Jan 16, 2017', 'x': 1484521200000, 'marker': {'symbol': 'url(https://tmssl.akamaized.net/images/wappen/verysmall/1162.png?lm=1499703190)'}}, {'y': 1250000, 'verein': 'SM Caen', 'age': '28', 'mw': '€1.25m', 'datum_mw': 'Jun 1, 2017', 'x': 1496268000000, 'marker': {'symbol': 'url(https://tmssl.akamaized.net/images/wappen/verysmall/1162.png?lm=1499703190)'}}, {'y': 850000, 'verein': 'Kasimpasa', 'age': '28', 'mw': '€850Th.', 'datum_mw': 'Feb 12, 2018', 'x': 1518390000000, 'marker': {'symbol': 'url(https://tmssl.akamaized.net/images/wappen/verysmall/10484.png?lm=1408653850)'}}, {'y': 800000, 'verein': 'Kasimpasa', 'age': '29', 'mw': '€800Th.', 'datum_mw': 'May 29, 2018', 'x': 1527544800000, 'marker': {'symbol': 'url(https://tmssl.akamaized.net/images/wappen/verysmall/10484.png?lm=1408653850)'}}, {'y': 1100000, 'verein': 'Kasimpasa', 'age': '29', 'mw': '€1.10m', 'datum_mw': 'Jan 4, 2019', 'x': 1546556400000, 'marker': {'symbol': 'url(https://tmssl.akamaized.net/images/wappen/verysmall/10484.png?lm=1408653850)'}}, {'y': 900000, 'verein': 'Kasimpasa', 'age': '30', 'mw': '€900Th.', 'datum_mw': 'Jun 4, 2019', 'x': 1559599200000, 'marker': {'symbol': 'url(https://tmssl.akamaized.net/images/wappen/verysmall/10484.png?lm=1408653850)'}}, {'y': 900000, 'verein': 'Kasimpasa', 'age': '30', 'mw': '€900Th.', 'datum_mw': 'Jan 3, 2020', 'x': 1578006000000, 'marker': {'symbol': 'url(https://tmssl.akamaized.net/images/wappen/verysmall/10484.png?lm=1408653850)'}}, {'y': 725000, 'verein': 'Denizlispor', 'age': '31', 'mw': '€725Th.', 'datum_mw': 'Apr 8, 2020', 'x': 1586296800000, 'marker': {'symbol': 'url(https://tmssl.akamaized.net/images/wappen/verysmall/833.png?lm=1415444729)'}}, {'y': 600000, 'verein': 'CFR Cluj', 'age': '31', 'mw': '€600Th.', 'datum_mw': 'Dec 18, 2020', 'x': 1608246000000, 'marker': {'symbol': 'url(https://tmssl.akamaized.net/images/wappen/verysmall/7769.png?lm=1414777942)'}}, {'y': 500000, 'verein': 'CFR Cluj', 'age': '32', 'mw': '€500Th.', 'datum_mw': 'Jun 3, 2021', 'x': 1622671200000, 'marker': {'symbol': 'url(https://tmssl.akamaized.net/images/wappen/verysmall/7769.png?lm=1414777942)'}}, {'y': 300000, 'verein': 'Without Club', 'age': '32', 'mw': '€300Th.', 'datum_mw': 'Oct 28, 2021', 'x': 1635372000000, 'marker': {'symbol': 'url(https://tmssl.akamaized.net/images/wappen/verysmall/515.png?lm=1456997255)'}}, {'y': 250000, 'verein': 'Beroe Stara Zagora', 'age': '33', 'mw': '€250Th.', 'datum_mw': 'Apr 5, 2022', 'x': 1649109600000, 'marker': {'symbol': 'url(https://tmssl.akamaized.net/images/wappen/verysmall/6764.png?lm=1416144905)'}}, {'y': 250000, 'verein': 'Beroe Stara Zagora', 'age': '33', 'mw': '€250Th.', 'datum_mw': 'May 31, 2022', 'x': 1653948000000, 'marker': {'symbol': 'url(https://tmssl.akamaized.net/images/wappen/verysmall/6764.png?lm=1416144905)'}}]}]	Relatives		-	-	-				
Amit Bitton	עמית ביטון	Jul 24, 1996	Beer Sheva	25	1,90 m	"Israel
  Portugal"	Defender - Centre-Back	right	Beroe Stara Zagora	Feb 22, 2022	-		0	12	7	0.71	-	-	3	2	1	-	-			370'	[{'type': 'line', 'name': 'Market value', 'data': [{'y': 350000, 'verein': 'FC Ashdod', 'age': '22', 'mw': '€350Th.', 'datum_mw': 'Nov 8, 2018', 'x': 1541631600000, 'marker': {'symbol': 'url(https://tmssl.akamaized.net/images/wappen/verysmall/6105.png?lm=1423260293)'}}, {'y': 300000, 'verein': 'Bnei Yehuda Tel Aviv', 'age': '22', 'mw': '€300Th.', 'datum_mw': 'Jun 28, 2019', 'x': 1561672800000, 'marker': {'symbol': 'url(https://tmssl.akamaized.net/images/wappen/verysmall/9095.png?lm=1568575421)'}}, {'y': 400000, 'verein': 'Hapoel Beer Sheva', 'age': '23', 'mw': '€400Th.', 'datum_mw': 'Dec 28, 2019', 'x': 1577487600000, 'marker': {'symbol': 'url(https://tmssl.akamaized.net/images/wappen/verysmall/2976.png?lm=1613028225)'}}, {'y': 325000, 'verein': 'Hapoel Beer Sheva', 'age': '23', 'mw': '€325Th.', 'datum_mw': 'Apr 8, 2020', 'x': 1586296800000, 'marker': {'symbol': 'url(https://tmssl.akamaized.net/images/wappen/verysmall/2976.png?lm=1613028225)'}}, {'y': 500000, 'verein': 'Hapoel Beer Sheva', 'age': '23', 'mw': '€500Th.', 'datum_mw': 'Jul 7, 2020', 'x': 1594072800000, 'marker': {'symbol': 'url(https://tmssl.akamaized.net/images/wappen/verysmall/2976.png?lm=1613028225)'}}, {'y': 500000, 'verein': 'Hapoel Beer Sheva', 'age': '24', 'mw': '€500Th.', 'datum_mw': 'Dec 26, 2020', 'x': 1608937200000, 'marker': {'symbol': 'url(https://tmssl.akamaized.net/images/wappen/verysmall/2976.png?lm=1613028225)'}}, {'y': 400000, 'verein': 'Hapoel Beer Sheva', 'age': '24', 'mw': '€400Th.', 'datum_mw': 'May 29, 2021', 'x': 1622239200000, 'marker': {'symbol': 'url(https://tmssl.akamaized.net/images/wappen/verysmall/2976.png?lm=1613028225)'}}, {'y': 300000, 'verein': 'Without Club', 'age': '25', 'mw': '€300Th.', 'datum_mw': 'Dec 31, 2021', 'x': 1640905200000, 'marker': {'symbol': 'url(https://tmssl.akamaized.net/images/wappen/verysmall/515.png?lm=1456997255)'}}, {'y': 250000, 'verein': 'Beroe Stara Zagora', 'age': '25', 'mw': '€250Th.', 'datum_mw': 'Apr 5, 2022', 'x': 1649109600000, 'marker': {'symbol': 'url(https://tmssl.akamaized.net/images/wappen/verysmall/6764.png?lm=1416144905)'}}, {'y': 200000, 'verein': 'Beroe Stara Zagora', 'age': '25', 'mw': '€200Th.', 'datum_mw': 'May 31, 2022', 'x': 1653948000000, 'marker': {'symbol': 'url(https://tmssl.akamaized.net/images/wappen/verysmall/6764.png?lm=1416144905)'}}]}]	Top Sport Services		-	-	-				
Miroslav Enchev	Мирослав Енчев	Aug 8, 1991	Stara Zagora	30	1,79 m	Bulgaria	Defender - Centre-Back	right	Beroe Stara Zagora	Jul 1, 2021	Jun 30, 2023		0	13	7	1.86	-	-	1	1	-	-	-			555'	[{'type': 'line', 'name': 'Market value', 'data': [{'y': 50000, 'verein': 'Unknown', 'age': '20', 'mw': '€50Th.', 'datum_mw': 'Nov 8, 2011', 'x': 1320706800000, 'marker': {'symbol': 'url(https://tmssl.akamaized.net/images/wappen/verysmall/75.png?lm=1456997316)'}}, {'y': 100000, 'verein': 'Unknown', 'age': '21', 'mw': '€100Th.', 'datum_mw': 'Aug 21, 2012', 'x': 1345500000000, 'marker': {'symbol': 'url(https://tmssl.akamaized.net/images/wappen/verysmall/75.png?lm=1456997316)'}}, {'y': 75000, 'verein': 'Botev Galabovo', 'age': '21', 'mw': '€75Th.', 'datum_mw': 'Jul 22, 2013', 'x': 1374444000000, 'marker': {'symbol': 'url(https://tmssl.akamaized.net/images/wappen/verysmall/35347.png?lm=1416146022)'}}, {'y': 35000, 'verein': 'Botev Galabovo', 'age': '24', 'mw': '€35Th.', 'datum_mw': 'Aug 9, 2015', 'x': 1439071200000, 'marker': {'symbol': 'url(https://tmssl.akamaized.net/images/wappen/verysmall/35347.png?lm=1416146022)'}}, {'y': 50000, 'verein': 'Vereya Stara Zagora', 'age': '24', 'mw': '€50Th.', 'datum_mw': 'Aug 7, 2016', 'x': 1470520800000, 'marker': {'symbol': 'url(https://tmssl.akamaized.net/images/wappen/verysmall/40456.png?lm=1416145989)'}}, {'y': 50000, 'verein': 'Vereya Stara Zagora', 'age': '25', 'mw': '€50Th.', 'datum_mw': 'Jan 28, 2017', 'x': 1485558000000, 'marker': {'symbol': 'url(https://tmssl.akamaized.net/images/wappen/verysmall/40456.png?lm=1416145989)'}}, {'y': 75000, 'verein': 'Vereya Stara Zagora', 'age': '26', 'mw': '€75Th.', 'datum_mw': 'Aug 23, 2017', 'x': 1503439200000, 'marker': {'symbol': 'url(https://tmssl.akamaized.net/images/wappen/verysmall/40456.png?lm=1416145989)'}}, {'y': 100000, 'verein': 'Cherno More Varna', 'age': '26', 'mw': '€100Th.', 'datum_mw': 'Feb 9, 2018', 'x': 1518130800000, 'marker': {'symbol': 'url(https://tmssl.akamaized.net/images/wappen/verysmall/967.png?lm=1416145122)'}}, {'y': 100000, 'verein': 'Cherno More Varna', 'age': '27', 'mw': '€100Th.', 'datum_mw': 'Sep 18, 2018', 'x': 1537221600000, 'marker': {'symbol': 'url(https://tmssl.akamaized.net/images/wappen/verysmall/967.png?lm=1416145122)'}}, {'y': 100000, 'verein': 'Cherno More Varna', 'age': '27', 'mw': '€100Th.', 'datum_mw': 'Jan 24, 2019', 'x': 1548284400000, 'marker': {'symbol': 'url(https://tmssl.akamaized.net/images/wappen/verysmall/967.png?lm=1416145122)'}}, {'y': 100000, 'verein': 'Cherno More Varna', 'age': '27', 'mw': '€100Th.', 'datum_mw': 'Jun 24, 2019', 'x': 1561327200000, 'marker': {'symbol': 'url(https://tmssl.akamaized.net/images/wappen/verysmall/967.png?lm=1416145122)'}}, {'y': 100000, 'verein': 'Cherno More Varna', 'age': '28', 'mw': '€100Th.', 'datum_mw': 'Feb 2, 2020', 'x': 1580598000000, 'marker': {'symbol': 'url(https://tmssl.akamaized.net/images/wappen/verysmall/967.png?lm=1416145122)'}}, {'y': 200000, 'verein': 'Cherno More Varna', 'age': '28', 'mw': '€200Th.', 'datum_mw': 'Mar 9, 2020', 'x': 1583708400000, 'marker': {'symbol': 'url(https://tmssl.akamaized.net/images/wappen/verysmall/967.png?lm=1416145122)'}}, {'y': 200000, 'verein': 'Cherno More Varna', 'age': '29', 'mw': '€200Th.', 'datum_mw': 'Dec 21, 2020', 'x': 1608505200000, 'marker': {'symbol': 'url(https://tmssl.akamaized.net/images/wappen/verysmall/967.png?lm=1416145122)'}}, {'y': 100000, 'verein': 'Cherno More Varna', 'age': '29', 'mw': '€100Th.', 'datum_mw': 'Jun 17, 2021', 'x': 1623880800000, 'marker': {'symbol': 'url(https://tmssl.akamaized.net/images/wappen/verysmall/967.png?lm=1416145122)'}}, {'y': 75000, 'verein': 'Beroe Stara Zagora', 'age': '30', 'mw': '€75Th.', 'datum_mw': 'Oct 14, 2021', 'x': 1634162400000, 'marker': {'symbol': 'url(https://tmssl.akamaized.net/images/wappen/verysmall/6764.png?lm=1416144905)'}}, {'y': 75000, 'verein': 'Beroe Stara Zagora', 'age': '30', 'mw': '€75Th.', 'datum_mw': 'Dec 8, 2021', 'x': 1638918000000, 'marker': {'symbol': 'url(https://tmssl.akamaized.net/images/wappen/verysmall/6764.png?lm=1416144905)'}}, {'y': 50000, 'verein': 'Beroe Stara Zagora', 'age': '30', 'mw': '€50Th.', 'datum_mw': 'May 31, 2022', 'x': 1653948000000, 'marker': {'symbol': 'url(https://tmssl.akamaized.net/images/wappen/verysmall/6764.png?lm=1416144905)'}}]}]			-	-	-				
Hristo Mitev	Христо Делчев Митев	Nov 30, 1999		22	1,88 m	Bulgaria	Defender - Left-Back	left	Beroe Stara Zagora	Jul 1, 2021	-		0	27	27	1.00	2	-	1	-	7	1	-			2.357'	[{'type': 'line', 'name': 'Market value', 'data': [{'y': 50000, 'verein': 'Yantra Gabrovo', 'age': '21', 'mw': '€50Th.', 'datum_mw': 'Jan 26, 2021', 'x': 1611615600000, 'marker': {'symbol': 'url(https://tmssl.akamaized.net/images/wappen/verysmall/29268.png?lm=1615271367)'}}, {'y': 100000, 'verein': 'Yantra Gabrovo', 'age': '21', 'mw': '€100Th.', 'datum_mw': 'Jun 17, 2021', 'x': 1623880800000, 'marker': {'symbol': 'url(https://tmssl.akamaized.net/images/wappen/verysmall/29268.png?lm=1615271367)'}}, {'y': 150000, 'verein': 'Beroe Stara Zagora', 'age': '21', 'mw': '€150Th.', 'datum_mw': 'Oct 14, 2021', 'x': 1634162400000, 'marker': {'symbol': 'url(https://tmssl.akamaized.net/images/wappen/verysmall/6764.png?lm=1416144905)'}}, {'y': 150000, 'verein': 'Beroe Stara Zagora', 'age': '22', 'mw': '€150Th.', 'datum_mw': 'Dec 8, 2021', 'x': 1638918000000, 'marker': {'symbol': 'url(https://tmssl.akamaized.net/images/wappen/verysmall/6764.png?lm=1416144905)'}}, {'y': 100000, 'verein': 'Beroe Stara Zagora', 'age': '22', 'mw': '€100Th.', 'datum_mw': 'May 31, 2022', 'x': 1653948000000, 'marker': {'symbol': 'url(https://tmssl.akamaized.net/images/wappen/verysmall/6764.png?lm=1416144905)'}}]}]			-	-	1.179'				
Georgi Dinkov	Георги Динков	May 20, 1991	Stara Zagora	31	1,86 m	Bulgaria	Defender - Left-Back	left	Beroe Stara Zagora	Jul 25, 2020	Jun 30, 2023		0	11	1			-	-	-	1	-	-			-	[{'type': 'line', 'name': 'Market value', 'data': [{'y': 50000, 'verein': 'Spartak Varna', 'age': '21', 'mw': '€50Th.', 'datum_mw': 'Aug 21, 2012', 'x': 1345500000000, 'marker': {'symbol': 'url(https://tmssl.akamaized.net/images/wappen/verysmall/9599.png?lm=1587882452)'}}, {'y': 100000, 'verein': 'Spartak Varna', 'age': '21', 'mw': '€100Th.', 'datum_mw': 'Nov 22, 2012', 'x': 1353538800000, 'marker': {'symbol': 'url(https://tmssl.akamaized.net/images/wappen/verysmall/9599.png?lm=1587882452)'}}, {'y': 150000, 'verein': 'Beroe Stara Zagora', 'age': '21', 'mw': '€150Th.', 'datum_mw': 'May 15, 2013', 'x': 1368568800000, 'marker': {'symbol': 'url(https://tmssl.akamaized.net/images/wappen/verysmall/6764.png?lm=1416144905)'}}, {'y': 100000, 'verein': 'Beroe Stara Zagora', 'age': '24', 'mw': '€100Th.', 'datum_mw': 'Jul 27, 2015', 'x': 1437948000000, 'marker': {'symbol': 'url(https://tmssl.akamaized.net/images/wappen/verysmall/6764.png?lm=1416144905)'}}, {'y': 100000, 'verein': 'Beroe Stara Zagora', 'age': '24', 'mw': '€100Th.', 'datum_mw': 'Dec 17, 2015', 'x': 1450306800000, 'marker': {'symbol': 'url(https://tmssl.akamaized.net/images/wappen/verysmall/6764.png?lm=1416144905)'}}, {'y': 100000, 'verein': 'Beroe Stara Zagora', 'age': '25', 'mw': '€100Th.', 'datum_mw': 'Aug 7, 2016', 'x': 1470520800000, 'marker': {'symbol': 'url(https://tmssl.akamaized.net/images/wappen/verysmall/6764.png?lm=1416144905)'}}, {'y': 100000, 'verein': 'Beroe Stara Zagora', 'age': '25', 'mw': '€100Th.', 'datum_mw': 'Jan 28, 2017', 'x': 1485558000000, 'marker': {'symbol': 'url(https://tmssl.akamaized.net/images/wappen/verysmall/6764.png?lm=1416144905)'}}, {'y': 125000, 'verein': 'Beroe Stara Zagora', 'age': '26', 'mw': '€125Th.', 'datum_mw': 'Aug 23, 2017', 'x': 1503439200000, 'marker': {'symbol': 'url(https://tmssl.akamaized.net/images/wappen/verysmall/6764.png?lm=1416144905)'}}, {'y': 150000, 'verein': 'Beroe Stara Zagora', 'age': '26', 'mw': '€150Th.', 'datum_mw': 'Feb 9, 2018', 'x': 1518130800000, 'marker': {'symbol': 'url(https://tmssl.akamaized.net/images/wappen/verysmall/6764.png?lm=1416144905)'}}, {'y': 150000, 'verein': 'Dunav Ruse', 'age': '27', 'mw': '€150Th.', 'datum_mw': 'Sep 18, 2018', 'x': 1537221600000, 'marker': {'symbol': 'url(https://tmssl.akamaized.net/images/wappen/verysmall/19780.png?lm=1655552549)'}}, {'y': 150000, 'verein': 'Dunav Ruse', 'age': '27', 'mw': '€150Th.', 'datum_mw': 'Jan 24, 2019', 'x': 1548284400000, 'marker': {'symbol': 'url(https://tmssl.akamaized.net/images/wappen/verysmall/19780.png?lm=1655552549)'}}, {'y': 150000, 'verein': 'Dunav Ruse', 'age': '28', 'mw': '€150Th.', 'datum_mw': 'Jun 24, 2019', 'x': 1561327200000, 'marker': {'symbol': 'url(https://tmssl.akamaized.net/images/wappen/verysmall/19780.png?lm=1655552549)'}}, {'y': 100000, 'verein': 'Beroe Stara Zagora', 'age': '29', 'mw': '€100Th.', 'datum_mw': 'Dec 21, 2020', 'x': 1608505200000, 'marker': {'symbol': 'url(https://tmssl.akamaized.net/images/wappen/verysmall/6764.png?lm=1416144905)'}}, {'y': 25000, 'verein': 'Beroe Stara Zagora', 'age': '30', 'mw': '€25Th.', 'datum_mw': 'Jun 17, 2021', 'x': 1623880800000, 'marker': {'symbol': 'url(https://tmssl.akamaized.net/images/wappen/verysmall/6764.png?lm=1416144905)'}}, {'y': 25000, 'verein': 'Beroe Stara Zagora', 'age': '30', 'mw': '€25Th.', 'datum_mw': 'Dec 8, 2021', 'x': 1638918000000, 'marker': {'symbol': 'url(https://tmssl.akamaized.net/images/wappen/verysmall/6764.png?lm=1416144905)'}}, {'y': 100000, 'verein': 'Beroe Stara Zagora', 'age': '31', 'mw': '€100Th.', 'datum_mw': 'May 31, 2022', 'x': 1653948000000, 'marker': {'symbol': 'url(https://tmssl.akamaized.net/images/wappen/verysmall/6764.png?lm=1416144905)'}}]}]			-	-	-				
Steeve Furtado		Nov 22, 1994	Creil	27	1,75 m	"Cape Verde
  France"	Defender - Right-Back	right	Beroe Stara Zagora	Jan 28, 2020	Jun 30, 2022		0	27	26	1.42	-	6	-	2	8	-	1			2.330'	[{'type': 'line', 'name': 'Market value', 'data': [{'y': 125000, 'verein': 'US Créteil-Lusitanos', 'age': '22', 'mw': '€125Th.', 'datum_mw': 'Feb 20, 2017', 'x': 1487545200000, 'marker': {'symbol': 'url(https://tmssl.akamaized.net/images/wappen/verysmall/2067.png?lm=1434362616)'}}, {'y': 300000, 'verein': 'US Orléans', 'age': '23', 'mw': '€300Th.', 'datum_mw': 'May 16, 2018', 'x': 1526421600000, 'marker': {'symbol': 'url(https://tmssl.akamaized.net/images/wappen/verysmall/10868.png?lm=1459609692)'}}, {'y': 300000, 'verein': 'US Orléans', 'age': '24', 'mw': '€300Th.', 'datum_mw': 'Jan 8, 2019', 'x': 1546902000000, 'marker': {'symbol': 'url(https://tmssl.akamaized.net/images/wappen/verysmall/10868.png?lm=1459609692)'}}, {'y': 300000, 'verein': 'US Orléans', 'age': '24', 'mw': '€300Th.', 'datum_mw': 'Jun 27, 2019', 'x': 1561586400000, 'marker': {'symbol': 'url(https://tmssl.akamaized.net/images/wappen/verysmall/10868.png?lm=1459609692)'}}, {'y': 300000, 'verein': 'Beroe Stara Zagora', 'age': '25', 'mw': '€300Th.', 'datum_mw': 'Feb 2, 2020', 'x': 1580598000000, 'marker': {'symbol': 'url(https://tmssl.akamaized.net/images/wappen/verysmall/6764.png?lm=1416144905)'}}, {'y': 200000, 'verein': 'Beroe Stara Zagora', 'age': '25', 'mw': '€200Th.', 'datum_mw': 'Mar 9, 2020', 'x': 1583708400000, 'marker': {'symbol': 'url(https://tmssl.akamaized.net/images/wappen/verysmall/6764.png?lm=1416144905)'}}, {'y': 300000, 'verein': 'Beroe Stara Zagora', 'age': '26', 'mw': '€300Th.', 'datum_mw': 'Dec 21, 2020', 'x': 1608505200000, 'marker': {'symbol': 'url(https://tmssl.akamaized.net/images/wappen/verysmall/6764.png?lm=1416144905)'}}, {'y': 250000, 'verein': 'Beroe Stara Zagora', 'age': '26', 'mw': '€250Th.', 'datum_mw': 'Jun 17, 2021', 'x': 1623880800000, 'marker': {'symbol': 'url(https://tmssl.akamaized.net/images/wappen/verysmall/6764.png?lm=1416144905)'}}, {'y': 275000, 'verein': 'Beroe Stara Zagora', 'age': '27', 'mw': '€275Th.', 'datum_mw': 'Dec 8, 2021', 'x': 1638918000000, 'marker': {'symbol': 'url(https://tmssl.akamaized.net/images/wappen/verysmall/6764.png?lm=1416144905)'}}, {'y': 300000, 'verein': 'Beroe Stara Zagora', 'age': '27', 'mw': '€300Th.', 'datum_mw': 'May 31, 2022', 'x': 1653948000000, 'marker': {'symbol': 'url(https://tmssl.akamaized.net/images/wappen/verysmall/6764.png?lm=1416144905)'}}]}]	turfu zone		-	-	-				
Johnathan		Apr 4, 1995	Goiânia	27	1,76 m	Brazil	Defender - Right-Back	right	Beroe Stara Zagora	Sep 7, 2021	-		0	19	19	1.11	2	-	2	5	5	2	-			1.401'	[{'type': 'line', 'name': 'Market value', 'data': [{'y': 150000, 'verein': 'Goiás Esporte Clube B', 'age': '21', 'mw': '€150Th.', 'datum_mw': 'May 27, 2016', 'x': 1464300000000, 'marker': {'symbol': 'url(https://tmssl.akamaized.net/images/wappen/verysmall/16667.png?lm=1412879713)'}}, {'y': 300000, 'verein': 'Goiás Esporte Clube B', 'age': '21', 'mw': '€300Th.', 'datum_mw': 'Jul 23, 2016', 'x': 1469224800000, 'marker': {'symbol': 'url(https://tmssl.akamaized.net/images/wappen/verysmall/16667.png?lm=1412879713)'}}, {'y': 300000, 'verein': 'Goiás Esporte Clube B', 'age': '21', 'mw': '€300Th.', 'datum_mw': 'Nov 28, 2016', 'x': 1480287600000, 'marker': {'symbol': 'url(https://tmssl.akamaized.net/images/wappen/verysmall/16667.png?lm=1412879713)'}}, {'y': 300000, 'verein': 'PFK Stal Kamyanske (-2018)', 'age': '23', 'mw': '€300Th.', 'datum_mw': 'May 14, 2018', 'x': 1526248800000, 'marker': {'symbol': 'url(https://tmssl.akamaized.net/images/wappen/verysmall/16247.png?lm=1468413607)'}}, {'y': 450000, 'verein': 'Botev Plovdiv', 'age': '23', 'mw': '€450Th.', 'datum_mw': 'Jan 24, 2019', 'x': 1548284400000, 'marker': {'symbol': 'url(https://tmssl.akamaized.net/images/wappen/verysmall/2531.png?lm=1497946814)'}}, {'y': 450000, 'verein': 'Botev Plovdiv', 'age': '24', 'mw': '€450Th.', 'datum_mw': 'Jun 24, 2019', 'x': 1561327200000, 'marker': {'symbol': 'url(https://tmssl.akamaized.net/images/wappen/verysmall/2531.png?lm=1497946814)'}}, {'y': 450000, 'verein': 'Botev Plovdiv', 'age': '24', 'mw': '€450Th.', 'datum_mw': 'Feb 2, 2020', 'x': 1580598000000, 'marker': {'symbol': 'url(https://tmssl.akamaized.net/images/wappen/verysmall/2531.png?lm=1497946814)'}}, {'y': 400000, 'verein': 'Botev Plovdiv', 'age': '24', 'mw': '€400Th.', 'datum_mw': 'Mar 9, 2020', 'x': 1583708400000, 'marker': {'symbol': 'url(https://tmssl.akamaized.net/images/wappen/verysmall/2531.png?lm=1497946814)'}}, {'y': 325000, 'verein': 'Botev Plovdiv', 'age': '25', 'mw': '€325Th.', 'datum_mw': 'Apr 8, 2020', 'x': 1586296800000, 'marker': {'symbol': 'url(https://tmssl.akamaized.net/images/wappen/verysmall/2531.png?lm=1497946814)'}}, {'y': 300000, 'verein': 'Botev Plovdiv', 'age': '25', 'mw': '€300Th.', 'datum_mw': 'Dec 21, 2020', 'x': 1608505200000, 'marker': {'symbol': 'url(https://tmssl.akamaized.net/images/wappen/verysmall/2531.png?lm=1497946814)'}}, {'y': 200000, 'verein': 'Botev Plovdiv', 'age': '26', 'mw': '€200Th.', 'datum_mw': 'Jun 17, 2021', 'x': 1623880800000, 'marker': {'symbol': 'url(https://tmssl.akamaized.net/images/wappen/verysmall/2531.png?lm=1497946814)'}}, {'y': 200000, 'verein': 'Beroe Stara Zagora', 'age': '26', 'mw': '€200Th.', 'datum_mw': 'Dec 8, 2021', 'x': 1638918000000, 'marker': {'symbol': 'url(https://tmssl.akamaized.net/images/wappen/verysmall/6764.png?lm=1416144905)'}}, {'y': 250000, 'verein': 'Beroe Stara Zagora', 'age': '27', 'mw': '€250Th.', 'datum_mw': 'Apr 5, 2022', 'x': 1649109600000, 'marker': {'symbol': 'url(https://tmssl.akamaized.net/images/wappen/verysmall/6764.png?lm=1416144905)'}}, {'y': 250000, 'verein': 'Beroe Stara Zagora', 'age': '27', 'mw': '€250Th.', 'datum_mw': 'May 31, 2022', 'x': 1653948000000, 'marker': {'symbol': 'url(https://tmssl.akamaized.net/images/wappen/verysmall/6764.png?lm=1416144905)'}}]}]			-	-	701'	Johnathan Carlos Pereira			
Dzhuneyt Ali	Джунейт Али	Sep 5, 1994	Kardzhali	27	1,74 m	Bulgaria	Defender - Right-Back	right	Beroe Stara Zagora	Jul 1, 2020	-		0	28	12	1.25	-	-	7	3	2	-	-			503'	[{'type': 'line', 'name': 'Market value', 'data': [{'y': 35000, 'verein': 'Vereya Stara Zagora', 'age': '20', 'mw': '€35Th.', 'datum_mw': 'Aug 10, 2015', 'x': 1439157600000, 'marker': {'symbol': 'url(https://tmssl.akamaized.net/images/wappen/verysmall/40456.png?lm=1416145989)'}}, {'y': 35000, 'verein': 'Beroe Stara Zagora', 'age': '26', 'mw': '€35Th.', 'datum_mw': 'Dec 21, 2020', 'x': 1608505200000, 'marker': {'symbol': 'url(https://tmssl.akamaized.net/images/wappen/verysmall/6764.png?lm=1416144905)'}}, {'y': 50000, 'verein': 'Beroe Stara Zagora', 'age': '26', 'mw': '€50Th.', 'datum_mw': 'Jun 17, 2021', 'x': 1623880800000, 'marker': {'symbol': 'url(https://tmssl.akamaized.net/images/wappen/verysmall/6764.png?lm=1416144905)'}}, {'y': 75000, 'verein': 'Beroe Stara Zagora', 'age': '27', 'mw': '€75Th.', 'datum_mw': 'Oct 14, 2021', 'x': 1634162400000, 'marker': {'symbol': 'url(https://tmssl.akamaized.net/images/wappen/verysmall/6764.png?lm=1416144905)'}}, {'y': 75000, 'verein': 'Beroe Stara Zagora', 'age': '27', 'mw': '€75Th.', 'datum_mw': 'Dec 8, 2021', 'x': 1638918000000, 'marker': {'symbol': 'url(https://tmssl.akamaized.net/images/wappen/verysmall/6764.png?lm=1416144905)'}}, {'y': 100000, 'verein': 'Beroe Stara Zagora', 'age': '27', 'mw': '€100Th.', 'datum_mw': 'May 31, 2022', 'x': 1653948000000, 'marker': {'symbol': 'url(https://tmssl.akamaized.net/images/wappen/verysmall/6764.png?lm=1416144905)'}}]}]	Milen Georgiev		-	-	-				
Kevin Tapoko		Apr 13, 1994	Laval	28	1,97 m	"France
  Cameroon"	midfield - Defensive Midfield	right	Beroe Stara Zagora	Feb 6, 2022	Jun 30, 2022		0	29	27	1.63	1	-	16	10	6	-	-			1.036'	[{'type': 'line', 'name': 'Market value', 'data': [{'y': 50000, 'verein': 'FC Lausanne-Sport', 'age': '18', 'mw': '€50Th.', 'datum_mw': 'Sep 5, 2012', 'x': 1346796000000, 'marker': {'symbol': 'url(https://tmssl.akamaized.net/images/wappen/verysmall/527_1517157128.png?lm=1517157128)'}}, {'y': 50000, 'verein': 'FC Lausanne-Sport', 'age': '19', 'mw': '€50Th.', 'datum_mw': 'Jun 17, 2013', 'x': 1371420000000, 'marker': {'symbol': 'url(https://tmssl.akamaized.net/images/wappen/verysmall/527_1517157128.png?lm=1517157128)'}}, {'y': 200000, 'verein': 'Oud-Heverlee Leuven', 'age': '20', 'mw': '€200Th.', 'datum_mw': 'Feb 3, 2015', 'x': 1422918000000, 'marker': {'symbol': 'url(https://tmssl.akamaized.net/images/wappen/verysmall/2727.png?lm=1590652362)'}}, {'y': 250000, 'verein': 'Mouscron-Péruwelz', 'age': '21', 'mw': '€250Th.', 'datum_mw': 'Feb 7, 2016', 'x': 1454799600000, 'marker': {'symbol': 'url(https://tmssl.akamaized.net/images/wappen/verysmall/29228_1463735900.png?lm=1463735900)'}}, {'y': 250000, 'verein': 'Without Club', 'age': '22', 'mw': '€250Th.', 'datum_mw': 'Jul 15, 2016', 'x': 1468533600000, 'marker': {'symbol': 'url(https://tmssl.akamaized.net/images/wappen/verysmall/515.png?lm=1456997255)'}}, {'y': 0, 'verein': 'White Star Brussels (- 2017)', 'age': '22', 'mw': '-', 'datum_mw': 'Sep 15, 2016', 'x': 1473890400000, 'marker': {'symbol': 'url(https://tmssl.akamaized.net/images/wappen/verysmall/6342.png?lm=1406320284)'}}, {'y': 150000, 'verein': 'Panionios Athens', 'age': '22', 'mw': '€150Th.', 'datum_mw': 'Feb 11, 2017', 'x': 1486767600000, 'marker': {'symbol': 'url(https://tmssl.akamaized.net/images/wappen/verysmall/169.png?lm=1401606183)'}}, {'y': 200000, 'verein': 'Panionios Athens', 'age': '23', 'mw': '€200Th.', 'datum_mw': 'May 11, 2017', 'x': 1494453600000, 'marker': {'symbol': 'url(https://tmssl.akamaized.net/images/wappen/verysmall/169.png?lm=1401606183)'}}, {'y': 200000, 'verein': 'Panionios Athens', 'age': '23', 'mw': '€200Th.', 'datum_mw': 'Dec 18, 2017', 'x': 1513551600000, 'marker': {'symbol': 'url(https://tmssl.akamaized.net/images/wappen/verysmall/169.png?lm=1401606183)'}}, {'y': 200000, 'verein': 'Aris Limassol', 'age': '24', 'mw': '€200Th.', 'datum_mw': 'Apr 26, 2018', 'x': 1524693600000, 'marker': {'symbol': 'url(https://tmssl.akamaized.net/images/wappen/verysmall/10586.png?lm=1418121622)'}}, {'y': 200000, 'verein': 'Hapoel Hadera', 'age': '24', 'mw': '€200Th.', 'datum_mw': 'Nov 8, 2018', 'x': 1541631600000, 'marker': {'symbol': 'url(https://tmssl.akamaized.net/images/wappen/verysmall/51931.png?lm=1455345876)'}}, {'y': 500000, 'verein': 'Hapoel Beer Sheva', 'age': '25', 'mw': '€500Th.', 'datum_mw': 'Jun 28, 2019', 'x': 1561672800000, 'marker': {'symbol': 'url(https://tmssl.akamaized.net/images/wappen/verysmall/2976.png?lm=1613028225)'}}, {'y': 250000, 'verein': 'Hapoel Haifa', 'age': '25', 'mw': '€250Th.', 'datum_mw': 'Dec 28, 2019', 'x': 1577487600000, 'marker': {'symbol': 'url(https://tmssl.akamaized.net/images/wappen/verysmall/810.png?lm=1408745643)'}}, {'y': 250000, 'verein': 'Hapoel Haifa', 'age': '26', 'mw': '€250Th.', 'datum_mw': 'Jul 7, 2020', 'x': 1594072800000, 'marker': {'symbol': 'url(https://tmssl.akamaized.net/images/wappen/verysmall/810.png?lm=1408745643)'}}, {'y': 300000, 'verein': 'Grenoble Foot 38', 'age': '26', 'mw': '€300Th.', 'datum_mw': 'Nov 11, 2020', 'x': 1605049200000, 'marker': {'symbol': 'url(https://tmssl.akamaized.net/images/wappen/verysmall/1290.png?lm=1447593110)'}}, {'y': 400000, 'verein': 'Grenoble Foot 38', 'age': '27', 'mw': '€400Th.', 'datum_mw': 'Jun 25, 2021', 'x': 1624572000000, 'marker': {'symbol': 'url(https://tmssl.akamaized.net/images/wappen/verysmall/1290.png?lm=1447593110)'}}, {'y': 400000, 'verein': 'Hapoel Haifa', 'age': '27', 'mw': '€400Th.', 'datum_mw': 'Dec 31, 2021', 'x': 1640905200000, 'marker': {'symbol': 'url(https://tmssl.akamaized.net/images/wappen/verysmall/810.png?lm=1408745643)'}}, {'y': 350000, 'verein': 'Beroe Stara Zagora', 'age': '28', 'mw': '€350Th.', 'datum_mw': 'May 31, 2022', 'x': 1653948000000, 'marker': {'symbol': 'url(https://tmssl.akamaized.net/images/wappen/verysmall/6764.png?lm=1416144905)'}}]}]	JSA sports career management		-	-	1.036'		Hapoel Haifa	-	
Simeon Mechev	Симеон Мечев	Mar 16, 1990	Stara Zagora	32	1,75 m	Bulgaria	midfield - Defensive Midfield	left	Beroe Stara Zagora	Jul 1, 2021	Jun 30, 2023		0	27	27	1.00	1	1	8	8	4	-	-			1.772'	[{'type': 'line', 'name': 'Market value', 'data': [{'y': 50000, 'verein': 'Montana', 'age': '19', 'mw': '€50Th.', 'datum_mw': 'Feb 16, 2010', 'x': 1266274800000, 'marker': {'symbol': 'url(https://tmssl.akamaized.net/images/wappen/verysmall/24078_1629872422.png?lm=1629872422)'}}, {'y': 100000, 'verein': 'Slavia Sofia', 'age': '20', 'mw': '€100Th.', 'datum_mw': 'Dec 28, 2010', 'x': 1293490800000, 'marker': {'symbol': 'url(https://tmssl.akamaized.net/images/wappen/verysmall/675_1427643514.png?lm=1427643514)'}}, {'y': 200000, 'verein': 'Botev Vratsa', 'age': '21', 'mw': '€200Th.', 'datum_mw': 'Feb 21, 2012', 'x': 1329778800000, 'marker': {'symbol': 'url(https://tmssl.akamaized.net/images/wappen/verysmall/26462_1652122868.png?lm=1652122869)'}}, {'y': 50000, 'verein': 'Neftochimik Burgas', 'age': '25', 'mw': '€50Th.', 'datum_mw': 'Aug 10, 2015', 'x': 1439157600000, 'marker': {'symbol': 'url(https://tmssl.akamaized.net/images/wappen/verysmall/760.png?lm=1443373839)'}}, {'y': 50000, 'verein': 'Lokomotiv Gorna Oryahovitsa', 'age': '26', 'mw': '€50Th.', 'datum_mw': 'Aug 7, 2016', 'x': 1470520800000, 'marker': {'symbol': 'url(https://tmssl.akamaized.net/images/wappen/verysmall/36821.png?lm=1416146073)'}}, {'y': 50000, 'verein': 'Lokomotiv Gorna Oryahovitsa', 'age': '26', 'mw': '€50Th.', 'datum_mw': 'Jan 28, 2017', 'x': 1485558000000, 'marker': {'symbol': 'url(https://tmssl.akamaized.net/images/wappen/verysmall/36821.png?lm=1416146073)'}}, {'y': 50000, 'verein': 'Vereya Stara Zagora', 'age': '28', 'mw': '€50Th.', 'datum_mw': 'Sep 18, 2018', 'x': 1537221600000, 'marker': {'symbol': 'url(https://tmssl.akamaized.net/images/wappen/verysmall/40456.png?lm=1416145989)'}}, {'y': 50000, 'verein': 'Botev Vratsa', 'age': '28', 'mw': '€50Th.', 'datum_mw': 'Jan 24, 2019', 'x': 1548284400000, 'marker': {'symbol': 'url(https://tmssl.akamaized.net/images/wappen/verysmall/26462_1652122868.png?lm=1652122869)'}}, {'y': 100000, 'verein': 'Botev Vratsa', 'age': '29', 'mw': '€100Th.', 'datum_mw': 'Jun 24, 2019', 'x': 1561327200000, 'marker': {'symbol': 'url(https://tmssl.akamaized.net/images/wappen/verysmall/26462_1652122868.png?lm=1652122869)'}}, {'y': 100000, 'verein': 'Botev Vratsa', 'age': '29', 'mw': '€100Th.', 'datum_mw': 'Feb 2, 2020', 'x': 1580598000000, 'marker': {'symbol': 'url(https://tmssl.akamaized.net/images/wappen/verysmall/26462_1652122868.png?lm=1652122869)'}}, {'y': 100000, 'verein': 'Etar Veliko Tarnovo', 'age': '31', 'mw': '€100Th.', 'datum_mw': 'Jun 17, 2021', 'x': 1623880800000, 'marker': {'symbol': 'url(https://tmssl.akamaized.net/images/wappen/verysmall/712.png?lm=1443041548)'}}, {'y': 150000, 'verein': 'Beroe Stara Zagora', 'age': '31', 'mw': '€150Th.', 'datum_mw': 'Oct 14, 2021', 'x': 1634162400000, 'marker': {'symbol': 'url(https://tmssl.akamaized.net/images/wappen/verysmall/6764.png?lm=1416144905)'}}, {'y': 150000, 'verein': 'Beroe Stara Zagora', 'age': '31', 'mw': '€150Th.', 'datum_mw': 'Dec 8, 2021', 'x': 1638918000000, 'marker': {'symbol': 'url(https://tmssl.akamaized.net/images/wappen/verysmall/6764.png?lm=1416144905)'}}, {'y': 100000, 'verein': 'Beroe Stara Zagora', 'age': '32', 'mw': '€100Th.', 'datum_mw': 'May 31, 2022', 'x': 1653948000000, 'marker': {'symbol': 'url(https://tmssl.akamaized.net/images/wappen/verysmall/6764.png?lm=1416144905)'}}]}]			-	-	1.772'				
Bozhidar Penchev	Божидар Красимиров Пенчев	Mar 17, 2002		20		Bulgaria	midfield - Central Midfield	right	Beroe Stara Zagora	Jan 7, 2021	Jun 30, 2022		0	4	1			-	-	1	-	-	-			-	[{'type': 'line', 'name': 'Market value', 'data': [{'y': 25000, 'verein': 'Beroe Stara Zagora', 'age': '19', 'mw': '€25Th.', 'datum_mw': 'Jun 17, 2021', 'x': 1623880800000, 'marker': {'symbol': 'url(https://tmssl.akamaized.net/images/wappen/verysmall/6764.png?lm=1416144905)'}}, {'y': 25000, 'verein': 'Beroe Stara Zagora', 'age': '19', 'mw': '€25Th.', 'datum_mw': 'Dec 8, 2021', 'x': 1638918000000, 'marker': {'symbol': 'url(https://tmssl.akamaized.net/images/wappen/verysmall/6764.png?lm=1416144905)'}}, {'y': 25000, 'verein': 'Beroe Stara Zagora', 'age': '20', 'mw': '€25Th.', 'datum_mw': 'May 31, 2022', 'x': 1653948000000, 'marker': {'symbol': 'url(https://tmssl.akamaized.net/images/wappen/verysmall/6764.png?lm=1416144905)'}}]}]			-	-	-				
Davide Mariani	Davide Graziano Mariani	May 19, 1991	Zürich	31	1,76 m	"Switzerland
  Italy"	midfield - Attacking Midfield	right	Beroe Stara Zagora	Feb 22, 2022	Jun 30, 2022		0	29	29	1.62	3	9	2	16	6	-	-			2.349'	[{'type': 'line', 'name': 'Market value', 'data': [{'y': 50000, 'verein': 'Unknown', 'age': '20', 'mw': '€50Th.', 'datum_mw': 'Feb 25, 2012', 'x': 1330124400000, 'marker': {'symbol': 'url(https://tmssl.akamaized.net/images/wappen/verysmall/75.png?lm=1456997316)'}}, {'y': 50000, 'verein': 'Unknown', 'age': '21', 'mw': '€50Th.', 'datum_mw': 'Jun 2, 2012', 'x': 1338588000000, 'marker': {'symbol': 'url(https://tmssl.akamaized.net/images/wappen/verysmall/75.png?lm=1456997316)'}}, {'y': 200000, 'verein': 'FC Zürich', 'age': '21', 'mw': '€200Th.', 'datum_mw': 'Jan 5, 2013', 'x': 1357340400000, 'marker': {'symbol': 'url(https://tmssl.akamaized.net/images/wappen/verysmall/260.png?lm=1635511071)'}}, {'y': 200000, 'verein': 'FC Zürich', 'age': '22', 'mw': '€200Th.', 'datum_mw': 'Jun 17, 2013', 'x': 1371420000000, 'marker': {'symbol': 'url(https://tmssl.akamaized.net/images/wappen/verysmall/260.png?lm=1635511071)'}}, {'y': 300000, 'verein': 'FC Zürich', 'age': '22', 'mw': '€300Th.', 'datum_mw': 'Nov 26, 2013', 'x': 1385420400000, 'marker': {'symbol': 'url(https://tmssl.akamaized.net/images/wappen/verysmall/260.png?lm=1635511071)'}}, {'y': 300000, 'verein': 'FC Schaffhausen', 'age': '23', 'mw': '€300Th.', 'datum_mw': 'Sep 12, 2014', 'x': 1410472800000, 'marker': {'symbol': 'url(https://tmssl.akamaized.net/images/wappen/verysmall/1277.png?lm=1413799934)'}}, {'y': 400000, 'verein': 'FC Schaffhausen', 'age': '23', 'mw': '€400Th.', 'datum_mw': 'Dec 15, 2014', 'x': 1418598000000, 'marker': {'symbol': 'url(https://tmssl.akamaized.net/images/wappen/verysmall/1277.png?lm=1413799934)'}}, {'y': 500000, 'verein': 'FC Schaffhausen', 'age': '24', 'mw': '€500Th.', 'datum_mw': 'Dec 22, 2015', 'x': 1450738800000, 'marker': {'symbol': 'url(https://tmssl.akamaized.net/images/wappen/verysmall/1277.png?lm=1413799934)'}}, {'y': 500000, 'verein': 'FC Lugano', 'age': '25', 'mw': '€500Th.', 'datum_mw': 'Jul 16, 2016', 'x': 1468620000000, 'marker': {'symbol': 'url(https://tmssl.akamaized.net/images/wappen/verysmall/2790_1528219644.png?lm=1528219643)'}}, {'y': 500000, 'verein': 'FC Lugano', 'age': '25', 'mw': '€500Th.', 'datum_mw': 'Dec 20, 2016', 'x': 1482188400000, 'marker': {'symbol': 'url(https://tmssl.akamaized.net/images/wappen/verysmall/2790_1528219644.png?lm=1528219643)'}}, {'y': 1000000, 'verein': 'FC Lugano', 'age': '26', 'mw': '€1.00m', 'datum_mw': 'Jul 12, 2017', 'x': 1499810400000, 'marker': {'symbol': 'url(https://tmssl.akamaized.net/images/wappen/verysmall/2790_1528219644.png?lm=1528219643)'}}, {'y': 1500000, 'verein': 'FC Lugano', 'age': '26', 'mw': '€1.50m', 'datum_mw': 'Jan 8, 2018', 'x': 1515366000000, 'marker': {'symbol': 'url(https://tmssl.akamaized.net/images/wappen/verysmall/2790_1528219644.png?lm=1528219643)'}}, {'y': 1500000, 'verein': 'FC Lugano', 'age': '26', 'mw': '€1.50m', 'datum_mw': 'Apr 24, 2018', 'x': 1524520800000, 'marker': {'symbol': 'url(https://tmssl.akamaized.net/images/wappen/verysmall/2790_1528219644.png?lm=1528219643)'}}, {'y': 1500000, 'verein': 'Levski Sofia', 'age': '27', 'mw': '€1.50m', 'datum_mw': 'Sep 18, 2018', 'x': 1537221600000, 'marker': {'symbol': 'url(https://tmssl.akamaized.net/images/wappen/verysmall/156.png?lm=1517128698)'}}, {'y': 1750000, 'verein': 'Levski Sofia', 'age': '27', 'mw': '€1.75m', 'datum_mw': 'Jan 24, 2019', 'x': 1548284400000, 'marker': {'symbol': 'url(https://tmssl.akamaized.net/images/wappen/verysmall/156.png?lm=1517128698)'}}, {'y': 2250000, 'verein': 'Levski Sofia', 'age': '28', 'mw': '€2.25m', 'datum_mw': 'Jun 24, 2019', 'x': 1561327200000, 'marker': {'symbol': 'url(https://tmssl.akamaized.net/images/wappen/verysmall/156.png?lm=1517128698)'}}, {'y': 2000000, 'verein': 'FC Shabab Al-Ahli Dubai', 'age': '28', 'mw': '€2.00m', 'datum_mw': 'Nov 14, 2019', 'x': 1573686000000, 'marker': {'symbol': 'url(https://tmssl.akamaized.net/images/wappen/verysmall/60529.png?lm=1497736781)'}}, {'y': 1600000, 'verein': 'FC Shabab Al-Ahli Dubai', 'age': '28', 'mw': '€1.60m', 'datum_mw': 'Apr 8, 2020', 'x': 1586296800000, 'marker': {'symbol': 'url(https://tmssl.akamaized.net/images/wappen/verysmall/60529.png?lm=1497736781)'}}, {'y': 1500000, 'verein': 'Al-Ittihad Kalba SC', 'age': '29', 'mw': '€1.50m', 'datum_mw': 'Dec 4, 2020', 'x': 1607036400000, 'marker': {'symbol': 'url(https://tmssl.akamaized.net/images/wappen/verysmall/38040.png?lm=1407566120)'}}, {'y': 1700000, 'verein': 'Al-Ittihad Kalba SC', 'age': '30', 'mw': '€1.70m', 'datum_mw': 'May 27, 2021', 'x': 1622066400000, 'marker': {'symbol': 'url(https://tmssl.akamaized.net/images/wappen/verysmall/38040.png?lm=1407566120)'}}, {'y': 1500000, 'verein': 'Without Club', 'age': '30', 'mw': '€1.50m', 'datum_mw': 'Oct 28, 2021', 'x': 1635372000000, 'marker': {'symbol': 'url(https://tmssl.akamaized.net/images/wappen/verysmall/515.png?lm=1456997255)'}}, {'y': 1000000, 'verein': 'Beroe Stara Zagora', 'age': '30', 'mw': '€1.00m', 'datum_mw': 'Apr 5, 2022', 'x': 1649109600000, 'marker': {'symbol': 'url(https://tmssl.akamaized.net/images/wappen/verysmall/6764.png?lm=1416144905)'}}, {'y': 800000, 'verein': 'Beroe Stara Zagora', 'age': '31', 'mw': '€800Th.', 'datum_mw': 'May 31, 2022', 'x': 1653948000000, 'marker': {'symbol': 'url(https://tmssl.akamaized.net/images/wappen/verysmall/6764.png?lm=1416144905)'}}]}]	FPA Fairplay Agency Ltd		-	-	783'				Nike
Aboubacar Toungara	Aboubacar Ibrahima Toungara	Nov 15, 1994	Bamako	27	1,78 m	Mali	midfield - Attacking Midfield	both	Beroe Stara Zagora	Jul 15, 2021	Jun 30, 2023		0	27	22	1.73	2	-	3	10	4	-	-			1.644'	[{'type': 'line', 'name': 'Market value', 'data': [{'y': 25000, 'verein': 'FAR Rabat', 'age': '22', 'mw': '€25Th.', 'datum_mw': 'Nov 14, 2017', 'x': 1510614000000, 'marker': {'symbol': 'url(https://tmssl.akamaized.net/images/wappen/verysmall/9099_1624900902.png?lm=1624900902)'}}, {'y': 475000, 'verein': 'FAR Rabat', 'age': '23', 'mw': '€475Th.', 'datum_mw': 'Jan 10, 2018', 'x': 1515538800000, 'marker': {'symbol': 'url(https://tmssl.akamaized.net/images/wappen/verysmall/9099_1624900902.png?lm=1624900902)'}}, {'y': 475000, 'verein': 'FAR Rabat', 'age': '23', 'mw': '€475Th.', 'datum_mw': 'Jun 10, 2018', 'x': 1528581600000, 'marker': {'symbol': 'url(https://tmssl.akamaized.net/images/wappen/verysmall/9099_1624900902.png?lm=1624900902)'}}, {'y': 475000, 'verein': 'FAR Rabat', 'age': '23', 'mw': '€475Th.', 'datum_mw': 'Oct 1, 2018', 'x': 1538344800000, 'marker': {'symbol': 'url(https://tmssl.akamaized.net/images/wappen/verysmall/9099_1624900902.png?lm=1624900902)'}}, {'y': 475000, 'verein': 'FAR Rabat', 'age': '24', 'mw': '€475Th.', 'datum_mw': 'Dec 31, 2018', 'x': 1546210800000, 'marker': {'symbol': 'url(https://tmssl.akamaized.net/images/wappen/verysmall/9099_1624900902.png?lm=1624900902)'}}, {'y': 375000, 'verein': 'FAR Rabat', 'age': '24', 'mw': '€375Th.', 'datum_mw': 'Jun 30, 2019', 'x': 1561845600000, 'marker': {'symbol': 'url(https://tmssl.akamaized.net/images/wappen/verysmall/9099_1624900902.png?lm=1624900902)'}}, {'y': 500000, 'verein': 'FAR Rabat', 'age': '25', 'mw': '€500Th.', 'datum_mw': 'Dec 31, 2019', 'x': 1577746800000, 'marker': {'symbol': 'url(https://tmssl.akamaized.net/images/wappen/verysmall/9099_1624900902.png?lm=1624900902)'}}, {'y': 400000, 'verein': 'FAR Rabat', 'age': '25', 'mw': '€400Th.', 'datum_mw': 'Apr 8, 2020', 'x': 1586296800000, 'marker': {'symbol': 'url(https://tmssl.akamaized.net/images/wappen/verysmall/9099_1624900902.png?lm=1624900902)'}}, {'y': 350000, 'verein': 'FAR Rabat', 'age': '25', 'mw': '€350Th.', 'datum_mw': 'Sep 20, 2020', 'x': 1600552800000, 'marker': {'symbol': 'url(https://tmssl.akamaized.net/images/wappen/verysmall/9099.png?lm=1625078130)'}}, {'y': 375000, 'verein': 'FAR Rabat', 'age': '26', 'mw': '€375Th.', 'datum_mw': 'Apr 11, 2021', 'x': 1618092000000, 'marker': {'symbol': 'url(https://tmssl.akamaized.net/images/wappen/verysmall/9099.png?lm=1625078130)'}}, {'y': 400000, 'verein': 'Beroe Stara Zagora', 'age': '26', 'mw': '€400Th.', 'datum_mw': 'Oct 14, 2021', 'x': 1634162400000, 'marker': {'symbol': 'url(https://tmssl.akamaized.net/images/wappen/verysmall/6764.png?lm=1416144905)'}}, {'y': 375000, 'verein': 'Beroe Stara Zagora', 'age': '27', 'mw': '€375Th.', 'datum_mw': 'Dec 8, 2021', 'x': 1638918000000, 'marker': {'symbol': 'url(https://tmssl.akamaized.net/images/wappen/verysmall/6764.png?lm=1416144905)'}}, {'y': 400000, 'verein': 'Beroe Stara Zagora', 'age': '27', 'mw': '€400Th.', 'datum_mw': 'May 31, 2022', 'x': 1653948000000, 'marker': {'symbol': 'url(https://tmssl.akamaized.net/images/wappen/verysmall/6764.png?lm=1416144905)'}}]}]	CMI		-	-	822'				
Oumar Camara		Aug 19, 1992	Montvilliers	29	1,86 m	"Mauritania
  France"	attack - Left Winger	left	Beroe Stara Zagora	Jul 4, 2021	-		0	10	8	1.88	3	1	2	5	1	-	-			476'	[{'type': 'line', 'name': 'Market value', 'data': [{'y': 200000, 'verein': 'CA Bastia', 'age': '24', 'mw': '€200Th.', 'datum_mw': 'Feb 20, 2017', 'x': 1487545200000, 'marker': {'symbol': 'url(https://tmssl.akamaized.net/images/wappen/verysmall/28559.png?lm=1485455598)'}}, {'y': 200000, 'verein': 'Panionios Athens', 'age': '26', 'mw': '€200Th.', 'datum_mw': 'Dec 7, 2018', 'x': 1544137200000, 'marker': {'symbol': 'url(https://tmssl.akamaized.net/images/wappen/verysmall/169.png?lm=1401606183)'}}, {'y': 250000, 'verein': 'Panionios Athens', 'age': '26', 'mw': '€250Th.', 'datum_mw': 'May 21, 2019', 'x': 1558389600000, 'marker': {'symbol': 'url(https://tmssl.akamaized.net/images/wappen/verysmall/169.png?lm=1401606183)'}}, {'y': 250000, 'verein': 'Panionios Athens', 'age': '27', 'mw': '€250Th.', 'datum_mw': 'Dec 18, 2019', 'x': 1576623600000, 'marker': {'symbol': 'url(https://tmssl.akamaized.net/images/wappen/verysmall/169.png?lm=1401606183)'}}, {'y': 200000, 'verein': 'Without Club', 'age': '27', 'mw': '€200Th.', 'datum_mw': 'Aug 4, 2020', 'x': 1596492000000, 'marker': {'symbol': 'url(https://tmssl.akamaized.net/images/wappen/verysmall/515.png?lm=1456997255)'}}, {'y': 150000, 'verein': 'FC Sète 34', 'age': '28', 'mw': '€150Th.', 'datum_mw': 'Jun 25, 2021', 'x': 1624572000000, 'marker': {'symbol': 'url(https://tmssl.akamaized.net/images/wappen/verysmall/3520.png?lm=1620761688)'}}, {'y': 300000, 'verein': 'Beroe Stara Zagora', 'age': '29', 'mw': '€300Th.', 'datum_mw': 'Oct 14, 2021', 'x': 1634162400000, 'marker': {'symbol': 'url(https://tmssl.akamaized.net/images/wappen/verysmall/6764.png?lm=1416144905)'}}, {'y': 300000, 'verein': 'Beroe Stara Zagora', 'age': '29', 'mw': '€300Th.', 'datum_mw': 'Dec 8, 2021', 'x': 1638918000000, 'marker': {'symbol': 'url(https://tmssl.akamaized.net/images/wappen/verysmall/6764.png?lm=1416144905)'}}, {'y': 350000, 'verein': 'Beroe Stara Zagora', 'age': '29', 'mw': '€350Th.', 'datum_mw': 'May 31, 2022', 'x': 1653948000000, 'marker': {'symbol': 'url(https://tmssl.akamaized.net/images/wappen/verysmall/6764.png?lm=1416144905)'}}]}]	BB Sport Consulting		-	1	159'				
Keelan Lebon		Jul 4, 1997	Paris	24	1,74 m	"France
  Réunion"	attack - Left Winger	right	Beroe Stara Zagora	Jul 25, 2020	Jun 30, 2022		0	25	20	1.05	1	1	10	11	-	-	-			868'	[{'type': 'line', 'name': 'Market value', 'data': [{'y': 25000, 'verein': 'FC Utrecht U21', 'age': '21', 'mw': '€25Th.', 'datum_mw': 'Jan 21, 2019', 'x': 1548025200000, 'marker': {'symbol': 'url(https://tmssl.akamaized.net/images/wappen/verysmall/200_1628492592.png?lm=1628492592)'}}, {'y': 125000, 'verein': 'FC Utrecht U21', 'age': '21', 'mw': '€125Th.', 'datum_mw': 'Jun 27, 2019', 'x': 1561586400000, 'marker': {'symbol': 'url(https://tmssl.akamaized.net/images/wappen/verysmall/200_1628492592.png?lm=1628492592)'}}, {'y': 200000, 'verein': 'Beroe Stara Zagora', 'age': '23', 'mw': '€200Th.', 'datum_mw': 'Dec 21, 2020', 'x': 1608505200000, 'marker': {'symbol': 'url(https://tmssl.akamaized.net/images/wappen/verysmall/6764.png?lm=1416144905)'}}, {'y': 200000, 'verein': 'Beroe Stara Zagora', 'age': '23', 'mw': '€200Th.', 'datum_mw': 'Jun 17, 2021', 'x': 1623880800000, 'marker': {'symbol': 'url(https://tmssl.akamaized.net/images/wappen/verysmall/6764.png?lm=1416144905)'}}, {'y': 300000, 'verein': 'Beroe Stara Zagora', 'age': '24', 'mw': '€300Th.', 'datum_mw': 'Oct 14, 2021', 'x': 1634162400000, 'marker': {'symbol': 'url(https://tmssl.akamaized.net/images/wappen/verysmall/6764.png?lm=1416144905)'}}, {'y': 300000, 'verein': 'Beroe Stara Zagora', 'age': '24', 'mw': '€300Th.', 'datum_mw': 'Dec 8, 2021', 'x': 1638918000000, 'marker': {'symbol': 'url(https://tmssl.akamaized.net/images/wappen/verysmall/6764.png?lm=1416144905)'}}, {'y': 350000, 'verein': 'Beroe Stara Zagora', 'age': '24', 'mw': '€350Th.', 'datum_mw': 'Apr 5, 2022', 'x': 1649109600000, 'marker': {'symbol': 'url(https://tmssl.akamaized.net/images/wappen/verysmall/6764.png?lm=1416144905)'}}, {'y': 350000, 'verein': 'Beroe Stara Zagora', 'age': '24', 'mw': '€350Th.', 'datum_mw': 'May 31, 2022', 'x': 1653948000000, 'marker': {'symbol': 'url(https://tmssl.akamaized.net/images/wappen/verysmall/6764.png?lm=1416144905)'}}]}]	Supernova Management		-	-	868'				
Daniel Genov	Даниел Недялков Генов	May 19, 1989	Sofia	33	1,82 m	Bulgaria	attack - Right Winger	both	Beroe Stara Zagora	Jul 1, 2021	-		0	35	35	1.11	10	4	2	12	5	-	-			2.795'	[{'type': 'line', 'name': 'Market value', 'data': [{'y': 75000, 'verein': 'PFC Simurq', 'age': '22', 'mw': '€75Th.', 'datum_mw': 'Nov 8, 2011', 'x': 1320706800000, 'marker': {'symbol': 'url(https://tmssl.akamaized.net/images/wappen/verysmall/13328.png?lm=1414225538)'}}, {'y': 100000, 'verein': 'PFC Simurq', 'age': '22', 'mw': '€100Th.', 'datum_mw': 'Feb 21, 2012', 'x': 1329778800000, 'marker': {'symbol': 'url(https://tmssl.akamaized.net/images/wappen/verysmall/13328.png?lm=1414225538)'}}, {'y': 200000, 'verein': 'Lokomotiv Sofia', 'age': '25', 'mw': '€200Th.', 'datum_mw': 'Aug 17, 2014', 'x': 1408226400000, 'marker': {'symbol': 'url(https://tmssl.akamaized.net/images/wappen/verysmall/730_1629872644.png?lm=1629872644)'}}, {'y': 400000, 'verein': 'Lokomotiv Sofia', 'age': '25', 'mw': '€400Th.', 'datum_mw': 'Dec 14, 2014', 'x': 1418511600000, 'marker': {'symbol': 'url(https://tmssl.akamaized.net/images/wappen/verysmall/730_1629872644.png?lm=1629872644)'}}, {'y': 550000, 'verein': 'Botev Plovdiv', 'age': '26', 'mw': '€550Th.', 'datum_mw': 'Jul 28, 2015', 'x': 1438034400000, 'marker': {'symbol': 'url(https://tmssl.akamaized.net/images/wappen/verysmall/2531_1497946826.png?lm=1497946826)'}}, {'y': 600000, 'verein': 'Botev Plovdiv', 'age': '26', 'mw': '€600Th.', 'datum_mw': 'Dec 17, 2015', 'x': 1450306800000, 'marker': {'symbol': 'url(https://tmssl.akamaized.net/images/wappen/verysmall/2531_1497946826.png?lm=1497946826)'}}, {'y': 600000, 'verein': 'Montana', 'age': '27', 'mw': '€600Th.', 'datum_mw': 'Aug 7, 2016', 'x': 1470520800000, 'marker': {'symbol': 'url(https://tmssl.akamaized.net/images/wappen/verysmall/24078_1629872422.png?lm=1629872422)'}}, {'y': 500000, 'verein': 'Montana', 'age': '27', 'mw': '€500Th.', 'datum_mw': 'Jan 28, 2017', 'x': 1485558000000, 'marker': {'symbol': 'url(https://tmssl.akamaized.net/images/wappen/verysmall/24078_1629872422.png?lm=1629872422)'}}, {'y': 400000, 'verein': 'Botev Vratsa', 'age': '29', 'mw': '€400Th.', 'datum_mw': 'Sep 18, 2018', 'x': 1537221600000, 'marker': {'symbol': 'url(https://tmssl.akamaized.net/images/wappen/verysmall/26462_1652122868.png?lm=1652122869)'}}, {'y': 350000, 'verein': 'Botev Vratsa', 'age': '29', 'mw': '€350Th.', 'datum_mw': 'Jan 24, 2019', 'x': 1548284400000, 'marker': {'symbol': 'url(https://tmssl.akamaized.net/images/wappen/verysmall/26462_1652122868.png?lm=1652122869)'}}, {'y': 350000, 'verein': 'Botev Vratsa', 'age': '30', 'mw': '€350Th.', 'datum_mw': 'Jun 24, 2019', 'x': 1561327200000, 'marker': {'symbol': 'url(https://tmssl.akamaized.net/images/wappen/verysmall/26462_1652122868.png?lm=1652122869)'}}, {'y': 350000, 'verein': 'Botev Vratsa', 'age': '30', 'mw': '€350Th.', 'datum_mw': 'Feb 2, 2020', 'x': 1580598000000, 'marker': {'symbol': 'url(https://tmssl.akamaized.net/images/wappen/verysmall/26462_1652122868.png?lm=1652122869)'}}, {'y': 300000, 'verein': 'Botev Vratsa', 'age': '30', 'mw': '€300Th.', 'datum_mw': 'Mar 9, 2020', 'x': 1583708400000, 'marker': {'symbol': 'url(https://tmssl.akamaized.net/images/wappen/verysmall/26462_1652122868.png?lm=1652122869)'}}, {'y': 200000, 'verein': 'Botev Vratsa', 'age': '31', 'mw': '€200Th.', 'datum_mw': 'Dec 21, 2020', 'x': 1608505200000, 'marker': {'symbol': 'url(https://tmssl.akamaized.net/images/wappen/verysmall/26462_1652122868.png?lm=1652122869)'}}, {'y': 200000, 'verein': 'Botev Vratsa', 'age': '32', 'mw': '€200Th.', 'datum_mw': 'Jun 17, 2021', 'x': 1623880800000, 'marker': {'symbol': 'url(https://tmssl.akamaized.net/images/wappen/verysmall/26462_1652122868.png?lm=1652122869)'}}, {'y': 200000, 'verein': 'Beroe Stara Zagora', 'age': '32', 'mw': '€200Th.', 'datum_mw': 'Dec 8, 2021', 'x': 1638918000000, 'marker': {'symbol': 'url(https://tmssl.akamaized.net/images/wappen/verysmall/6764.png?lm=1416144905)'}}, {'y': 150000, 'verein': 'Beroe Stara Zagora', 'age': '32', 'mw': '€150Th.', 'datum_mw': 'Apr 5, 2022', 'x': 1649109600000, 'marker': {'symbol': 'url(https://tmssl.akamaized.net/images/wappen/verysmall/6764.png?lm=1416144905)'}}, {'y': 150000, 'verein': 'Beroe Stara Zagora', 'age': '33', 'mw': '€150Th.', 'datum_mw': 'May 31, 2022', 'x': 1653948000000, 'marker': {'symbol': 'url(https://tmssl.akamaized.net/images/wappen/verysmall/6764.png?lm=1416144905)'}}]}]			-	1	280'				
Alioune Fall		Dec 24, 1994	Dakar	27	1,82 m	"Senegal
  France"	attack - Centre-Forward	right	Beroe Stara Zagora	Jan 17, 2020	Jun 30, 2022		0	30	30	1.27	12	8	3	8	5	-	-			2.412'	[{'type': 'line', 'name': 'Market value', 'data': [{'y': 25000, 'verein': 'Juventude de Pedras Salgadas', 'age': '20', 'mw': '€25Th.', 'datum_mw': 'Jul 31, 2015', 'x': 1438293600000, 'marker': {'symbol': 'url(https://tmssl.akamaized.net/images/wappen/verysmall/41746.png?lm=1460305266)'}}, {'y': 75000, 'verein': 'GD Chaves', 'age': '21', 'mw': '€75Th.', 'datum_mw': 'Jul 29, 2016', 'x': 1469743200000, 'marker': {'symbol': 'url(https://tmssl.akamaized.net/images/wappen/verysmall/3325.png?lm=1416392512)'}}, {'y': 150000, 'verein': 'GD Chaves', 'age': '22', 'mw': '€150Th.', 'datum_mw': 'Feb 22, 2017', 'x': 1487718000000, 'marker': {'symbol': 'url(https://tmssl.akamaized.net/images/wappen/verysmall/3325.png?lm=1416392512)'}}, {'y': 150000, 'verein': 'GD Chaves', 'age': '22', 'mw': '€150Th.', 'datum_mw': 'Jun 26, 2017', 'x': 1498428000000, 'marker': {'symbol': 'url(https://tmssl.akamaized.net/images/wappen/verysmall/3325.png?lm=1416392512)'}}, {'y': 200000, 'verein': 'Gil Vicente FC', 'age': '22', 'mw': '€200Th.', 'datum_mw': 'Sep 8, 2017', 'x': 1504821600000, 'marker': {'symbol': 'url(https://tmssl.akamaized.net/images/wappen/verysmall/2424.png?lm=1624283300)'}}, {'y': 325000, 'verein': 'Gil Vicente FC', 'age': '23', 'mw': '€325Th.', 'datum_mw': 'Feb 23, 2018', 'x': 1519340400000, 'marker': {'symbol': 'url(https://tmssl.akamaized.net/images/wappen/verysmall/2424.png?lm=1624283300)'}}, {'y': 250000, 'verein': 'Gil Vicente FC', 'age': '23', 'mw': '€250Th.', 'datum_mw': 'Jun 29, 2018', 'x': 1530223200000, 'marker': {'symbol': 'url(https://tmssl.akamaized.net/images/wappen/verysmall/2424.png?lm=1624283300)'}}, {'y': 0, 'verein': 'FC Vizela', 'age': '23', 'mw': '-', 'datum_mw': 'Sep 24, 2018', 'x': 1537740000000, 'marker': {'symbol': 'url(https://tmssl.akamaized.net/images/wappen/verysmall/6912.png?lm=1625324364)'}}, {'y': 100000, 'verein': 'Beroe Stara Zagora', 'age': '25', 'mw': '€100Th.', 'datum_mw': 'Feb 2, 2020', 'x': 1580598000000, 'marker': {'symbol': 'url(https://tmssl.akamaized.net/images/wappen/verysmall/6764.png?lm=1416144905)'}}, {'y': 350000, 'verein': 'Beroe Stara Zagora', 'age': '25', 'mw': '€350Th.', 'datum_mw': 'Dec 21, 2020', 'x': 1608505200000, 'marker': {'symbol': 'url(https://tmssl.akamaized.net/images/wappen/verysmall/6764.png?lm=1416144905)'}}, {'y': 350000, 'verein': 'Beroe Stara Zagora', 'age': '26', 'mw': '€350Th.', 'datum_mw': 'Jun 17, 2021', 'x': 1623880800000, 'marker': {'symbol': 'url(https://tmssl.akamaized.net/images/wappen/verysmall/6764.png?lm=1416144905)'}}, {'y': 300000, 'verein': 'Beroe Stara Zagora', 'age': '26', 'mw': '€300Th.', 'datum_mw': 'Oct 14, 2021', 'x': 1634162400000, 'marker': {'symbol': 'url(https://tmssl.akamaized.net/images/wappen/verysmall/6764.png?lm=1416144905)'}}, {'y': 275000, 'verein': 'Beroe Stara Zagora', 'age': '26', 'mw': '€275Th.', 'datum_mw': 'Dec 8, 2021', 'x': 1638918000000, 'marker': {'symbol': 'url(https://tmssl.akamaized.net/images/wappen/verysmall/6764.png?lm=1416144905)'}}, {'y': 250000, 'verein': 'Beroe Stara Zagora', 'age': '27', 'mw': '€250Th.', 'datum_mw': 'Apr 5, 2022', 'x': 1649109600000, 'marker': {'symbol': 'url(https://tmssl.akamaized.net/images/wappen/verysmall/6764.png?lm=1416144905)'}}, {'y': 250000, 'verein': 'Beroe Stara Zagora', 'age': '27', 'mw': '€250Th.', 'datum_mw': 'May 31, 2022', 'x': 1653948000000, 'marker': {'symbol': 'url(https://tmssl.akamaized.net/images/wappen/verysmall/6764.png?lm=1416144905)'}}]}]	Footconect Fma		-	-	201'				
