Name	Name in home country	Date of birth	Place of birth	Age	Height	Citizenship	Position	Foot	Player agent	Current club	Joined	Contract expires	Date of last contract extension	CL Appearances	Squad	Appearances	PPG	Goals	Assists	Sub on	Sub off	Yellow cards	Seccond Yellow Cards	Red cards	Goals conceded	Clean sheets	Minutes played	Market Values	Social-Media	Own goals	Penalty goals	Minutes per goal	2nd club	Full name	Outfitter	Contract option	On loan from	Contract there expires
Balint Csoka																																						
Martin Jedlicka	Martin Jedlička	Jan 24, 1998	Příbram	24	1,87 m	Czech Republic	Goalkeeper	right	SPORT INVEST	DAC Dunajska Streda	Feb 21, 2019	Jun 30, 2022	Feb 21, 2019	0.0	35	35	2.03	-	-	-	-	4	-	-	48	12	3.180'	[{'type': 'line', 'name': 'Market value', 'data': [{'y': 75000, 'verein': '1.FK Pribram U19', 'age': '18', 'mw': '€75Th.', 'datum_mw': 'Oct 21, 2016', 'x': 1477000800000, 'marker': {'symbol': 'url(https://tmssl.akamaized.net/images/wappen/verysmall/18986.png?lm=1419785051)'}}, {'y': 100000, 'verein': '1.FK Pribram U19', 'age': '19', 'mw': '€100Th.', 'datum_mw': 'Jun 10, 2017', 'x': 1497045600000, 'marker': {'symbol': 'url(https://tmssl.akamaized.net/images/wappen/verysmall/18986.png?lm=1419785051)'}}, {'y': 150000, 'verein': 'FK Mlada Boleslav', 'age': '19', 'mw': '€150Th.', 'datum_mw': 'Dec 21, 2017', 'x': 1513810800000, 'marker': {'symbol': 'url(https://tmssl.akamaized.net/images/wappen/verysmall/5546.png?lm=1419784887)'}}, {'y': 150000, 'verein': 'DAC Dunajska Streda', 'age': '20', 'mw': '€150Th.', 'datum_mw': 'Jul 13, 2018', 'x': 1531432800000, 'marker': {'symbol': 'url(https://tmssl.akamaized.net/images/wappen/verysmall/4529_1626461841.png?lm=1626461841)'}}, {'y': 300000, 'verein': 'DAC Dunajska Streda', 'age': '20', 'mw': '€300Th.', 'datum_mw': 'Dec 30, 2018', 'x': 1546124400000, 'marker': {'symbol': 'url(https://tmssl.akamaized.net/images/wappen/verysmall/4529_1626461841.png?lm=1626461841)'}}, {'y': 350000, 'verein': 'DAC Dunajska Streda', 'age': '21', 'mw': '€350Th.', 'datum_mw': 'Jun 25, 2019', 'x': 1561413600000, 'marker': {'symbol': 'url(https://tmssl.akamaized.net/images/wappen/verysmall/4529_1626461841.png?lm=1626461841)'}}, {'y': 500000, 'verein': 'DAC Dunajska Streda', 'age': '21', 'mw': '€500Th.', 'datum_mw': 'Dec 15, 2019', 'x': 1576364400000, 'marker': {'symbol': 'url(https://tmssl.akamaized.net/images/wappen/verysmall/4529_1626461841.png?lm=1626461841)'}}, {'y': 450000, 'verein': 'DAC Dunajska Streda', 'age': '22', 'mw': '€450Th.', 'datum_mw': 'Apr 8, 2020', 'x': 1586296800000, 'marker': {'symbol': 'url(https://tmssl.akamaized.net/images/wappen/verysmall/4529_1626461841.png?lm=1626461841)'}}, {'y': 450000, 'verein': 'DAC Dunajska Streda', 'age': '22', 'mw': '€450Th.', 'datum_mw': 'Jul 10, 2020', 'x': 1594332000000, 'marker': {'symbol': 'url(https://tmssl.akamaized.net/images/wappen/verysmall/4529_1626461841.png?lm=1626461841)'}}, {'y': 550000, 'verein': 'DAC Dunajska Streda', 'age': '22', 'mw': '€550Th.', 'datum_mw': 'Dec 28, 2020', 'x': 1609110000000, 'marker': {'symbol': 'url(https://tmssl.akamaized.net/images/wappen/verysmall/4529_1626461841.png?lm=1626461841)'}}, {'y': 600000, 'verein': 'DAC Dunajska Streda', 'age': '23', 'mw': '€600Th.', 'datum_mw': 'Jun 26, 2021', 'x': 1624658400000, 'marker': {'symbol': 'url(https://tmssl.akamaized.net/images/wappen/verysmall/4529_1626461841.png?lm=1626461841)'}}, {'y': 700000, 'verein': 'DAC Dunajska Streda', 'age': '23', 'mw': '€700Th.', 'datum_mw': 'Dec 26, 2021', 'x': 1640473200000, 'marker': {'symbol': 'url(https://tmssl.akamaized.net/images/wappen/verysmall/4529.png?lm=1626461889)'}}, {'y': 600000, 'verein': 'DAC Dunajska Streda', 'age': '24', 'mw': '€600Th.', 'datum_mw': 'Jun 23, 2022', 'x': 1655935200000, 'marker': {'symbol': 'url(https://tmssl.akamaized.net/images/wappen/verysmall/4529.png?lm=1626461889)'}}]}]										
Ricardo Ferreira	Ricardo Abel Barbosa Ferreira	Dec 3, 1989	Braga	32	1,86 m	Portugal	Goalkeeper	right		DAC Dunajska Streda	Feb 5, 2022	Jun 30, 2023		0.0	28	6	0.83	-	-	-	1	-	-	-	5	3	478'	[{'type': 'line', 'name': 'Market value', 'data': [{'y': 50000, 'verein': 'SC Braga U19', 'age': '17', 'mw': '€50Th.', 'datum_mw': 'Oct 4, 2007', 'x': 1191448800000, 'marker': {'symbol': 'url(https://tmssl.akamaized.net/images/wappen/verysmall/12964.png?lm=1405964126)'}}, {'y': 300000, 'verein': 'CS Marítimo', 'age': '22', 'mw': '€300Th.', 'datum_mw': 'Feb 2, 2012', 'x': 1328137200000, 'marker': {'symbol': 'url(https://tmssl.akamaized.net/images/wappen/verysmall/1301.png?lm=1432894070)'}}, {'y': 300000, 'verein': 'CS Marítimo', 'age': '22', 'mw': '€300Th.', 'datum_mw': 'Jul 2, 2012', 'x': 1341180000000, 'marker': {'symbol': 'url(https://tmssl.akamaized.net/images/wappen/verysmall/1301.png?lm=1432894070)'}}, {'y': 500000, 'verein': 'CS Marítimo', 'age': '23', 'mw': '€500Th.', 'datum_mw': 'Jul 2, 2013', 'x': 1372716000000, 'marker': {'symbol': 'url(https://tmssl.akamaized.net/images/wappen/verysmall/1301.png?lm=1432894070)'}}, {'y': 300000, 'verein': 'Portimonense SC', 'age': '23', 'mw': '€300Th.', 'datum_mw': 'Oct 18, 2013', 'x': 1382047200000, 'marker': {'symbol': 'url(https://tmssl.akamaized.net/images/wappen/verysmall/7378.png?lm=1516718554)'}}, {'y': 300000, 'verein': 'Portimonense SC', 'age': '25', 'mw': '€300Th.', 'datum_mw': 'Jul 31, 2015', 'x': 1438293600000, 'marker': {'symbol': 'url(https://tmssl.akamaized.net/images/wappen/verysmall/7378.png?lm=1516718554)'}}, {'y': 350000, 'verein': 'Portimonense SC', 'age': '26', 'mw': '€350Th.', 'datum_mw': 'Mar 14, 2016', 'x': 1457910000000, 'marker': {'symbol': 'url(https://tmssl.akamaized.net/images/wappen/verysmall/7378.png?lm=1516718554)'}}, {'y': 400000, 'verein': 'Portimonense SC', 'age': '26', 'mw': '€400Th.', 'datum_mw': 'Sep 30, 2016', 'x': 1475186400000, 'marker': {'symbol': 'url(https://tmssl.akamaized.net/images/wappen/verysmall/7378.png?lm=1516718554)'}}, {'y': 550000, 'verein': 'Portimonense SC', 'age': '27', 'mw': '€550Th.', 'datum_mw': 'Jun 30, 2017', 'x': 1498773600000, 'marker': {'symbol': 'url(https://tmssl.akamaized.net/images/wappen/verysmall/7378.png?lm=1516718554)'}}, {'y': 650000, 'verein': 'Portimonense SC', 'age': '28', 'mw': '€650Th.', 'datum_mw': 'Feb 7, 2018', 'x': 1517958000000, 'marker': {'symbol': 'url(https://tmssl.akamaized.net/images/wappen/verysmall/7378.png?lm=1516718554)'}}, {'y': 650000, 'verein': 'Portimonense SC', 'age': '28', 'mw': '€650Th.', 'datum_mw': 'Jun 13, 2018', 'x': 1528840800000, 'marker': {'symbol': 'url(https://tmssl.akamaized.net/images/wappen/verysmall/7378.png?lm=1516718554)'}}, {'y': 650000, 'verein': 'Portimonense SC', 'age': '29', 'mw': '€650Th.', 'datum_mw': 'Jan 11, 2019', 'x': 1547161200000, 'marker': {'symbol': 'url(https://tmssl.akamaized.net/images/wappen/verysmall/7378.png?lm=1516718554)'}}, {'y': 600000, 'verein': 'Portimonense SC', 'age': '29', 'mw': '€600Th.', 'datum_mw': 'Jun 7, 2019', 'x': 1559858400000, 'marker': {'symbol': 'url(https://tmssl.akamaized.net/images/wappen/verysmall/7378.png?lm=1516718554)'}}, {'y': 600000, 'verein': 'Portimonense SC', 'age': '30', 'mw': '€600Th.', 'datum_mw': 'Dec 30, 2019', 'x': 1577660400000, 'marker': {'symbol': 'url(https://tmssl.akamaized.net/images/wappen/verysmall/7378.png?lm=1516718554)'}}, {'y': 475000, 'verein': 'Portimonense SC', 'age': '30', 'mw': '€475Th.', 'datum_mw': 'Apr 8, 2020', 'x': 1586296800000, 'marker': {'symbol': 'url(https://tmssl.akamaized.net/images/wappen/verysmall/7378.png?lm=1516718554)'}}, {'y': 400000, 'verein': 'Portimonense SC', 'age': '30', 'mw': '€400Th.', 'datum_mw': 'Aug 17, 2020', 'x': 1597615200000, 'marker': {'symbol': 'url(https://tmssl.akamaized.net/images/wappen/verysmall/7378.png?lm=1516718554)'}}, {'y': 300000, 'verein': 'Portimonense SC', 'age': '30', 'mw': '€300Th.', 'datum_mw': 'Oct 22, 2020', 'x': 1603317600000, 'marker': {'symbol': 'url(https://tmssl.akamaized.net/images/wappen/verysmall/7378.png?lm=1516718554)'}}, {'y': 250000, 'verein': 'Portimonense SC', 'age': '31', 'mw': '€250Th.', 'datum_mw': 'Jan 28, 2021', 'x': 1611788400000, 'marker': {'symbol': 'url(https://tmssl.akamaized.net/images/wappen/verysmall/7378.png?lm=1516718554)'}}, {'y': 250000, 'verein': 'Portimonense SC', 'age': '31', 'mw': '€250Th.', 'datum_mw': 'May 21, 2021', 'x': 1621548000000, 'marker': {'symbol': 'url(https://tmssl.akamaized.net/images/wappen/verysmall/7378.png?lm=1516718554)'}}, {'y': 250000, 'verein': 'Portimonense SC', 'age': '31', 'mw': '€250Th.', 'datum_mw': 'May 21, 2021', 'x': 1621548000000, 'marker': {'symbol': 'url(https://tmssl.akamaized.net/images/wappen/verysmall/7378.png?lm=1516718554)'}}, {'y': 200000, 'verein': 'Portimonense SC', 'age': '32', 'mw': '€200Th.', 'datum_mw': 'Dec 27, 2021', 'x': 1640559600000, 'marker': {'symbol': 'url(https://tmssl.akamaized.net/images/wappen/verysmall/7378.png?lm=1516718554)'}}, {'y': 175000, 'verein': 'DAC Dunajska Streda', 'age': '32', 'mw': '€175Th.', 'datum_mw': 'Jun 23, 2022', 'x': 1655935200000, 'marker': {'symbol': 'url(https://tmssl.akamaized.net/images/wappen/verysmall/4529.png?lm=1626461889)'}}]}]										
Daniel Veszelinov																																						
Martin Vantruba																																						
Attila Horvath																																						
Dominik Kruzliak	Dominik Kružliak	Jul 10, 1996	Liptovský Mikuláš	25	1,85 m	Slovakia	Defender - Centre-Back	right	SPOCS Global Sports	DAC Dunajska Streda	Jul 1, 2019	Jun 30, 2023		0.0	35	34	2.09	2	1	-	-	7	-	-			3.090'	[{'type': 'line', 'name': 'Market value', 'data': [{'y': 75000, 'verein': 'MFK Ruzomberok', 'age': '17', 'mw': '€75Th.', 'datum_mw': 'Jun 22, 2014', 'x': 1403388000000, 'marker': {'symbol': 'url(https://tmssl.akamaized.net/images/wappen/verysmall/7087.png?lm=1518015311)'}}, {'y': 175000, 'verein': 'MFK Ruzomberok', 'age': '18', 'mw': '€175Th.', 'datum_mw': 'Dec 25, 2014', 'x': 1419462000000, 'marker': {'symbol': 'url(https://tmssl.akamaized.net/images/wappen/verysmall/7087.png?lm=1518015311)'}}, {'y': 275000, 'verein': 'MFK Ruzomberok', 'age': '18', 'mw': '€275Th.', 'datum_mw': 'Jun 9, 2015', 'x': 1433800800000, 'marker': {'symbol': 'url(https://tmssl.akamaized.net/images/wappen/verysmall/7087.png?lm=1518015311)'}}, {'y': 325000, 'verein': 'MFK Ruzomberok', 'age': '19', 'mw': '€325Th.', 'datum_mw': 'Dec 14, 2015', 'x': 1450047600000, 'marker': {'symbol': 'url(https://tmssl.akamaized.net/images/wappen/verysmall/7087.png?lm=1518015311)'}}, {'y': 300000, 'verein': 'MFK Ruzomberok', 'age': '19', 'mw': '€300Th.', 'datum_mw': 'Jun 28, 2016', 'x': 1467064800000, 'marker': {'symbol': 'url(https://tmssl.akamaized.net/images/wappen/verysmall/7087.png?lm=1518015311)'}}, {'y': 350000, 'verein': 'MFK Ruzomberok', 'age': '20', 'mw': '€350Th.', 'datum_mw': 'Dec 31, 2016', 'x': 1483138800000, 'marker': {'symbol': 'url(https://tmssl.akamaized.net/images/wappen/verysmall/7087.png?lm=1518015311)'}}, {'y': 450000, 'verein': 'MFK Ruzomberok', 'age': '20', 'mw': '€450Th.', 'datum_mw': 'Jun 28, 2017', 'x': 1498600800000, 'marker': {'symbol': 'url(https://tmssl.akamaized.net/images/wappen/verysmall/7087.png?lm=1518015311)'}}, {'y': 500000, 'verein': 'MFK Ruzomberok', 'age': '21', 'mw': '€500Th.', 'datum_mw': 'Dec 28, 2017', 'x': 1514415600000, 'marker': {'symbol': 'url(https://tmssl.akamaized.net/images/wappen/verysmall/7087.png?lm=1518015311)'}}, {'y': 500000, 'verein': 'MFK Ruzomberok', 'age': '22', 'mw': '€500Th.', 'datum_mw': 'Jul 13, 2018', 'x': 1531432800000, 'marker': {'symbol': 'url(https://tmssl.akamaized.net/images/wappen/verysmall/7087.png?lm=1518015311)'}}, {'y': 500000, 'verein': 'MFK Ruzomberok', 'age': '22', 'mw': '€500Th.', 'datum_mw': 'Dec 30, 2018', 'x': 1546124400000, 'marker': {'symbol': 'url(https://tmssl.akamaized.net/images/wappen/verysmall/7087.png?lm=1518015311)'}}, {'y': 600000, 'verein': 'MFK Ruzomberok', 'age': '22', 'mw': '€600Th.', 'datum_mw': 'Jun 25, 2019', 'x': 1561413600000, 'marker': {'symbol': 'url(https://tmssl.akamaized.net/images/wappen/verysmall/7087.png?lm=1518015311)'}}, {'y': 600000, 'verein': 'DAC Dunajska Streda', 'age': '23', 'mw': '€600Th.', 'datum_mw': 'Dec 15, 2019', 'x': 1576364400000, 'marker': {'symbol': 'url(https://tmssl.akamaized.net/images/wappen/verysmall/4529_1626461841.png?lm=1626461841)'}}, {'y': 475000, 'verein': 'DAC Dunajska Streda', 'age': '23', 'mw': '€475Th.', 'datum_mw': 'Apr 8, 2020', 'x': 1586296800000, 'marker': {'symbol': 'url(https://tmssl.akamaized.net/images/wappen/verysmall/4529_1626461841.png?lm=1626461841)'}}, {'y': 500000, 'verein': 'DAC Dunajska Streda', 'age': '24', 'mw': '€500Th.', 'datum_mw': 'Jul 10, 2020', 'x': 1594332000000, 'marker': {'symbol': 'url(https://tmssl.akamaized.net/images/wappen/verysmall/4529_1626461841.png?lm=1626461841)'}}, {'y': 550000, 'verein': 'DAC Dunajska Streda', 'age': '24', 'mw': '€550Th.', 'datum_mw': 'Dec 28, 2020', 'x': 1609110000000, 'marker': {'symbol': 'url(https://tmssl.akamaized.net/images/wappen/verysmall/4529_1626461841.png?lm=1626461841)'}}, {'y': 600000, 'verein': 'DAC Dunajska Streda', 'age': '24', 'mw': '€600Th.', 'datum_mw': 'Jun 26, 2021', 'x': 1624658400000, 'marker': {'symbol': 'url(https://tmssl.akamaized.net/images/wappen/verysmall/4529_1626461841.png?lm=1626461841)'}}, {'y': 600000, 'verein': 'DAC Dunajska Streda', 'age': '25', 'mw': '€600Th.', 'datum_mw': 'Dec 26, 2021', 'x': 1640473200000, 'marker': {'symbol': 'url(https://tmssl.akamaized.net/images/wappen/verysmall/4529.png?lm=1626461889)'}}, {'y': 600000, 'verein': 'DAC Dunajska Streda', 'age': '25', 'mw': '€600Th.', 'datum_mw': 'Jun 23, 2022', 'x': 1655935200000, 'marker': {'symbol': 'url(https://tmssl.akamaized.net/images/wappen/verysmall/4529.png?lm=1626461889)'}}]}]		2	-	1.545'						
Ahmet Muhamedbegovic		Oct 30, 1998		23	1,86 m	Austria	Defender - Centre-Back	left	HAGMAYR Sportmanagement	DAC Dunajska Streda	Jul 20, 2021	Jun 30, 2023		0.0	32	32	0.84	3	-	1	9	4	1	-			2.571'	[{'type': 'line', 'name': 'Market value', 'data': [{'y': 75000, 'verein': 'SKN St. Pölten Juniors', 'age': '18', 'mw': '€75Th.', 'datum_mw': 'Jun 2, 2017', 'x': 1496354400000, 'marker': {'symbol': 'url(https://tmssl.akamaized.net/images/wappen/verysmall/2662_1547138351.png?lm=1547138350)'}}, {'y': 250000, 'verein': 'SKN St. Pölten', 'age': '19', 'mw': '€250Th.', 'datum_mw': 'Jan 2, 2018', 'x': 1514847600000, 'marker': {'symbol': 'url(https://tmssl.akamaized.net/images/wappen/verysmall/2662_1547138351.png?lm=1547138350)'}}, {'y': 250000, 'verein': 'SKN St. Pölten', 'age': '19', 'mw': '€250Th.', 'datum_mw': 'Jun 14, 2018', 'x': 1528927200000, 'marker': {'symbol': 'url(https://tmssl.akamaized.net/images/wappen/verysmall/2662_1547138351.png?lm=1547138350)'}}, {'y': 200000, 'verein': 'SKU Amstetten', 'age': '20', 'mw': '€200Th.', 'datum_mw': 'Dec 1, 2018', 'x': 1543618800000, 'marker': {'symbol': 'url(https://tmssl.akamaized.net/images/wappen/verysmall/12210_1655888840.png?lm=1655888840)'}}, {'y': 200000, 'verein': 'SKU Amstetten', 'age': '20', 'mw': '€200Th.', 'datum_mw': 'Jun 1, 2019', 'x': 1559340000000, 'marker': {'symbol': 'url(https://tmssl.akamaized.net/images/wappen/verysmall/12210_1655888840.png?lm=1655888840)'}}, {'y': 250000, 'verein': 'SKN St. Pölten', 'age': '21', 'mw': '€250Th.', 'datum_mw': 'Dec 16, 2019', 'x': 1576450800000, 'marker': {'symbol': 'url(https://tmssl.akamaized.net/images/wappen/verysmall/2662.png?lm=1547161291)'}}, {'y': 350000, 'verein': 'SKN St. Pölten', 'age': '21', 'mw': '€350Th.', 'datum_mw': 'Jul 22, 2020', 'x': 1595368800000, 'marker': {'symbol': 'url(https://tmssl.akamaized.net/images/wappen/verysmall/2662.png?lm=1547161291)'}}, {'y': 500000, 'verein': 'SKN St. Pölten', 'age': '22', 'mw': '€500Th.', 'datum_mw': 'Dec 21, 2020', 'x': 1608505200000, 'marker': {'symbol': 'url(https://tmssl.akamaized.net/images/wappen/verysmall/2662.png?lm=1547161291)'}}, {'y': 700000, 'verein': 'SKN St. Pölten', 'age': '22', 'mw': '€700Th.', 'datum_mw': 'Jun 2, 2021', 'x': 1622584800000, 'marker': {'symbol': 'url(https://tmssl.akamaized.net/images/wappen/verysmall/2662.png?lm=1547161291)'}}, {'y': 450000, 'verein': 'DAC Dunajska Streda', 'age': '22', 'mw': '€450Th.', 'datum_mw': 'Oct 12, 2021', 'x': 1633989600000, 'marker': {'symbol': 'url(https://tmssl.akamaized.net/images/wappen/verysmall/4529.png?lm=1626461889)'}}, {'y': 500000, 'verein': 'DAC Dunajska Streda', 'age': '23', 'mw': '€500Th.', 'datum_mw': 'Dec 26, 2021', 'x': 1640473200000, 'marker': {'symbol': 'url(https://tmssl.akamaized.net/images/wappen/verysmall/4529.png?lm=1626461889)'}}, {'y': 450000, 'verein': 'DAC Dunajska Streda', 'age': '23', 'mw': '€450Th.', 'datum_mw': 'Jun 23, 2022', 'x': 1655935200000, 'marker': {'symbol': 'url(https://tmssl.akamaized.net/images/wappen/verysmall/4529.png?lm=1626461889)'}}]}]		-	-	857'						
Mateus Brunetti																																						
Matus Maly	Matúš Malý	Jul 11, 2001	Dunajská Streda	20	1,93 m	Slovakia	Defender - Centre-Back	right	AlphaFootballAgency	DAC Dunajska Streda	Jan 1, 2019	Jun 30, 2022	Aug 9, 2019	0.0	31	13	2.15	-	-	7	-	4	-	-			677'	[{'type': 'line', 'name': 'Market value', 'data': [{'y': 50000, 'verein': 'DAC Dunajska Streda', 'age': '18', 'mw': '€50Th.', 'datum_mw': 'Dec 15, 2019', 'x': 1576364400000, 'marker': {'symbol': 'url(https://tmssl.akamaized.net/images/wappen/verysmall/4529_1626461841.png?lm=1626461841)'}}, {'y': 100000, 'verein': 'DAC Dunajska Streda', 'age': '18', 'mw': '€100Th.', 'datum_mw': 'Jul 10, 2020', 'x': 1594332000000, 'marker': {'symbol': 'url(https://tmssl.akamaized.net/images/wappen/verysmall/4529_1626461841.png?lm=1626461841)'}}, {'y': 150000, 'verein': 'DAC Dunajska Streda', 'age': '19', 'mw': '€150Th.', 'datum_mw': 'Dec 28, 2020', 'x': 1609110000000, 'marker': {'symbol': 'url(https://tmssl.akamaized.net/images/wappen/verysmall/4529_1626461841.png?lm=1626461841)'}}, {'y': 150000, 'verein': 'FK Senica', 'age': '19', 'mw': '€150Th.', 'datum_mw': 'Jun 26, 2021', 'x': 1624658400000, 'marker': {'symbol': 'url(https://tmssl.akamaized.net/images/wappen/verysmall/6163.png?lm=1489787832)'}}, {'y': 150000, 'verein': 'DAC Dunajska Streda', 'age': '20', 'mw': '€150Th.', 'datum_mw': 'Dec 26, 2021', 'x': 1640473200000, 'marker': {'symbol': 'url(https://tmssl.akamaized.net/images/wappen/verysmall/4529.png?lm=1626461889)'}}, {'y': 150000, 'verein': 'DAC Dunajska Streda', 'age': '20', 'mw': '€150Th.', 'datum_mw': 'Jun 23, 2022', 'x': 1655935200000, 'marker': {'symbol': 'url(https://tmssl.akamaized.net/images/wappen/verysmall/4529.png?lm=1626461889)'}}]}]		-	-	-	STK 1914 Samorin (#14)					
Eric Davis	Éric Javier Davis Grajales	Mar 31, 1991	Colón	31	1,80 m	Panama	Defender - Left-Back	left	Dedra Football Agency	DAC Dunajska Streda	Sep 11, 2015	Jun 30, 2023	May 18, 2021	0.0	30	30	2.03	5	10	2	5	4	-	-			2.518'	[{'type': 'line', 'name': 'Market value', 'data': [{'y': 75000, 'verein': 'CA Fénix', 'age': '21', 'mw': '€75Th.', 'datum_mw': 'Aug 9, 2012', 'x': 1344463200000, 'marker': {'symbol': 'url(https://tmssl.akamaized.net/images/wappen/verysmall/3829.png?lm=1624991985)'}}, {'y': 100000, 'verein': 'DAC Dunajska Streda', 'age': '24', 'mw': '€100Th.', 'datum_mw': 'Dec 14, 2015', 'x': 1450047600000, 'marker': {'symbol': 'url(https://tmssl.akamaized.net/images/wappen/verysmall/4529_1626461841.png?lm=1626461841)'}}, {'y': 150000, 'verein': 'DAC Dunajska Streda', 'age': '25', 'mw': '€150Th.', 'datum_mw': 'Jun 28, 2016', 'x': 1467064800000, 'marker': {'symbol': 'url(https://tmssl.akamaized.net/images/wappen/verysmall/4529_1626461841.png?lm=1626461841)'}}, {'y': 100000, 'verein': 'DAC Dunajska Streda', 'age': '25', 'mw': '€100Th.', 'datum_mw': 'Dec 31, 2016', 'x': 1483138800000, 'marker': {'symbol': 'url(https://tmssl.akamaized.net/images/wappen/verysmall/4529_1626461841.png?lm=1626461841)'}}, {'y': 250000, 'verein': 'DAC Dunajska Streda', 'age': '26', 'mw': '€250Th.', 'datum_mw': 'Jun 28, 2017', 'x': 1498600800000, 'marker': {'symbol': 'url(https://tmssl.akamaized.net/images/wappen/verysmall/4529_1626461841.png?lm=1626461841)'}}, {'y': 425000, 'verein': 'DAC Dunajska Streda', 'age': '26', 'mw': '€425Th.', 'datum_mw': 'Dec 28, 2017', 'x': 1514415600000, 'marker': {'symbol': 'url(https://tmssl.akamaized.net/images/wappen/verysmall/4529_1626461841.png?lm=1626461841)'}}, {'y': 550000, 'verein': 'DAC Dunajska Streda', 'age': '27', 'mw': '€550Th.', 'datum_mw': 'Jul 13, 2018', 'x': 1531432800000, 'marker': {'symbol': 'url(https://tmssl.akamaized.net/images/wappen/verysmall/4529_1626461841.png?lm=1626461841)'}}, {'y': 600000, 'verein': 'DAC Dunajska Streda', 'age': '27', 'mw': '€600Th.', 'datum_mw': 'Dec 30, 2018', 'x': 1546124400000, 'marker': {'symbol': 'url(https://tmssl.akamaized.net/images/wappen/verysmall/4529_1626461841.png?lm=1626461841)'}}, {'y': 700000, 'verein': 'DAC Dunajska Streda', 'age': '28', 'mw': '€700Th.', 'datum_mw': 'Jun 25, 2019', 'x': 1561413600000, 'marker': {'symbol': 'url(https://tmssl.akamaized.net/images/wappen/verysmall/4529_1626461841.png?lm=1626461841)'}}, {'y': 700000, 'verein': 'DAC Dunajska Streda', 'age': '28', 'mw': '€700Th.', 'datum_mw': 'Dec 15, 2019', 'x': 1576364400000, 'marker': {'symbol': 'url(https://tmssl.akamaized.net/images/wappen/verysmall/4529_1626461841.png?lm=1626461841)'}}, {'y': 550000, 'verein': 'DAC Dunajska Streda', 'age': '29', 'mw': '€550Th.', 'datum_mw': 'Apr 8, 2020', 'x': 1586296800000, 'marker': {'symbol': 'url(https://tmssl.akamaized.net/images/wappen/verysmall/4529_1626461841.png?lm=1626461841)'}}, {'y': 700000, 'verein': 'DAC Dunajska Streda', 'age': '29', 'mw': '€700Th.', 'datum_mw': 'Jul 10, 2020', 'x': 1594332000000, 'marker': {'symbol': 'url(https://tmssl.akamaized.net/images/wappen/verysmall/4529_1626461841.png?lm=1626461841)'}}, {'y': 750000, 'verein': 'DAC Dunajska Streda', 'age': '29', 'mw': '€750Th.', 'datum_mw': 'Dec 28, 2020', 'x': 1609110000000, 'marker': {'symbol': 'url(https://tmssl.akamaized.net/images/wappen/verysmall/4529_1626461841.png?lm=1626461841)'}}, {'y': 700000, 'verein': 'DAC Dunajska Streda', 'age': '30', 'mw': '€700Th.', 'datum_mw': 'Jun 26, 2021', 'x': 1624658400000, 'marker': {'symbol': 'url(https://tmssl.akamaized.net/images/wappen/verysmall/4529_1626461841.png?lm=1626461841)'}}, {'y': 600000, 'verein': 'DAC Dunajska Streda', 'age': '30', 'mw': '€600Th.', 'datum_mw': 'Dec 26, 2021', 'x': 1640473200000, 'marker': {'symbol': 'url(https://tmssl.akamaized.net/images/wappen/verysmall/4529.png?lm=1626461889)'}}, {'y': 550000, 'verein': 'DAC Dunajska Streda', 'age': '31', 'mw': '€550Th.', 'datum_mw': 'Jun 23, 2022', 'x': 1655935200000, 'marker': {'symbol': 'url(https://tmssl.akamaized.net/images/wappen/verysmall/4529.png?lm=1626461889)'}}]}]		-	2	504'						
Alex Pinto		Jul 8, 1998	Guimarães	23	1,87 m	Portugal	Defender - Right-Back	right	Onsoccer	DAC Dunajska Streda	Jan 17, 2022	Jun 30, 2024		0.0	26	16	0.63	-	-	2	7	2	1	-			1.087'	[{'type': 'line', 'name': 'Market value', 'data': [{'y': 400000, 'verein': 'SL Benfica B', 'age': '19', 'mw': '€400Th.', 'datum_mw': 'Sep 8, 2017', 'x': 1504821600000, 'marker': {'symbol': 'url(https://tmssl.akamaized.net/images/wappen/verysmall/10330.png?lm=1535908439)'}}, {'y': 750000, 'verein': 'SL Benfica B', 'age': '19', 'mw': '€750Th.', 'datum_mw': 'Feb 23, 2018', 'x': 1519340400000, 'marker': {'symbol': 'url(https://tmssl.akamaized.net/images/wappen/verysmall/10330.png?lm=1535908439)'}}, {'y': 850000, 'verein': 'SL Benfica B', 'age': '19', 'mw': '€850Th.', 'datum_mw': 'Jun 29, 2018', 'x': 1530223200000, 'marker': {'symbol': 'url(https://tmssl.akamaized.net/images/wappen/verysmall/10330.png?lm=1535908439)'}}, {'y': 1250000, 'verein': 'Gil Vicente FC', 'age': '20', 'mw': '€1.25m', 'datum_mw': 'Feb 12, 2019', 'x': 1549926000000, 'marker': {'symbol': 'url(https://tmssl.akamaized.net/images/wappen/verysmall/2424.png?lm=1624283300)'}}, {'y': 1250000, 'verein': 'Gil Vicente FC', 'age': '20', 'mw': '€1.25m', 'datum_mw': 'Jun 29, 2019', 'x': 1561759200000, 'marker': {'symbol': 'url(https://tmssl.akamaized.net/images/wappen/verysmall/2424.png?lm=1624283300)'}}, {'y': 800000, 'verein': 'Gil Vicente FC', 'age': '21', 'mw': '€800Th.', 'datum_mw': 'Dec 30, 2019', 'x': 1577660400000, 'marker': {'symbol': 'url(https://tmssl.akamaized.net/images/wappen/verysmall/2424.png?lm=1624283300)'}}, {'y': 725000, 'verein': 'Gil Vicente FC', 'age': '21', 'mw': '€725Th.', 'datum_mw': 'Apr 8, 2020', 'x': 1586296800000, 'marker': {'symbol': 'url(https://tmssl.akamaized.net/images/wappen/verysmall/2424.png?lm=1624283300)'}}, {'y': 800000, 'verein': 'SC Farense', 'age': '22', 'mw': '€800Th.', 'datum_mw': 'Aug 17, 2020', 'x': 1597615200000, 'marker': {'symbol': 'url(https://tmssl.akamaized.net/images/wappen/verysmall/4294.png?lm=1550150253)'}}, {'y': 800000, 'verein': 'SC Farense', 'age': '22', 'mw': '€800Th.', 'datum_mw': 'Jan 28, 2021', 'x': 1611788400000, 'marker': {'symbol': 'url(https://tmssl.akamaized.net/images/wappen/verysmall/4294.png?lm=1550150253)'}}, {'y': 650000, 'verein': 'SC Farense', 'age': '22', 'mw': '€650Th.', 'datum_mw': 'May 21, 2021', 'x': 1621548000000, 'marker': {'symbol': 'url(https://tmssl.akamaized.net/images/wappen/verysmall/4294.png?lm=1550150253)'}}, {'y': 550000, 'verein': 'DAC Dunajska Streda', 'age': '23', 'mw': '€550Th.', 'datum_mw': 'Jun 23, 2022', 'x': 1655935200000, 'marker': {'symbol': 'url(https://tmssl.akamaized.net/images/wappen/verysmall/4529.png?lm=1626461889)'}}]}]		-	-	-		Carlos Alexandre Reis Pinto	adidas			
César Blackman	César Rodolfo Blackman Camarena	Apr 2, 1998	Panama City	24	1,74 m	Panama	Defender - Right-Back	right	RELC SPORTS INC.	DAC Dunajska Streda	Sep 6, 2017	Jun 30, 2023	Aug 21, 2020	0.0	31	31	2.10	-	6	2	3	4	1	1			2.612'	[{'type': 'line', 'name': 'Market value', 'data': [{'y': 50000, 'verein': 'DAC Dunajska Streda', 'age': '19', 'mw': '€50Th.', 'datum_mw': 'Dec 28, 2017', 'x': 1514415600000, 'marker': {'symbol': 'url(https://tmssl.akamaized.net/images/wappen/verysmall/4529_1626461841.png?lm=1626461841)'}}, {'y': 75000, 'verein': 'DAC Dunajska Streda', 'age': '20', 'mw': '€75Th.', 'datum_mw': 'Jul 13, 2018', 'x': 1531432800000, 'marker': {'symbol': 'url(https://tmssl.akamaized.net/images/wappen/verysmall/4529_1626461841.png?lm=1626461841)'}}, {'y': 100000, 'verein': 'DAC Dunajska Streda', 'age': '20', 'mw': '€100Th.', 'datum_mw': 'Dec 30, 2018', 'x': 1546124400000, 'marker': {'symbol': 'url(https://tmssl.akamaized.net/images/wappen/verysmall/4529_1626461841.png?lm=1626461841)'}}, {'y': 200000, 'verein': 'DAC Dunajska Streda', 'age': '21', 'mw': '€200Th.', 'datum_mw': 'Jun 25, 2019', 'x': 1561413600000, 'marker': {'symbol': 'url(https://tmssl.akamaized.net/images/wappen/verysmall/4529_1626461841.png?lm=1626461841)'}}, {'y': 350000, 'verein': 'DAC Dunajska Streda', 'age': '21', 'mw': '€350Th.', 'datum_mw': 'Dec 15, 2019', 'x': 1576364400000, 'marker': {'symbol': 'url(https://tmssl.akamaized.net/images/wappen/verysmall/4529_1626461841.png?lm=1626461841)'}}, {'y': 325000, 'verein': 'DAC Dunajska Streda', 'age': '22', 'mw': '€325Th.', 'datum_mw': 'Apr 8, 2020', 'x': 1586296800000, 'marker': {'symbol': 'url(https://tmssl.akamaized.net/images/wappen/verysmall/4529_1626461841.png?lm=1626461841)'}}, {'y': 400000, 'verein': 'DAC Dunajska Streda', 'age': '22', 'mw': '€400Th.', 'datum_mw': 'Jul 10, 2020', 'x': 1594332000000, 'marker': {'symbol': 'url(https://tmssl.akamaized.net/images/wappen/verysmall/4529_1626461841.png?lm=1626461841)'}}, {'y': 500000, 'verein': 'DAC Dunajska Streda', 'age': '22', 'mw': '€500Th.', 'datum_mw': 'Dec 28, 2020', 'x': 1609110000000, 'marker': {'symbol': 'url(https://tmssl.akamaized.net/images/wappen/verysmall/4529_1626461841.png?lm=1626461841)'}}, {'y': 500000, 'verein': 'DAC Dunajska Streda', 'age': '23', 'mw': '€500Th.', 'datum_mw': 'Jun 26, 2021', 'x': 1624658400000, 'marker': {'symbol': 'url(https://tmssl.akamaized.net/images/wappen/verysmall/4529_1626461841.png?lm=1626461841)'}}, {'y': 500000, 'verein': 'DAC Dunajska Streda', 'age': '23', 'mw': '€500Th.', 'datum_mw': 'Dec 26, 2021', 'x': 1640473200000, 'marker': {'symbol': 'url(https://tmssl.akamaized.net/images/wappen/verysmall/4529.png?lm=1626461889)'}}, {'y': 450000, 'verein': 'DAC Dunajska Streda', 'age': '24', 'mw': '€450Th.', 'datum_mw': 'Jun 23, 2022', 'x': 1655935200000, 'marker': {'symbol': 'url(https://tmssl.akamaized.net/images/wappen/verysmall/4529.png?lm=1626461889)'}}]}]		-	-	-						
Luciano Vera		Feb 9, 2002	Wanda, Misiones	20	1,69 m	Argentina	Defender - Right-Back	right		DAC Dunajska Streda	Jan 20, 2021	Jun 30, 2024	Jun 10, 2022	0.0	11	10	2.00	-	-	1	1	4	-	1			798'	[{'type': 'line', 'name': 'Market value', 'data': [{'y': 500000, 'verein': 'CA River Plate II', 'age': '17', 'mw': '€500Th.', 'datum_mw': 'Aug 6, 2019', 'x': 1565042400000, 'marker': {'symbol': 'url(https://tmssl.akamaized.net/images/wappen/verysmall/15108_1647540024.png?lm=1647540024)'}}, {'y': 1500000, 'verein': 'CA River Plate II', 'age': '17', 'mw': '€1.50m', 'datum_mw': 'Dec 5, 2019', 'x': 1575500400000, 'marker': {'symbol': 'url(https://tmssl.akamaized.net/images/wappen/verysmall/15108_1647540024.png?lm=1647540024)'}}, {'y': 1300000, 'verein': 'CA River Plate II', 'age': '18', 'mw': '€1.30m', 'datum_mw': 'Apr 8, 2020', 'x': 1586296800000, 'marker': {'symbol': 'url(https://tmssl.akamaized.net/images/wappen/verysmall/15108_1647540024.png?lm=1647540024)'}}, {'y': 250000, 'verein': 'DAC Dunajska Streda', 'age': '19', 'mw': '€250Th.', 'datum_mw': 'Jun 26, 2021', 'x': 1624658400000, 'marker': {'symbol': 'url(https://tmssl.akamaized.net/images/wappen/verysmall/4529_1626461841.png?lm=1626461841)'}}, {'y': 250000, 'verein': 'DAC Dunajska Streda', 'age': '19', 'mw': '€250Th.', 'datum_mw': 'Dec 26, 2021', 'x': 1640473200000, 'marker': {'symbol': 'url(https://tmssl.akamaized.net/images/wappen/verysmall/4529.png?lm=1626461889)'}}, {'y': 175000, 'verein': 'DAC Dunajska Streda', 'age': '20', 'mw': '€175Th.', 'datum_mw': 'Jun 23, 2022', 'x': 1655935200000, 'marker': {'symbol': 'url(https://tmssl.akamaized.net/images/wappen/verysmall/4529.png?lm=1626461889)'}}]}]		-	-	-			Nike			
Milan Dimun		Sep 19, 1996	Košice	25	1,88 m	Slovakia	midfield - Defensive Midfield	right	Rabona Sports	DAC Dunajska Streda	Aug 4, 2021	Jun 30, 2023	Jul 24, 2018	0.0	31	29	1.55	-	1	13	7	4	-	-			1.665'	[{'type': 'line', 'name': 'Market value', 'data': [{'y': 125000, 'verein': 'MFK Košice', 'age': '18', 'mw': '€125Th.', 'datum_mw': 'Jun 9, 2015', 'x': 1433800800000, 'marker': {'symbol': 'url(https://tmssl.akamaized.net/images/wappen/verysmall/779_1436009244.png?lm=1436009244)'}}, {'y': 150000, 'verein': 'Cracovia', 'age': '19', 'mw': '€150Th.', 'datum_mw': 'Jul 24, 2016', 'x': 1469311200000, 'marker': {'symbol': 'url(https://tmssl.akamaized.net/images/wappen/verysmall/5689.png?lm=1404802274)'}}, {'y': 150000, 'verein': 'Cracovia', 'age': '20', 'mw': '€150Th.', 'datum_mw': 'Jan 21, 2017', 'x': 1484953200000, 'marker': {'symbol': 'url(https://tmssl.akamaized.net/images/wappen/verysmall/5689.png?lm=1404802274)'}}, {'y': 100000, 'verein': 'Cracovia', 'age': '20', 'mw': '€100Th.', 'datum_mw': 'Jul 5, 2017', 'x': 1499205600000, 'marker': {'symbol': 'url(https://tmssl.akamaized.net/images/wappen/verysmall/5689.png?lm=1404802274)'}}, {'y': 100000, 'verein': 'Cracovia', 'age': '21', 'mw': '€100Th.', 'datum_mw': 'Jan 16, 2018', 'x': 1516057200000, 'marker': {'symbol': 'url(https://tmssl.akamaized.net/images/wappen/verysmall/5689.png?lm=1404802274)'}}, {'y': 200000, 'verein': 'Cracovia', 'age': '21', 'mw': '€200Th.', 'datum_mw': 'Jul 3, 2018', 'x': 1530568800000, 'marker': {'symbol': 'url(https://tmssl.akamaized.net/images/wappen/verysmall/5689.png?lm=1404802274)'}}, {'y': 300000, 'verein': 'Cracovia', 'age': '22', 'mw': '€300Th.', 'datum_mw': 'Jan 25, 2019', 'x': 1548370800000, 'marker': {'symbol': 'url(https://tmssl.akamaized.net/images/wappen/verysmall/5689.png?lm=1404802274)'}}, {'y': 450000, 'verein': 'Cracovia', 'age': '22', 'mw': '€450Th.', 'datum_mw': 'Jun 29, 2019', 'x': 1561759200000, 'marker': {'symbol': 'url(https://tmssl.akamaized.net/images/wappen/verysmall/5689.png?lm=1404802274)'}}, {'y': 350000, 'verein': 'Cracovia', 'age': '23', 'mw': '€350Th.', 'datum_mw': 'Jan 15, 2020', 'x': 1579042800000, 'marker': {'symbol': 'url(https://tmssl.akamaized.net/images/wappen/verysmall/5689.png?lm=1404802274)'}}, {'y': 300000, 'verein': 'Cracovia', 'age': '23', 'mw': '€300Th.', 'datum_mw': 'Apr 8, 2020', 'x': 1586296800000, 'marker': {'symbol': 'url(https://tmssl.akamaized.net/images/wappen/verysmall/5689.png?lm=1404802274)'}}, {'y': 400000, 'verein': 'Cracovia', 'age': '24', 'mw': '€400Th.', 'datum_mw': 'Jan 19, 2021', 'x': 1611010800000, 'marker': {'symbol': 'url(https://tmssl.akamaized.net/images/wappen/verysmall/5689.png?lm=1404802274)'}}, {'y': 400000, 'verein': 'Cracovia', 'age': '24', 'mw': '€400Th.', 'datum_mw': 'May 21, 2021', 'x': 1621548000000, 'marker': {'symbol': 'url(https://tmssl.akamaized.net/images/wappen/verysmall/5689.png?lm=1404802274)'}}, {'y': 450000, 'verein': 'DAC Dunajska Streda', 'age': '25', 'mw': '€450Th.', 'datum_mw': 'Dec 26, 2021', 'x': 1640473200000, 'marker': {'symbol': 'url(https://tmssl.akamaized.net/images/wappen/verysmall/4529.png?lm=1626461889)'}}, {'y': 450000, 'verein': 'DAC Dunajska Streda', 'age': '25', 'mw': '€450Th.', 'datum_mw': 'Jun 23, 2022', 'x': 1655935200000, 'marker': {'symbol': 'url(https://tmssl.akamaized.net/images/wappen/verysmall/4529.png?lm=1626461889)'}}]}]		-	-	-						
Sainey Njie		Aug 30, 2001	Lamin	20	1,82 m	The Gambia	midfield - Defensive Midfield	right	4FC	DAC Dunajska Streda	Jan 1, 2020	Jun 30, 2023	Nov 25, 2020	0.0	38	31	2.19	3	2	14	6	6	-	-			1.494'	[{'type': 'line', 'name': 'Market value', 'data': [{'y': 50000, 'verein': 'DAC Dunajska Streda', 'age': '18', 'mw': '€50Th.', 'datum_mw': 'Jul 10, 2020', 'x': 1594332000000, 'marker': {'symbol': 'url(https://tmssl.akamaized.net/images/wappen/verysmall/4529_1626461841.png?lm=1626461841)'}}, {'y': 200000, 'verein': 'DAC Dunajska Streda', 'age': '19', 'mw': '€200Th.', 'datum_mw': 'Dec 28, 2020', 'x': 1609110000000, 'marker': {'symbol': 'url(https://tmssl.akamaized.net/images/wappen/verysmall/4529_1626461841.png?lm=1626461841)'}}, {'y': 200000, 'verein': 'DAC Dunajska Streda', 'age': '19', 'mw': '€200Th.', 'datum_mw': 'Jun 26, 2021', 'x': 1624658400000, 'marker': {'symbol': 'url(https://tmssl.akamaized.net/images/wappen/verysmall/4529_1626461841.png?lm=1626461841)'}}, {'y': 200000, 'verein': 'DAC Dunajska Streda', 'age': '20', 'mw': '€200Th.', 'datum_mw': 'Dec 26, 2021', 'x': 1640473200000, 'marker': {'symbol': 'url(https://tmssl.akamaized.net/images/wappen/verysmall/4529.png?lm=1626461889)'}}, {'y': 250000, 'verein': 'DAC Dunajska Streda', 'age': '20', 'mw': '€250Th.', 'datum_mw': 'Jun 23, 2022', 'x': 1655935200000, 'marker': {'symbol': 'url(https://tmssl.akamaized.net/images/wappen/verysmall/4529.png?lm=1626461889)'}}]}]		-	-	498'						
Zsolt Kalmár 																																						
Andrija Balic	Andrija Balić	Aug 11, 1997	Split	24	1,80 m	Croatia	midfield - Central Midfield	right	Stars & Friends	DAC Dunajska Streda	Aug 7, 2020	Jun 30, 2023		0.0	35	35	2.06	8	5	2	16	5	-	-			2.879'	[{'type': 'line', 'name': 'Market value', 'data': [{'y': 100000, 'verein': 'HNK Hajduk Split', 'age': '17', 'mw': '€100Th.', 'datum_mw': 'Oct 1, 2014', 'x': 1412114400000, 'marker': {'symbol': 'url(https://tmssl.akamaized.net/images/wappen/verysmall/447.png?lm=1404056125)'}}, {'y': 1750000, 'verein': 'HNK Hajduk Split', 'age': '17', 'mw': '€1.75m', 'datum_mw': 'Mar 17, 2015', 'x': 1426546800000, 'marker': {'symbol': 'url(https://tmssl.akamaized.net/images/wappen/verysmall/447.png?lm=1404056125)'}}, {'y': 3500000, 'verein': 'HNK Hajduk Split', 'age': '18', 'mw': '€3.50m', 'datum_mw': 'Sep 14, 2015', 'x': 1442181600000, 'marker': {'symbol': 'url(https://tmssl.akamaized.net/images/wappen/verysmall/447.png?lm=1404056125)'}}, {'y': 3500000, 'verein': 'Udinese Calcio', 'age': '18', 'mw': '€3.50m', 'datum_mw': 'Jul 15, 2016', 'x': 1468533600000, 'marker': {'symbol': 'url(https://tmssl.akamaized.net/images/wappen/verysmall/410.png?lm=1437136398)'}}, {'y': 3000000, 'verein': 'Udinese Calcio', 'age': '19', 'mw': '€3.00m', 'datum_mw': 'Jan 2, 2017', 'x': 1483311600000, 'marker': {'symbol': 'url(https://tmssl.akamaized.net/images/wappen/verysmall/410.png?lm=1437136398)'}}, {'y': 3000000, 'verein': 'Udinese Calcio', 'age': '19', 'mw': '€3.00m', 'datum_mw': 'Jun 8, 2017', 'x': 1496872800000, 'marker': {'symbol': 'url(https://tmssl.akamaized.net/images/wappen/verysmall/410.png?lm=1437136398)'}}, {'y': 2500000, 'verein': 'Udinese Calcio', 'age': '20', 'mw': '€2.50m', 'datum_mw': 'Dec 29, 2017', 'x': 1514502000000, 'marker': {'symbol': 'url(https://tmssl.akamaized.net/images/wappen/verysmall/410.png?lm=1437136398)'}}, {'y': 3500000, 'verein': 'Udinese Calcio', 'age': '20', 'mw': '€3.50m', 'datum_mw': 'Jun 7, 2018', 'x': 1528322400000, 'marker': {'symbol': 'url(https://tmssl.akamaized.net/images/wappen/verysmall/410.png?lm=1437136398)'}}, {'y': 3500000, 'verein': 'Udinese Calcio', 'age': '21', 'mw': '€3.50m', 'datum_mw': 'Dec 20, 2018', 'x': 1545260400000, 'marker': {'symbol': 'url(https://tmssl.akamaized.net/images/wappen/verysmall/410.png?lm=1437136398)'}}, {'y': 2000000, 'verein': 'Fortuna Sittard', 'age': '21', 'mw': '€2.00m', 'datum_mw': 'Jun 12, 2019', 'x': 1560290400000, 'marker': {'symbol': 'url(https://tmssl.akamaized.net/images/wappen/verysmall/385.png?lm=1610789891)'}}, {'y': 1400000, 'verein': 'AC Perugia Calcio', 'age': '22', 'mw': '€1.40m', 'datum_mw': 'Dec 30, 2019', 'x': 1577660400000, 'marker': {'symbol': 'url(https://tmssl.akamaized.net/images/wappen/verysmall/839.png?lm=1438548482)'}}, {'y': 1100000, 'verein': 'DAC Dunajska Streda', 'age': '22', 'mw': '€1.10m', 'datum_mw': 'Apr 8, 2020', 'x': 1586296800000, 'marker': {'symbol': 'url(https://tmssl.akamaized.net/images/wappen/verysmall/4529_1626461841.png?lm=1626461841)'}}, {'y': 900000, 'verein': 'DAC Dunajska Streda', 'age': '22', 'mw': '€900Th.', 'datum_mw': 'Jul 10, 2020', 'x': 1594332000000, 'marker': {'symbol': 'url(https://tmssl.akamaized.net/images/wappen/verysmall/4529_1626461841.png?lm=1626461841)'}}, {'y': 1000000, 'verein': 'DAC Dunajska Streda', 'age': '23', 'mw': '€1.00m', 'datum_mw': 'Dec 28, 2020', 'x': 1609110000000, 'marker': {'symbol': 'url(https://tmssl.akamaized.net/images/wappen/verysmall/4529_1626461841.png?lm=1626461841)'}}, {'y': 1000000, 'verein': 'DAC Dunajska Streda', 'age': '23', 'mw': '€1.00m', 'datum_mw': 'Jun 26, 2021', 'x': 1624658400000, 'marker': {'symbol': 'url(https://tmssl.akamaized.net/images/wappen/verysmall/4529_1626461841.png?lm=1626461841)'}}, {'y': 800000, 'verein': 'DAC Dunajska Streda', 'age': '24', 'mw': '€800Th.', 'datum_mw': 'Oct 12, 2021', 'x': 1633989600000, 'marker': {'symbol': 'url(https://tmssl.akamaized.net/images/wappen/verysmall/4529.png?lm=1626461889)'}}, {'y': 700000, 'verein': 'DAC Dunajska Streda', 'age': '24', 'mw': '€700Th.', 'datum_mw': 'Dec 26, 2021', 'x': 1640473200000, 'marker': {'symbol': 'url(https://tmssl.akamaized.net/images/wappen/verysmall/4529.png?lm=1626461889)'}}, {'y': 600000, 'verein': 'DAC Dunajska Streda', 'age': '24', 'mw': '€600Th.', 'datum_mw': 'Jun 23, 2022', 'x': 1655935200000, 'marker': {'symbol': 'url(https://tmssl.akamaized.net/images/wappen/verysmall/4529.png?lm=1626461889)'}}]}]		-	-	360'			Nike			
Sebastian Nebyla																																						
Dominik Veselovsky	Dominik Veselovský	Jul 19, 2002	Plzeň	19	1,67 m	Slovakia	midfield - Central Midfield	right	CSM Agency	DAC Dunajska Streda	Jul 1, 2019	Jun 30, 2024	Jan 1, 2022	0.0	24	19	1.63	1	-	8	10	1	-	-			872'	[{'type': 'line', 'name': 'Market value', 'data': [{'y': 100000, 'verein': 'DAC Dunajska Streda', 'age': '17', 'mw': '€100Th.', 'datum_mw': 'Dec 15, 2019', 'x': 1576364400000, 'marker': {'symbol': 'url(https://tmssl.akamaized.net/images/wappen/verysmall/4529_1626461841.png?lm=1626461841)'}}, {'y': 100000, 'verein': 'DAC Dunajska Streda', 'age': '17', 'mw': '€100Th.', 'datum_mw': 'Jul 10, 2020', 'x': 1594332000000, 'marker': {'symbol': 'url(https://tmssl.akamaized.net/images/wappen/verysmall/4529_1626461841.png?lm=1626461841)'}}, {'y': 100000, 'verein': 'STK 1914 Samorin', 'age': '18', 'mw': '€100Th.', 'datum_mw': 'Dec 28, 2020', 'x': 1609110000000, 'marker': {'symbol': 'url(https://tmssl.akamaized.net/images/wappen/verysmall/34775.png?lm=1569326978)'}}, {'y': 200000, 'verein': 'DAC Dunajska Streda', 'age': '19', 'mw': '€200Th.', 'datum_mw': 'Dec 26, 2021', 'x': 1640473200000, 'marker': {'symbol': 'url(https://tmssl.akamaized.net/images/wappen/verysmall/4529.png?lm=1626461889)'}}, {'y': 200000, 'verein': 'DAC Dunajska Streda', 'age': '19', 'mw': '€200Th.', 'datum_mw': 'Jun 23, 2022', 'x': 1655935200000, 'marker': {'symbol': 'url(https://tmssl.akamaized.net/images/wappen/verysmall/4529.png?lm=1626461889)'}}]}]		-	-	872'						
Ferenc Bögi	Ferenc Bögi	Apr 11, 2002		20		Slovakia	midfield - Central Midfield		SOCCON s.r.o.	DAC Dunajska Streda	Jan 1, 2021	Jun 30, 2023	Jan 19, 2021	0.0	11	7	0.86	-	1	4	2	1	-	-			308'	[{'type': 'line', 'name': 'Market value', 'data': [{'y': 25000, 'verein': 'DAC Dunajska Streda U19', 'age': '18', 'mw': '€25Th.', 'datum_mw': 'Dec 28, 2020', 'x': 1609110000000, 'marker': {'symbol': 'url(https://tmssl.akamaized.net/images/wappen/verysmall/4529_1626461841.png?lm=1626461841)'}}, {'y': 50000, 'verein': 'DAC Dunajska Streda', 'age': '19', 'mw': '€50Th.', 'datum_mw': 'Jun 26, 2021', 'x': 1624658400000, 'marker': {'symbol': 'url(https://tmssl.akamaized.net/images/wappen/verysmall/4529_1626461841.png?lm=1626461841)'}}, {'y': 75000, 'verein': 'STK 1914 Samorin', 'age': '19', 'mw': '€75Th.', 'datum_mw': 'Dec 28, 2021', 'x': 1640646000000, 'marker': {'symbol': 'url(https://tmssl.akamaized.net/images/wappen/verysmall/34775.png?lm=1569326978)'}}, {'y': 100000, 'verein': 'DAC Dunajska Streda', 'age': '20', 'mw': '€100Th.', 'datum_mw': 'Jun 23, 2022', 'x': 1655935200000, 'marker': {'symbol': 'url(https://tmssl.akamaized.net/images/wappen/verysmall/4529.png?lm=1626461889)'}}]}]		-	-	-						
Andrejs Ciganiks	Andrejs Cigaņiks	Apr 12, 1997	Riga	25	1,73 m	Latvia	midfield - Left Midfield	both	SIMF	DAC Dunajska Streda	Jul 19, 2021	Jun 30, 2023		0.0	36	25	2.04	-	1	7	6	2	-	-			1.644'	[{'type': 'line', 'name': 'Market value', 'data': [{'y': 75000, 'verein': 'FC Viktoria Köln', 'age': '19', 'mw': '€75Th.', 'datum_mw': 'Jul 15, 2016', 'x': 1468533600000, 'marker': {'symbol': 'url(https://tmssl.akamaized.net/images/wappen/verysmall/1622.png?lm=1403603014)'}}, {'y': 75000, 'verein': 'FC Viktoria Köln', 'age': '19', 'mw': '€75Th.', 'datum_mw': 'Nov 20, 2016', 'x': 1479596400000, 'marker': {'symbol': 'url(https://tmssl.akamaized.net/images/wappen/verysmall/1622.png?lm=1403603014)'}}, {'y': 50000, 'verein': 'FC Viktoria Köln', 'age': '19', 'mw': '€50Th.', 'datum_mw': 'Mar 15, 2017', 'x': 1489532400000, 'marker': {'symbol': 'url(https://tmssl.akamaized.net/images/wappen/verysmall/1622.png?lm=1403603014)'}}, {'y': 0, 'verein': 'FC Schalke 04 II', 'age': '20', 'mw': '-', 'datum_mw': 'Jul 1, 2017', 'x': 1498860000000, 'marker': {'symbol': 'url(https://tmssl.akamaized.net/images/wappen/verysmall/34.png?lm=1433588238)'}}, {'y': 150000, 'verein': 'SC Cambuur-Leeuwarden', 'age': '21', 'mw': '€150Th.', 'datum_mw': 'Jan 21, 2019', 'x': 1548025200000, 'marker': {'symbol': 'url(https://tmssl.akamaized.net/images/wappen/verysmall/133.png?lm=1610790927)'}}, {'y': 200000, 'verein': 'SC Cambuur-Leeuwarden', 'age': '22', 'mw': '€200Th.', 'datum_mw': 'Jun 27, 2019', 'x': 1561586400000, 'marker': {'symbol': 'url(https://tmssl.akamaized.net/images/wappen/verysmall/133.png?lm=1610790927)'}}, {'y': 400000, 'verein': 'Zorya Lugansk', 'age': '23', 'mw': '€400Th.', 'datum_mw': 'Sep 4, 2020', 'x': 1599170400000, 'marker': {'symbol': 'url(https://tmssl.akamaized.net/images/wappen/verysmall/10690.png?lm=1517128409)'}}, {'y': 800000, 'verein': 'Zorya Lugansk', 'age': '23', 'mw': '€800Th.', 'datum_mw': 'Jan 14, 2021', 'x': 1610578800000, 'marker': {'symbol': 'url(https://tmssl.akamaized.net/images/wappen/verysmall/10690.png?lm=1517128409)'}}, {'y': 700000, 'verein': 'Zorya Lugansk', 'age': '24', 'mw': '€700Th.', 'datum_mw': 'Jun 7, 2021', 'x': 1623016800000, 'marker': {'symbol': 'url(https://tmssl.akamaized.net/images/wappen/verysmall/10690.png?lm=1517128409)'}}, {'y': 700000, 'verein': 'DAC Dunajska Streda', 'age': '24', 'mw': '€700Th.', 'datum_mw': 'Dec 26, 2021', 'x': 1640473200000, 'marker': {'symbol': 'url(https://tmssl.akamaized.net/images/wappen/verysmall/4529.png?lm=1626461889)'}}, {'y': 650000, 'verein': 'DAC Dunajska Streda', 'age': '25', 'mw': '€650Th.', 'datum_mw': 'Jun 23, 2022', 'x': 1655935200000, 'marker': {'symbol': 'url(https://tmssl.akamaized.net/images/wappen/verysmall/4529.png?lm=1626461889)'}}]}]		-	-	-						
Yhoan Andzouana																																						
Brahim Moumou																																						
Regő Szánthó		Nov 22, 2000	Győr	21	1,86 m	Hungary	attack - Right Winger	left	Kalman Nemeth	DAC Dunajska Streda	Feb 21, 2022	Jun 30, 2023		0.0	29	29	1.41	11	7	6	19	5	-	-			1.920'	[{'type': 'line', 'name': 'Market value', 'data': [{'y': 75000, 'verein': 'ETO FC Győr ', 'age': '17', 'mw': '€75Th.', 'datum_mw': 'Mar 15, 2018', 'x': 1521068400000, 'marker': {'symbol': 'url(https://tmssl.akamaized.net/images/wappen/verysmall/6055.png?lm=1490383610)'}}, {'y': 75000, 'verein': 'ETO FC Győr ', 'age': '18', 'mw': '€75Th.', 'datum_mw': 'Jan 5, 2019', 'x': 1546642800000, 'marker': {'symbol': 'url(https://tmssl.akamaized.net/images/wappen/verysmall/6055.png?lm=1490383610)'}}, {'y': 150000, 'verein': 'ETO FC Győr ', 'age': '18', 'mw': '€150Th.', 'datum_mw': 'Oct 30, 2019', 'x': 1572390000000, 'marker': {'symbol': 'url(https://tmssl.akamaized.net/images/wappen/verysmall/6055.png?lm=1490383610)'}}, {'y': 150000, 'verein': 'Zalaegerszegi TE FC', 'age': '19', 'mw': '€150Th.', 'datum_mw': 'Jul 28, 2020', 'x': 1595887200000, 'marker': {'symbol': 'url(https://tmssl.akamaized.net/images/wappen/verysmall/1391.png?lm=1582047515)'}}, {'y': 350000, 'verein': 'Zalaegerszegi TE FC', 'age': '20', 'mw': '€350Th.', 'datum_mw': 'Jan 24, 2021', 'x': 1611442800000, 'marker': {'symbol': 'url(https://tmssl.akamaized.net/images/wappen/verysmall/1391.png?lm=1582047515)'}}, {'y': 500000, 'verein': 'Zalaegerszegi TE FC', 'age': '20', 'mw': '€500Th.', 'datum_mw': 'Jun 1, 2021', 'x': 1622498400000, 'marker': {'symbol': 'url(https://tmssl.akamaized.net/images/wappen/verysmall/1391.png?lm=1582047515)'}}, {'y': 450000, 'verein': 'Ferencvárosi TC', 'age': '21', 'mw': '€450Th.', 'datum_mw': 'Jan 7, 2022', 'x': 1641510000000, 'marker': {'symbol': 'url(https://tmssl.akamaized.net/images/wappen/verysmall/279.png?lm=1565263263)'}}, {'y': 450000, 'verein': 'DAC Dunajska Streda', 'age': '21', 'mw': '€450Th.', 'datum_mw': 'Jun 23, 2022', 'x': 1655935200000, 'marker': {'symbol': 'url(https://tmssl.akamaized.net/images/wappen/verysmall/4529.png?lm=1626461889)'}}]}]		-	1	175'				Option to buy	Ferencvárosi TC	-
Thibaud Verlinden	Thibaud Christa Philippe Verlinden	Jul 9, 1999	Brugge	22	1,74 m	"Belgium
  France"	attack - Right Winger	right		DAC Dunajska Streda	Sep 3, 2021	Jun 30, 2022		0.0	34	14	1.14	-	4	5	4	5	-	-			730'	[{'type': 'line', 'name': 'Market value', 'data': [{'y': 250000, 'verein': 'Stoke City U23', 'age': '18', 'mw': '€250Th.', 'datum_mw': 'Aug 16, 2017', 'x': 1502834400000, 'marker': {'symbol': 'url(https://tmssl.akamaized.net/images/wappen/verysmall/24219.png?lm=1472243727)'}}, {'y': 250000, 'verein': 'FC St. Pauli', 'age': '18', 'mw': '€250Th.', 'datum_mw': 'Jan 22, 2018', 'x': 1516575600000, 'marker': {'symbol': 'url(https://tmssl.akamaized.net/images/wappen/verysmall/35.png?lm=1521036360)'}}, {'y': 250000, 'verein': 'FC St. Pauli', 'age': '18', 'mw': '€250Th.', 'datum_mw': 'Jun 19, 2018', 'x': 1529359200000, 'marker': {'symbol': 'url(https://tmssl.akamaized.net/images/wappen/verysmall/35.png?lm=1521036360)'}}, {'y': 250000, 'verein': 'Stoke City', 'age': '20', 'mw': '€250Th.', 'datum_mw': 'Feb 27, 2020', 'x': 1582758000000, 'marker': {'symbol': 'url(https://tmssl.akamaized.net/images/wappen/verysmall/512.png?lm=1472243727)'}}, {'y': 250000, 'verein': 'Stoke City', 'age': '21', 'mw': '€250Th.', 'datum_mw': 'Oct 15, 2020', 'x': 1602712800000, 'marker': {'symbol': 'url(https://tmssl.akamaized.net/images/wappen/verysmall/512.png?lm=1472243727)'}}, {'y': 250000, 'verein': 'Fortuna Sittard', 'age': '21', 'mw': '€250Th.', 'datum_mw': 'May 19, 2021', 'x': 1621375200000, 'marker': {'symbol': 'url(https://tmssl.akamaized.net/images/wappen/verysmall/385.png?lm=1610789891)'}}, {'y': 200000, 'verein': 'DAC Dunajska Streda', 'age': '22', 'mw': '€200Th.', 'datum_mw': 'Dec 26, 2021', 'x': 1640473200000, 'marker': {'symbol': 'url(https://tmssl.akamaized.net/images/wappen/verysmall/4529.png?lm=1626461889)'}}, {'y': 250000, 'verein': 'DAC Dunajska Streda', 'age': '22', 'mw': '€250Th.', 'datum_mw': 'Jun 23, 2022', 'x': 1655935200000, 'marker': {'symbol': 'url(https://tmssl.akamaized.net/images/wappen/verysmall/4529.png?lm=1626461889)'}}]}]		-	-	-						
Andrezinho																																						
János Hahn 	Hahn János Csaba	Mar 15, 1995	Szekszárd	27	1,83 m	Hungary	attack - Centre-Forward	both	the path sports management	DAC Dunajska Streda	Sep 3, 2021	Jun 30, 2023		0.0	31	31	1.71	24	5	6	22	1	-	-			2.033'	[{'type': 'line', 'name': 'Market value', 'data': [{'y': 50000, 'verein': 'Paksi FC', 'age': '17', 'mw': '€50Th.', 'datum_mw': 'Feb 28, 2013', 'x': 1362006000000, 'marker': {'symbol': 'url(https://tmssl.akamaized.net/images/wappen/verysmall/12163.png?lm=1471454115)'}}, {'y': 75000, 'verein': 'Paksi FC', 'age': '18', 'mw': '€75Th.', 'datum_mw': 'Jul 12, 2013', 'x': 1373580000000, 'marker': {'symbol': 'url(https://tmssl.akamaized.net/images/wappen/verysmall/12163.png?lm=1471454115)'}}, {'y': 125000, 'verein': 'Paksi FC', 'age': '19', 'mw': '€125Th.', 'datum_mw': 'Feb 3, 2015', 'x': 1422918000000, 'marker': {'symbol': 'url(https://tmssl.akamaized.net/images/wappen/verysmall/12163.png?lm=1471454115)'}}, {'y': 150000, 'verein': 'Paksi FC', 'age': '20', 'mw': '€150Th.', 'datum_mw': 'Jul 21, 2015', 'x': 1437429600000, 'marker': {'symbol': 'url(https://tmssl.akamaized.net/images/wappen/verysmall/12163.png?lm=1471454115)'}}, {'y': 175000, 'verein': 'Paksi FC', 'age': '20', 'mw': '€175Th.', 'datum_mw': 'Nov 27, 2015', 'x': 1448578800000, 'marker': {'symbol': 'url(https://tmssl.akamaized.net/images/wappen/verysmall/12163.png?lm=1471454115)'}}, {'y': 300000, 'verein': 'Paksi FC', 'age': '21', 'mw': '€300Th.', 'datum_mw': 'Jun 1, 2016', 'x': 1464732000000, 'marker': {'symbol': 'url(https://tmssl.akamaized.net/images/wappen/verysmall/12163.png?lm=1471454115)'}}, {'y': 300000, 'verein': 'Paksi FC', 'age': '21', 'mw': '€300Th.', 'datum_mw': 'Sep 30, 2016', 'x': 1475186400000, 'marker': {'symbol': 'url(https://tmssl.akamaized.net/images/wappen/verysmall/12163.png?lm=1471454115)'}}, {'y': 300000, 'verein': 'Paksi FC', 'age': '21', 'mw': '€300Th.', 'datum_mw': 'Feb 23, 2017', 'x': 1487804400000, 'marker': {'symbol': 'url(https://tmssl.akamaized.net/images/wappen/verysmall/12163.png?lm=1471454115)'}}, {'y': 200000, 'verein': 'Paksi FC', 'age': '22', 'mw': '€200Th.', 'datum_mw': 'Jul 31, 2017', 'x': 1501452000000, 'marker': {'symbol': 'url(https://tmssl.akamaized.net/images/wappen/verysmall/12163.png?lm=1471454115)'}}, {'y': 200000, 'verein': 'Paksi FC', 'age': '23', 'mw': '€200Th.', 'datum_mw': 'Mar 15, 2018', 'x': 1521068400000, 'marker': {'symbol': 'url(https://tmssl.akamaized.net/images/wappen/verysmall/12163.png?lm=1471454115)'}}, {'y': 300000, 'verein': 'Paksi FC', 'age': '23', 'mw': '€300Th.', 'datum_mw': 'Jan 5, 2019', 'x': 1546642800000, 'marker': {'symbol': 'url(https://tmssl.akamaized.net/images/wappen/verysmall/12163.png?lm=1471454115)'}}, {'y': 300000, 'verein': 'Paksi FC', 'age': '24', 'mw': '€300Th.', 'datum_mw': 'Aug 7, 2019', 'x': 1565128800000, 'marker': {'symbol': 'url(https://tmssl.akamaized.net/images/wappen/verysmall/12163.png?lm=1471454115)'}}, {'y': 250000, 'verein': 'Paksi FC', 'age': '25', 'mw': '€250Th.', 'datum_mw': 'Jul 28, 2020', 'x': 1595887200000, 'marker': {'symbol': 'url(https://tmssl.akamaized.net/images/wappen/verysmall/12163.png?lm=1471454115)'}}, {'y': 300000, 'verein': 'Paksi FC', 'age': '25', 'mw': '€300Th.', 'datum_mw': 'Oct 23, 2020', 'x': 1603404000000, 'marker': {'symbol': 'url(https://tmssl.akamaized.net/images/wappen/verysmall/12163.png?lm=1471454115)'}}, {'y': 400000, 'verein': 'Paksi FC', 'age': '25', 'mw': '€400Th.', 'datum_mw': 'Jan 24, 2021', 'x': 1611442800000, 'marker': {'symbol': 'url(https://tmssl.akamaized.net/images/wappen/verysmall/12163.png?lm=1471454115)'}}, {'y': 750000, 'verein': 'Paksi FC', 'age': '26', 'mw': '€750Th.', 'datum_mw': 'Jun 1, 2021', 'x': 1622498400000, 'marker': {'symbol': 'url(https://tmssl.akamaized.net/images/wappen/verysmall/12163.png?lm=1471454115)'}}, {'y': 700000, 'verein': 'DAC Dunajska Streda', 'age': '26', 'mw': '€700Th.', 'datum_mw': 'Dec 26, 2021', 'x': 1640473200000, 'marker': {'symbol': 'url(https://tmssl.akamaized.net/images/wappen/verysmall/4529.png?lm=1626461889)'}}, {'y': 650000, 'verein': 'DAC Dunajska Streda', 'age': '27', 'mw': '€650Th.', 'datum_mw': 'Jun 23, 2022', 'x': 1655935200000, 'marker': {'symbol': 'url(https://tmssl.akamaized.net/images/wappen/verysmall/4529.png?lm=1626461889)'}}]}]		-	6	85'				Option for a further year		
Nikola Krstovic	Никола Крстовић	Apr 5, 2000	Golubovac	22	1,85 m	"Montenegro
  Serbia"	attack - Centre-Forward	right		DAC Dunajska Streda	Sep 4, 2021	Jun 30, 2025		0.0	44	13	2.85	2	-	11	1	2	-	-			344'	[{'type': 'line', 'name': 'Market value', 'data': [{'y': 50000, 'verein': 'FK Zeta Golubovac', 'age': '16', 'mw': '€50Th.', 'datum_mw': 'Aug 26, 2016', 'x': 1472162400000, 'marker': {'symbol': 'url(https://tmssl.akamaized.net/images/wappen/verysmall/1004.png?lm=1502108786)'}}, {'y': 50000, 'verein': 'FK Zeta Golubovac', 'age': '16', 'mw': '€50Th.', 'datum_mw': 'Mar 31, 2017', 'x': 1490911200000, 'marker': {'symbol': 'url(https://tmssl.akamaized.net/images/wappen/verysmall/1004.png?lm=1502108786)'}}, {'y': 125000, 'verein': 'FK Zeta Golubovac', 'age': '17', 'mw': '€125Th.', 'datum_mw': 'Sep 17, 2017', 'x': 1505599200000, 'marker': {'symbol': 'url(https://tmssl.akamaized.net/images/wappen/verysmall/1004.png?lm=1502108786)'}}, {'y': 375000, 'verein': 'FK Zeta Golubovac', 'age': '17', 'mw': '€375Th.', 'datum_mw': 'Mar 31, 2018', 'x': 1522447200000, 'marker': {'symbol': 'url(https://tmssl.akamaized.net/images/wappen/verysmall/1004.png?lm=1502108786)'}}, {'y': 350000, 'verein': 'FK Zeta Golubovac', 'age': '18', 'mw': '€350Th.', 'datum_mw': 'Oct 1, 2018', 'x': 1538344800000, 'marker': {'symbol': 'url(https://tmssl.akamaized.net/images/wappen/verysmall/1004.png?lm=1502108786)'}}, {'y': 400000, 'verein': 'FK Zeta Golubovac', 'age': '19', 'mw': '€400Th.', 'datum_mw': 'Apr 5, 2019', 'x': 1554415200000, 'marker': {'symbol': 'url(https://tmssl.akamaized.net/images/wappen/verysmall/1004.png?lm=1502108786)'}}, {'y': 600000, 'verein': 'Red Star Belgrade', 'age': '19', 'mw': '€600Th.', 'datum_mw': 'Oct 28, 2019', 'x': 1572217200000, 'marker': {'symbol': 'url(https://tmssl.akamaized.net/images/wappen/verysmall/159.png?lm=1567102522)'}}, {'y': 525000, 'verein': 'Graficar Belgrad', 'age': '20', 'mw': '€525Th.', 'datum_mw': 'Apr 8, 2020', 'x': 1586296800000, 'marker': {'symbol': 'url(https://tmssl.akamaized.net/images/wappen/verysmall/4655.png?lm=1548960147)'}}, {'y': 300000, 'verein': 'Graficar Belgrad', 'age': '20', 'mw': '€300Th.', 'datum_mw': 'Jun 21, 2020', 'x': 1592690400000, 'marker': {'symbol': 'url(https://tmssl.akamaized.net/images/wappen/verysmall/4655.png?lm=1548960147)'}}, {'y': 500000, 'verein': 'Red Star Belgrade', 'age': '20', 'mw': '€500Th.', 'datum_mw': 'Dec 22, 2020', 'x': 1608591600000, 'marker': {'symbol': 'url(https://tmssl.akamaized.net/images/wappen/verysmall/159.png?lm=1567102522)'}}, {'y': 500000, 'verein': 'Red Star Belgrade', 'age': '21', 'mw': '€500Th.', 'datum_mw': 'Jun 12, 2021', 'x': 1623448800000, 'marker': {'symbol': 'url(https://tmssl.akamaized.net/images/wappen/verysmall/159.png?lm=1567102522)'}}, {'y': 500000, 'verein': 'DAC Dunajska Streda', 'age': '21', 'mw': '€500Th.', 'datum_mw': 'Dec 26, 2021', 'x': 1640473200000, 'marker': {'symbol': 'url(https://tmssl.akamaized.net/images/wappen/verysmall/4529.png?lm=1626461889)'}}, {'y': 550000, 'verein': 'DAC Dunajska Streda', 'age': '22', 'mw': '€550Th.', 'datum_mw': 'Jun 23, 2022', 'x': 1655935200000, 'marker': {'symbol': 'url(https://tmssl.akamaized.net/images/wappen/verysmall/4529.png?lm=1626461889)'}}]}]		-	-	172'			Nike			
Norbert Balogh	Balogh Norbert Sándor	Feb 21, 1996	Hajdúböszörmény	26	1,96 m	Hungary	attack - Centre-Forward	right	Stars & Friends	DAC Dunajska Streda	Feb 14, 2022	Jun 30, 2022		0.0	28	27	1.19	10	4	5	11	4	-	-			1.966'	[{'type': 'line', 'name': 'Market value', 'data': [{'y': 50000, 'verein': 'Debreceni VSC', 'age': '18', 'mw': '€50Th.', 'datum_mw': 'Feb 3, 2015', 'x': 1422918000000, 'marker': {'symbol': 'url(https://tmssl.akamaized.net/images/wappen/verysmall/84.png?lm=1506972075)'}}, {'y': 50000, 'verein': 'Debreceni VSC', 'age': '19', 'mw': '€50Th.', 'datum_mw': 'Jul 21, 2015', 'x': 1437429600000, 'marker': {'symbol': 'url(https://tmssl.akamaized.net/images/wappen/verysmall/84.png?lm=1506972075)'}}, {'y': 300000, 'verein': 'Debreceni VSC', 'age': '19', 'mw': '€300Th.', 'datum_mw': 'Nov 27, 2015', 'x': 1448578800000, 'marker': {'symbol': 'url(https://tmssl.akamaized.net/images/wappen/verysmall/84.png?lm=1506972075)'}}, {'y': 1500000, 'verein': 'US Palermo', 'age': '20', 'mw': '€1.50m', 'datum_mw': 'Apr 1, 2016', 'x': 1459461600000, 'marker': {'symbol': 'url(https://tmssl.akamaized.net/images/wappen/verysmall/458_1565704833.png?lm=1565704833)'}}, {'y': 1400000, 'verein': 'US Palermo', 'age': '20', 'mw': '€1.40m', 'datum_mw': 'Jul 15, 2016', 'x': 1468533600000, 'marker': {'symbol': 'url(https://tmssl.akamaized.net/images/wappen/verysmall/458_1565704833.png?lm=1565704833)'}}, {'y': 1400000, 'verein': 'US Palermo', 'age': '20', 'mw': '€1.40m', 'datum_mw': 'Jan 2, 2017', 'x': 1483311600000, 'marker': {'symbol': 'url(https://tmssl.akamaized.net/images/wappen/verysmall/458_1565704833.png?lm=1565704833)'}}, {'y': 1200000, 'verein': 'US Palermo', 'age': '21', 'mw': '€1.20m', 'datum_mw': 'Jun 8, 2017', 'x': 1496872800000, 'marker': {'symbol': 'url(https://tmssl.akamaized.net/images/wappen/verysmall/458_1565704833.png?lm=1565704833)'}}, {'y': 1200000, 'verein': 'US Palermo', 'age': '21', 'mw': '€1.20m', 'datum_mw': 'Dec 21, 2017', 'x': 1513810800000, 'marker': {'symbol': 'url(https://tmssl.akamaized.net/images/wappen/verysmall/458_1565704833.png?lm=1565704833)'}}, {'y': 800000, 'verein': 'US Palermo', 'age': '22', 'mw': '€800Th.', 'datum_mw': 'Jun 18, 2018', 'x': 1529272800000, 'marker': {'symbol': 'url(https://tmssl.akamaized.net/images/wappen/verysmall/458_1565704833.png?lm=1565704833)'}}, {'y': 600000, 'verein': 'APOEL Nicosia', 'age': '22', 'mw': '€600Th.', 'datum_mw': 'Dec 31, 2018', 'x': 1546210800000, 'marker': {'symbol': 'url(https://tmssl.akamaized.net/images/wappen/verysmall/2784.png?lm=1536096930)'}}, {'y': 600000, 'verein': 'APOEL Nicosia', 'age': '23', 'mw': '€600Th.', 'datum_mw': 'Jun 25, 2019', 'x': 1561413600000, 'marker': {'symbol': 'url(https://tmssl.akamaized.net/images/wappen/verysmall/2784.png?lm=1536096930)'}}, {'y': 400000, 'verein': 'Hull City', 'age': '24', 'mw': '€400Th.', 'datum_mw': 'Feb 27, 2020', 'x': 1582758000000, 'marker': {'symbol': 'url(https://tmssl.akamaized.net/images/wappen/verysmall/3008.png?lm=1562662491)'}}, {'y': 325000, 'verein': 'Hull City', 'age': '24', 'mw': '€325Th.', 'datum_mw': 'Apr 8, 2020', 'x': 1586296800000, 'marker': {'symbol': 'url(https://tmssl.akamaized.net/images/wappen/verysmall/3008.png?lm=1562662491)'}}, {'y': 450000, 'verein': 'Budapest Honvéd FC', 'age': '24', 'mw': '€450Th.', 'datum_mw': 'Oct 23, 2020', 'x': 1603404000000, 'marker': {'symbol': 'url(https://tmssl.akamaized.net/images/wappen/verysmall/709.png?lm=1598281899)'}}, {'y': 500000, 'verein': 'Budapest Honvéd FC', 'age': '24', 'mw': '€500Th.', 'datum_mw': 'Jan 24, 2021', 'x': 1611442800000, 'marker': {'symbol': 'url(https://tmssl.akamaized.net/images/wappen/verysmall/709.png?lm=1598281899)'}}, {'y': 600000, 'verein': 'Budapest Honvéd FC', 'age': '25', 'mw': '€600Th.', 'datum_mw': 'Jun 1, 2021', 'x': 1622498400000, 'marker': {'symbol': 'url(https://tmssl.akamaized.net/images/wappen/verysmall/709.png?lm=1598281899)'}}, {'y': 500000, 'verein': 'Budapest Honvéd FC', 'age': '25', 'mw': '€500Th.', 'datum_mw': 'Oct 11, 2021', 'x': 1633903200000, 'marker': {'symbol': 'url(https://tmssl.akamaized.net/images/wappen/verysmall/709.png?lm=1598281899)'}}, {'y': 400000, 'verein': 'Budapest Honvéd FC', 'age': '25', 'mw': '€400Th.', 'datum_mw': 'Jan 7, 2022', 'x': 1641510000000, 'marker': {'symbol': 'url(https://tmssl.akamaized.net/images/wappen/verysmall/709.png?lm=1598281899)'}}, {'y': 450000, 'verein': 'DAC Dunajska Streda', 'age': '26', 'mw': '€450Th.', 'datum_mw': 'Jun 23, 2022', 'x': 1655935200000, 'marker': {'symbol': 'url(https://tmssl.akamaized.net/images/wappen/verysmall/4529.png?lm=1626461889)'}}]}]		-	-	197'				Option to buy	Budapest Honvéd FC	Jun 30, 2023
Sharani Zuberu		Jan 7, 2000	Accra	22	1,85 m	Ghana	attack - Centre-Forward	left	SPOCS Global Sports	DAC Dunajska Streda	Jul 8, 2019	Jun 30, 2022	Jul 1, 2021	0.0	19	16	1.44	2	1	9	4	1	-	-			723'	[{'type': 'line', 'name': 'Market value', 'data': [{'y': 100000, 'verein': 'Unknown', 'age': '18', 'mw': '€100Th.', 'datum_mw': 'Jul 16, 2018', 'x': 1531692000000, 'marker': {'symbol': 'url(https://tmssl.akamaized.net/images/wappen/verysmall/75.png?lm=1456997316)'}}, {'y': 100000, 'verein': 'DAC Dunajska Streda', 'age': '19', 'mw': '€100Th.', 'datum_mw': 'Dec 15, 2019', 'x': 1576364400000, 'marker': {'symbol': 'url(https://tmssl.akamaized.net/images/wappen/verysmall/4529_1626461841.png?lm=1626461841)'}}, {'y': 100000, 'verein': 'DAC Dunajska Streda', 'age': '20', 'mw': '€100Th.', 'datum_mw': 'Jul 10, 2020', 'x': 1594332000000, 'marker': {'symbol': 'url(https://tmssl.akamaized.net/images/wappen/verysmall/4529_1626461841.png?lm=1626461841)'}}, {'y': 100000, 'verein': 'DAC Dunajska Streda', 'age': '20', 'mw': '€100Th.', 'datum_mw': 'Dec 28, 2020', 'x': 1609110000000, 'marker': {'symbol': 'url(https://tmssl.akamaized.net/images/wappen/verysmall/4529_1626461841.png?lm=1626461841)'}}, {'y': 150000, 'verein': 'Zemplin Michalovce', 'age': '21', 'mw': '€150Th.', 'datum_mw': 'Jun 26, 2021', 'x': 1624658400000, 'marker': {'symbol': 'url(https://tmssl.akamaized.net/images/wappen/verysmall/13744_1626798875.png?lm=1626798876)'}}, {'y': 200000, 'verein': 'DAC Dunajska Streda', 'age': '21', 'mw': '€200Th.', 'datum_mw': 'Oct 12, 2021', 'x': 1633989600000, 'marker': {'symbol': 'url(https://tmssl.akamaized.net/images/wappen/verysmall/4529.png?lm=1626461889)'}}, {'y': 250000, 'verein': 'DAC Dunajska Streda', 'age': '21', 'mw': '€250Th.', 'datum_mw': 'Dec 26, 2021', 'x': 1640473200000, 'marker': {'symbol': 'url(https://tmssl.akamaized.net/images/wappen/verysmall/4529.png?lm=1626461889)'}}, {'y': 250000, 'verein': 'DAC Dunajska Streda', 'age': '22', 'mw': '€250Th.', 'datum_mw': 'Jun 23, 2022', 'x': 1655935200000, 'marker': {'symbol': 'url(https://tmssl.akamaized.net/images/wappen/verysmall/4529.png?lm=1626461889)'}}]}]		-	-	362'						
Ákos Szendrei 		Jan 23, 2003	Szekszárd	19	1,84 m	Hungary	attack - Centre-Forward	right	Stars & Friends	DAC Dunajska Streda	Sep 5, 2021	Jun 30, 2026		0.0	16	8	1.63	2	2	6	2	-	-	-			231'	[{'type': 'line', 'name': 'Market value', 'data': [{'y': 50000, 'verein': 'Paksi FC', 'age': '16', 'mw': '€50Th.', 'datum_mw': 'Oct 30, 2019', 'x': 1572390000000, 'marker': {'symbol': 'url(https://tmssl.akamaized.net/images/wappen/verysmall/12163.png?lm=1471454115)'}}, {'y': 75000, 'verein': 'Paksi FC', 'age': '17', 'mw': '€75Th.', 'datum_mw': 'Jul 28, 2020', 'x': 1595887200000, 'marker': {'symbol': 'url(https://tmssl.akamaized.net/images/wappen/verysmall/12163.png?lm=1471454115)'}}, {'y': 75000, 'verein': 'Paksi FC', 'age': '18', 'mw': '€75Th.', 'datum_mw': 'Jan 24, 2021', 'x': 1611442800000, 'marker': {'symbol': 'url(https://tmssl.akamaized.net/images/wappen/verysmall/12163.png?lm=1471454115)'}}, {'y': 150000, 'verein': 'Paksi FC', 'age': '18', 'mw': '€150Th.', 'datum_mw': 'Jun 1, 2021', 'x': 1622498400000, 'marker': {'symbol': 'url(https://tmssl.akamaized.net/images/wappen/verysmall/12163.png?lm=1471454115)'}}, {'y': 175000, 'verein': 'DAC Dunajska Streda', 'age': '18', 'mw': '€175Th.', 'datum_mw': 'Dec 26, 2021', 'x': 1640473200000, 'marker': {'symbol': 'url(https://tmssl.akamaized.net/images/wappen/verysmall/4529.png?lm=1626461889)'}}, {'y': 150000, 'verein': 'DAC Dunajska Streda', 'age': '19', 'mw': '€150Th.', 'datum_mw': 'Jun 23, 2022', 'x': 1655935200000, 'marker': {'symbol': 'url(https://tmssl.akamaized.net/images/wappen/verysmall/4529.png?lm=1626461889)'}}]}]		-	-	116'						
