Name	Name in home country	Date of birth	Place of birth	Age	Height	Citizenship	Position	Foot	Player agent	Current club	Joined	Contract expires	CL Appearances	Squad	Appearances	PPG	Goals	Assists	Sub on	Sub off	Yellow cards	Seccond Yellow Cards	Red cards	Goals conceded	Clean sheets	Minutes played	Market Values	2nd club	Own goals	Penalty goals	Minutes per goal	On loan from	Contract there expires	Social-Media	Date of last contract extension	Full name	Contract option	Outfitter
Eduard Pap	Eduard Adrian Pap	Jul 1, 1994	Jimbolia	27	1,82 m	Romania	Goalkeeper	right	FGA	FC Botosani	Jul 1, 2017	Jun 30, 2022	0.0	44	21	1.33	-	-	-	-	2	-	-	24	4	1.890'	[{'type': 'line', 'name': 'Market value', 'data': [{'y': 150000, 'verein': 'ACS Poli Timisoara (2012 - 2021)', 'age': '18', 'mw': '€150Th.', 'datum_mw': 'Jun 10, 2013', 'x': 1370815200000, 'marker': {'symbol': 'url(https://tmssl.akamaized.net/images/wappen/verysmall/36590_1443373552.png?lm=1443373552)'}}, {'y': 100000, 'verein': 'ACS Poli Timisoara (2012 - 2021)', 'age': '19', 'mw': '€100Th.', 'datum_mw': 'Sep 13, 2013', 'x': 1379023200000, 'marker': {'symbol': 'url(https://tmssl.akamaized.net/images/wappen/verysmall/36590_1443373552.png?lm=1443373552)'}}, {'y': 200000, 'verein': 'ACS Poli Timisoara (2012 - 2021)', 'age': '19', 'mw': '€200Th.', 'datum_mw': 'Dec 30, 2013', 'x': 1388358000000, 'marker': {'symbol': 'url(https://tmssl.akamaized.net/images/wappen/verysmall/36590_1443373552.png?lm=1443373552)'}}, {'y': 150000, 'verein': 'ACS Poli Timisoara (2012 - 2021)', 'age': '19', 'mw': '€150Th.', 'datum_mw': 'Jun 12, 2014', 'x': 1402524000000, 'marker': {'symbol': 'url(https://tmssl.akamaized.net/images/wappen/verysmall/36590_1443373552.png?lm=1443373552)'}}, {'y': 150000, 'verein': 'ACS Poli Timisoara (2012 - 2021)', 'age': '20', 'mw': '€150Th.', 'datum_mw': 'Dec 12, 2014', 'x': 1418338800000, 'marker': {'symbol': 'url(https://tmssl.akamaized.net/images/wappen/verysmall/36590_1443373552.png?lm=1443373552)'}}, {'y': 250000, 'verein': 'ACS Poli Timisoara (2012 - 2021)', 'age': '20', 'mw': '€250Th.', 'datum_mw': 'Jun 1, 2015', 'x': 1433109600000, 'marker': {'symbol': 'url(https://tmssl.akamaized.net/images/wappen/verysmall/36590_1443373552.png?lm=1443373552)'}}, {'y': 150000, 'verein': 'ACS Poli Timisoara (2012 - 2021)', 'age': '21', 'mw': '€150Th.', 'datum_mw': 'Dec 22, 2015', 'x': 1450738800000, 'marker': {'symbol': 'url(https://tmssl.akamaized.net/images/wappen/verysmall/36590.png?lm=1443373581)'}}, {'y': 150000, 'verein': 'Luceafarul Oradea', 'age': '22', 'mw': '€150Th.', 'datum_mw': 'Dec 16, 2016', 'x': 1481842800000, 'marker': {'symbol': 'url(https://tmssl.akamaized.net/images/wappen/verysmall/34768.png?lm=1474753834)'}}, {'y': 250000, 'verein': 'ASA 2013 Targu Mures (-2018)', 'age': '22', 'mw': '€250Th.', 'datum_mw': 'Mar 21, 2017', 'x': 1490050800000, 'marker': {'symbol': 'url(https://tmssl.akamaized.net/images/wappen/verysmall/16650.png?lm=1416161417)'}}, {'y': 350000, 'verein': 'ASA 2013 Targu Mures (-2018)', 'age': '22', 'mw': '€350Th.', 'datum_mw': 'Jun 17, 2017', 'x': 1497650400000, 'marker': {'symbol': 'url(https://tmssl.akamaized.net/images/wappen/verysmall/16650.png?lm=1416161417)'}}, {'y': 250000, 'verein': 'FC Botosani', 'age': '23', 'mw': '€250Th.', 'datum_mw': 'Dec 27, 2017', 'x': 1514329200000, 'marker': {'symbol': 'url(https://tmssl.akamaized.net/images/wappen/verysmall/8818.png?lm=1416161632)'}}, {'y': 250000, 'verein': 'FC Botosani', 'age': '23', 'mw': '€250Th.', 'datum_mw': 'Jun 14, 2018', 'x': 1528927200000, 'marker': {'symbol': 'url(https://tmssl.akamaized.net/images/wappen/verysmall/8818.png?lm=1416161632)'}}, {'y': 350000, 'verein': 'FC Botosani', 'age': '24', 'mw': '€350Th.', 'datum_mw': 'Sep 24, 2018', 'x': 1537740000000, 'marker': {'symbol': 'url(https://tmssl.akamaized.net/images/wappen/verysmall/8818.png?lm=1416161632)'}}, {'y': 400000, 'verein': 'FC Botosani', 'age': '24', 'mw': '€400Th.', 'datum_mw': 'Dec 23, 2018', 'x': 1545519600000, 'marker': {'symbol': 'url(https://tmssl.akamaized.net/images/wappen/verysmall/8818.png?lm=1416161632)'}}, {'y': 500000, 'verein': 'FC Botosani', 'age': '24', 'mw': '€500Th.', 'datum_mw': 'Jun 18, 2019', 'x': 1560808800000, 'marker': {'symbol': 'url(https://tmssl.akamaized.net/images/wappen/verysmall/8818.png?lm=1416161632)'}}, {'y': 650000, 'verein': 'FC Botosani', 'age': '25', 'mw': '€650Th.', 'datum_mw': 'Dec 21, 2019', 'x': 1576882800000, 'marker': {'symbol': 'url(https://tmssl.akamaized.net/images/wappen/verysmall/8818.png?lm=1416161632)'}}, {'y': 450000, 'verein': 'FC Botosani', 'age': '25', 'mw': '€450Th.', 'datum_mw': 'Mar 23, 2020', 'x': 1584918000000, 'marker': {'symbol': 'url(https://tmssl.akamaized.net/images/wappen/verysmall/8818.png?lm=1416161632)'}}, {'y': 350000, 'verein': 'FC Botosani', 'age': '25', 'mw': '€350Th.', 'datum_mw': 'Apr 8, 2020', 'x': 1586296800000, 'marker': {'symbol': 'url(https://tmssl.akamaized.net/images/wappen/verysmall/8818.png?lm=1416161632)'}}, {'y': 450000, 'verein': 'FC Botosani', 'age': '26', 'mw': '€450Th.', 'datum_mw': 'Aug 5, 2020', 'x': 1596578400000, 'marker': {'symbol': 'url(https://tmssl.akamaized.net/images/wappen/verysmall/8818.png?lm=1416161632)'}}, {'y': 450000, 'verein': 'FC Botosani', 'age': '26', 'mw': '€450Th.', 'datum_mw': 'Dec 18, 2020', 'x': 1608246000000, 'marker': {'symbol': 'url(https://tmssl.akamaized.net/images/wappen/verysmall/8818.png?lm=1416161632)'}}, {'y': 350000, 'verein': 'FC Botosani', 'age': '26', 'mw': '€350Th.', 'datum_mw': 'Mar 21, 2021', 'x': 1616281200000, 'marker': {'symbol': 'url(https://tmssl.akamaized.net/images/wappen/verysmall/8818.png?lm=1416161632)'}}, {'y': 350000, 'verein': 'FC Botosani', 'age': '26', 'mw': '€350Th.', 'datum_mw': 'Jun 3, 2021', 'x': 1622671200000, 'marker': {'symbol': 'url(https://tmssl.akamaized.net/images/wappen/verysmall/8818.png?lm=1416161632)'}}, {'y': 500000, 'verein': 'FC Botosani', 'age': '27', 'mw': '€500Th.', 'datum_mw': 'Sep 30, 2021', 'x': 1632952800000, 'marker': {'symbol': 'url(https://tmssl.akamaized.net/images/wappen/verysmall/8818.png?lm=1416161632)'}}, {'y': 650000, 'verein': 'FC Botosani', 'age': '27', 'mw': '€650Th.', 'datum_mw': 'Dec 22, 2021', 'x': 1640127600000, 'marker': {'symbol': 'url(https://tmssl.akamaized.net/images/wappen/verysmall/8818.png?lm=1416161632)'}}, {'y': 650000, 'verein': 'FC Botosani', 'age': '27', 'mw': '€650Th.', 'datum_mw': 'Jun 3, 2022', 'x': 1654207200000, 'marker': {'symbol': 'url(https://tmssl.akamaized.net/images/wappen/verysmall/8818.png?lm=1416161632)'}}]}]											
Mario Contra	Mario Roberto Mihai Contra	Sep 15, 1999	Timişoara	22	1,86 m	Romania	Goalkeeper	right	THE PLAYERS AGENT SRL	FC Botosani	Sep 24, 2020	Jun 30, 2022	0.0	1	-			-	-	-	-	-	-	-	-	-	[{'type': 'line', 'name': 'Market value', 'data': [{'y': 50000, 'verein': 'Unknown', 'age': '16', 'mw': '€50Th.', 'datum_mw': 'May 30, 2016', 'x': 1464559200000, 'marker': {'symbol': 'url(https://tmssl.akamaized.net/images/wappen/verysmall/75.png?lm=1456997316)'}}, {'y': 50000, 'verein': 'Unknown', 'age': '17', 'mw': '€50Th.', 'datum_mw': 'Dec 21, 2016', 'x': 1482274800000, 'marker': {'symbol': 'url(https://tmssl.akamaized.net/images/wappen/verysmall/75.png?lm=1456997316)'}}, {'y': 50000, 'verein': 'Unknown', 'age': '17', 'mw': '€50Th.', 'datum_mw': 'Jun 17, 2017', 'x': 1497650400000, 'marker': {'symbol': 'url(https://tmssl.akamaized.net/images/wappen/verysmall/75.png?lm=1456997316)'}}, {'y': 75000, 'verein': 'Ripensia Timisoara', 'age': '18', 'mw': '€75Th.', 'datum_mw': 'Jun 16, 2018', 'x': 1529100000000, 'marker': {'symbol': 'url(https://tmssl.akamaized.net/images/wappen/verysmall/34750.png?lm=1407081868)'}}, {'y': 125000, 'verein': 'ACS Poli Timisoara (2012 - 2021)', 'age': '19', 'mw': '€125Th.', 'datum_mw': 'Dec 26, 2018', 'x': 1545778800000, 'marker': {'symbol': 'url(https://tmssl.akamaized.net/images/wappen/verysmall/36590.png?lm=1443373581)'}}, {'y': 75000, 'verein': 'ACS Poli Timisoara (2012 - 2021)', 'age': '19', 'mw': '€75Th.', 'datum_mw': 'Jun 21, 2019', 'x': 1561068000000, 'marker': {'symbol': 'url(https://tmssl.akamaized.net/images/wappen/verysmall/36590.png?lm=1443373581)'}}, {'y': 75000, 'verein': 'SSU Politehnica Timisoara', 'age': '20', 'mw': '€75Th.', 'datum_mw': 'Dec 21, 2019', 'x': 1576882800000, 'marker': {'symbol': 'url(https://tmssl.akamaized.net/images/wappen/verysmall/39835.png?lm=1474753660)'}}, {'y': 75000, 'verein': 'SSU Politehnica Timisoara', 'age': '20', 'mw': '€75Th.', 'datum_mw': 'Aug 5, 2020', 'x': 1596578400000, 'marker': {'symbol': 'url(https://tmssl.akamaized.net/images/wappen/verysmall/39835.png?lm=1474753660)'}}, {'y': 50000, 'verein': 'FC Botosani', 'age': '21', 'mw': '€50Th.', 'datum_mw': 'Dec 18, 2020', 'x': 1608246000000, 'marker': {'symbol': 'url(https://tmssl.akamaized.net/images/wappen/verysmall/8818.png?lm=1416161632)'}}, {'y': 50000, 'verein': 'FC Botosani', 'age': '21', 'mw': '€50Th.', 'datum_mw': 'Jun 3, 2021', 'x': 1622671200000, 'marker': {'symbol': 'url(https://tmssl.akamaized.net/images/wappen/verysmall/8818.png?lm=1416161632)'}}, {'y': 100000, 'verein': 'FC Botosani', 'age': '22', 'mw': '€100Th.', 'datum_mw': 'Dec 22, 2021', 'x': 1640127600000, 'marker': {'symbol': 'url(https://tmssl.akamaized.net/images/wappen/verysmall/8818.png?lm=1416161632)'}}, {'y': 100000, 'verein': 'FC Botosani', 'age': '22', 'mw': '€100Th.', 'datum_mw': 'Jun 3, 2022', 'x': 1654207200000, 'marker': {'symbol': 'url(https://tmssl.akamaized.net/images/wappen/verysmall/8818.png?lm=1416161632)'}}]}]											
Cristian Sirghi	Cristian Sîrghi	Jun 24, 2004		18		Moldova	Goalkeeper			FC Botosani	Jan 1, 2022	-	0.0	1	1			-	-	1	-	-	-	-	-	1	[{'type': 'line', 'name': 'Market value', 'data': [{'y': 10000, 'verein': 'FC Botosani U19', 'age': '17', 'mw': '€10Th.', 'datum_mw': 'Dec 25, 2021', 'x': 1640386800000, 'marker': {'symbol': 'url(https://tmssl.akamaized.net/images/wappen/verysmall/66953.png?lm=1619770707)'}}, {'y': 25000, 'verein': 'FC Botosani', 'age': '17', 'mw': '€25Th.', 'datum_mw': 'Jun 3, 2022', 'x': 1654207200000, 'marker': {'symbol': 'url(https://tmssl.akamaized.net/images/wappen/verysmall/8818.png?lm=1416161632)'}}]}]	FC Botosani U19										
Serban Tomache																																						
Joyskim Dawa	Joyskim Aurélien Dawa Tchakonte	Apr 9, 1996	Colombes	26	1,94 m	"Cameroon
  France"	Defender - Centre-Back	right	Challenge Management SA	FC Botosani	Aug 1, 2021	Jun 30, 2023	0.0	13	12	2.08	2	1	-	-	4	-	-			1.080'	[{'type': 'line', 'name': 'Market value', 'data': [{'y': 100000, 'verein': 'FK Mariupol', 'age': '22', 'mw': '€100Th.', 'datum_mw': 'Aug 6, 2018', 'x': 1533506400000, 'marker': {'symbol': 'url(https://tmssl.akamaized.net/images/wappen/verysmall/6993.png?lm=1499197929)'}}, {'y': 400000, 'verein': 'FK Mariupol', 'age': '22', 'mw': '€400Th.', 'datum_mw': 'Dec 10, 2018', 'x': 1544396400000, 'marker': {'symbol': 'url(https://tmssl.akamaized.net/images/wappen/verysmall/6993.png?lm=1499197929)'}}, {'y': 400000, 'verein': 'FK Mariupol', 'age': '23', 'mw': '€400Th.', 'datum_mw': 'Jun 20, 2019', 'x': 1560981600000, 'marker': {'symbol': 'url(https://tmssl.akamaized.net/images/wappen/verysmall/6993.png?lm=1499197929)'}}, {'y': 500000, 'verein': 'FK Mariupol', 'age': '23', 'mw': '€500Th.', 'datum_mw': 'Jan 8, 2020', 'x': 1578438000000, 'marker': {'symbol': 'url(https://tmssl.akamaized.net/images/wappen/verysmall/6993.png?lm=1499197929)'}}, {'y': 400000, 'verein': 'FK Mariupol', 'age': '23', 'mw': '€400Th.', 'datum_mw': 'Apr 8, 2020', 'x': 1586296800000, 'marker': {'symbol': 'url(https://tmssl.akamaized.net/images/wappen/verysmall/6993.png?lm=1499197929)'}}, {'y': 400000, 'verein': 'FK Mariupol', 'age': '24', 'mw': '€400Th.', 'datum_mw': 'Sep 4, 2020', 'x': 1599170400000, 'marker': {'symbol': 'url(https://tmssl.akamaized.net/images/wappen/verysmall/6993.png?lm=1499197929)'}}, {'y': 400000, 'verein': 'Valmiera FC', 'age': '24', 'mw': '€400Th.', 'datum_mw': 'Dec 20, 2020', 'x': 1608418800000, 'marker': {'symbol': 'url(https://tmssl.akamaized.net/images/wappen/verysmall/5084_1652176066.png?lm=1652176066)'}}, {'y': 400000, 'verein': 'Valmiera FC', 'age': '25', 'mw': '€400Th.', 'datum_mw': 'Jun 16, 2021', 'x': 1623794400000, 'marker': {'symbol': 'url(https://tmssl.akamaized.net/images/wappen/verysmall/5084_1652176066.png?lm=1652176066)'}}, {'y': 550000, 'verein': 'FC Botosani', 'age': '25', 'mw': '€550Th.', 'datum_mw': 'Dec 22, 2021', 'x': 1640127600000, 'marker': {'symbol': 'url(https://tmssl.akamaized.net/images/wappen/verysmall/8818.png?lm=1416161632)'}}, {'y': 650000, 'verein': 'FC Botosani', 'age': '25', 'mw': '€650Th.', 'datum_mw': 'Mar 29, 2022', 'x': 1648504800000, 'marker': {'symbol': 'url(https://tmssl.akamaized.net/images/wappen/verysmall/8818.png?lm=1416161632)'}}, {'y': 650000, 'verein': 'FC Botosani', 'age': '26', 'mw': '€650Th.', 'datum_mw': 'Jun 3, 2022', 'x': 1654207200000, 'marker': {'symbol': 'url(https://tmssl.akamaized.net/images/wappen/verysmall/8818.png?lm=1416161632)'}}]}]		1	-	540'							
Alin Seroni	Alin Ioan Șeroni	Mar 26, 1987	Lugoj	35	1,95 m	Romania	Defender - Centre-Back	left	FGA	FC Botosani	Jan 7, 2020	Jun 30, 2022	0.0	40	34	1.41	-	-	5	1	12	1	-			2.656'	[{'type': 'line', 'name': 'Market value', 'data': [{'y': 300000, 'verein': 'ACS Poli Timisoara (2012 - 2021)', 'age': '26', 'mw': '€300Th.', 'datum_mw': 'Jun 10, 2013', 'x': 1370815200000, 'marker': {'symbol': 'url(https://tmssl.akamaized.net/images/wappen/verysmall/36590_1443373552.png?lm=1443373552)'}}, {'y': 500000, 'verein': 'ACS Poli Timisoara (2012 - 2021)', 'age': '26', 'mw': '€500Th.', 'datum_mw': 'Sep 13, 2013', 'x': 1379023200000, 'marker': {'symbol': 'url(https://tmssl.akamaized.net/images/wappen/verysmall/36590_1443373552.png?lm=1443373552)'}}, {'y': 600000, 'verein': 'ACS Poli Timisoara (2012 - 2021)', 'age': '26', 'mw': '€600Th.', 'datum_mw': 'Dec 30, 2013', 'x': 1388358000000, 'marker': {'symbol': 'url(https://tmssl.akamaized.net/images/wappen/verysmall/36590_1443373552.png?lm=1443373552)'}}, {'y': 600000, 'verein': 'ACS Poli Timisoara (2012 - 2021)', 'age': '27', 'mw': '€600Th.', 'datum_mw': 'Jun 12, 2014', 'x': 1402524000000, 'marker': {'symbol': 'url(https://tmssl.akamaized.net/images/wappen/verysmall/36590_1443373552.png?lm=1443373552)'}}, {'y': 500000, 'verein': 'FC Viitorul Constanta', 'age': '27', 'mw': '€500Th.', 'datum_mw': 'Sep 16, 2014', 'x': 1410818400000, 'marker': {'symbol': 'url(https://tmssl.akamaized.net/images/wappen/verysmall/29831_1499521347.png?lm=1499521347)'}}, {'y': 150000, 'verein': 'FC Viitorul Constanta', 'age': '27', 'mw': '€150Th.', 'datum_mw': 'Dec 15, 2014', 'x': 1418598000000, 'marker': {'symbol': 'url(https://tmssl.akamaized.net/images/wappen/verysmall/29831_1499521347.png?lm=1499521347)'}}, {'y': 125000, 'verein': 'CSF Speranta Nisporeni (- 2021)', 'age': '28', 'mw': '€125Th.', 'datum_mw': 'Sep 7, 2015', 'x': 1441576800000, 'marker': {'symbol': 'url(https://tmssl.akamaized.net/images/wappen/verysmall/45520_1552229049.png?lm=1552229049)'}}, {'y': 150000, 'verein': 'CSF Speranta Nisporeni (- 2021)', 'age': '29', 'mw': '€150Th.', 'datum_mw': 'May 10, 2016', 'x': 1462831200000, 'marker': {'symbol': 'url(https://tmssl.akamaized.net/images/wappen/verysmall/45520_1552229049.png?lm=1552229049)'}}, {'y': 200000, 'verein': 'ACS Poli Timisoara (2012 - 2021)', 'age': '29', 'mw': '€200Th.', 'datum_mw': 'Dec 21, 2016', 'x': 1482274800000, 'marker': {'symbol': 'url(https://tmssl.akamaized.net/images/wappen/verysmall/36590.png?lm=1443373581)'}}, {'y': 350000, 'verein': 'ACS Poli Timisoara (2012 - 2021)', 'age': '29', 'mw': '€350Th.', 'datum_mw': 'Mar 21, 2017', 'x': 1490050800000, 'marker': {'symbol': 'url(https://tmssl.akamaized.net/images/wappen/verysmall/36590.png?lm=1443373581)'}}, {'y': 350000, 'verein': 'ACS Poli Timisoara (2012 - 2021)', 'age': '30', 'mw': '€350Th.', 'datum_mw': 'Jun 17, 2017', 'x': 1497650400000, 'marker': {'symbol': 'url(https://tmssl.akamaized.net/images/wappen/verysmall/36590.png?lm=1443373581)'}}, {'y': 250000, 'verein': 'ACS Poli Timisoara (2012 - 2021)', 'age': '30', 'mw': '€250Th.', 'datum_mw': 'Dec 27, 2017', 'x': 1514329200000, 'marker': {'symbol': 'url(https://tmssl.akamaized.net/images/wappen/verysmall/36590.png?lm=1443373581)'}}, {'y': 200000, 'verein': 'ACS Poli Timisoara (2012 - 2021)', 'age': '31', 'mw': '€200Th.', 'datum_mw': 'Jun 14, 2018', 'x': 1528927200000, 'marker': {'symbol': 'url(https://tmssl.akamaized.net/images/wappen/verysmall/36590.png?lm=1443373581)'}}, {'y': 150000, 'verein': 'Dunarea Calarasi', 'age': '31', 'mw': '€150Th.', 'datum_mw': 'Dec 23, 2018', 'x': 1545519600000, 'marker': {'symbol': 'url(https://tmssl.akamaized.net/images/wappen/verysmall/37239.png?lm=1494109100)'}}, {'y': 150000, 'verein': 'UTA Arad', 'age': '32', 'mw': '€150Th.', 'datum_mw': 'Jun 21, 2019', 'x': 1561068000000, 'marker': {'symbol': 'url(https://tmssl.akamaized.net/images/wappen/verysmall/952.png?lm=1546257012)'}}, {'y': 75000, 'verein': 'UTA Arad', 'age': '32', 'mw': '€75Th.', 'datum_mw': 'Dec 21, 2019', 'x': 1576882800000, 'marker': {'symbol': 'url(https://tmssl.akamaized.net/images/wappen/verysmall/952.png?lm=1546257012)'}}, {'y': 150000, 'verein': 'FC Botosani', 'age': '32', 'mw': '€150Th.', 'datum_mw': 'Mar 23, 2020', 'x': 1584918000000, 'marker': {'symbol': 'url(https://tmssl.akamaized.net/images/wappen/verysmall/8818.png?lm=1416161632)'}}, {'y': 250000, 'verein': 'FC Botosani', 'age': '33', 'mw': '€250Th.', 'datum_mw': 'Aug 5, 2020', 'x': 1596578400000, 'marker': {'symbol': 'url(https://tmssl.akamaized.net/images/wappen/verysmall/8818.png?lm=1416161632)'}}, {'y': 300000, 'verein': 'FC Botosani', 'age': '33', 'mw': '€300Th.', 'datum_mw': 'Dec 18, 2020', 'x': 1608246000000, 'marker': {'symbol': 'url(https://tmssl.akamaized.net/images/wappen/verysmall/8818.png?lm=1416161632)'}}, {'y': 350000, 'verein': 'FC Botosani', 'age': '34', 'mw': '€350Th.', 'datum_mw': 'Jun 3, 2021', 'x': 1622671200000, 'marker': {'symbol': 'url(https://tmssl.akamaized.net/images/wappen/verysmall/8818.png?lm=1416161632)'}}, {'y': 350000, 'verein': 'FC Botosani', 'age': '34', 'mw': '€350Th.', 'datum_mw': 'Dec 22, 2021', 'x': 1640127600000, 'marker': {'symbol': 'url(https://tmssl.akamaized.net/images/wappen/verysmall/8818.png?lm=1416161632)'}}, {'y': 250000, 'verein': 'FC Botosani', 'age': '35', 'mw': '€250Th.', 'datum_mw': 'Jun 3, 2022', 'x': 1654207200000, 'marker': {'symbol': 'url(https://tmssl.akamaized.net/images/wappen/verysmall/8818.png?lm=1416161632)'}}]}]		1	-	-							
Marian Lutu																																						
Alexandru Tiganasu	Alexandru Țigănașu	Jun 12, 1990	Săveni	32	1,79 m	Romania	Defender - Left-Back	left	FGA	FC Botosani	Jul 10, 2019	Jun 30, 2022	0.0	38	35	1.23	-	2	5	2	5	1	-			2.642'	[{'type': 'line', 'name': 'Market value', 'data': [{'y': 150000, 'verein': 'Astra Ploiesti', 'age': '21', 'mw': '€150Th.', 'datum_mw': 'Sep 29, 2011', 'x': 1317247200000, 'marker': {'symbol': 'url(https://tmssl.akamaized.net/images/wappen/verysmall/13499_1401582892.png?lm=1401582885)'}}, {'y': 600000, 'verein': 'Astra Ploiesti', 'age': '21', 'mw': '€600Th.', 'datum_mw': 'Dec 24, 2011', 'x': 1324681200000, 'marker': {'symbol': 'url(https://tmssl.akamaized.net/images/wappen/verysmall/13499_1401582892.png?lm=1401582885)'}}, {'y': 550000, 'verein': 'Astra Ploiesti', 'age': '21', 'mw': '€550Th.', 'datum_mw': 'Apr 1, 2012', 'x': 1333231200000, 'marker': {'symbol': 'url(https://tmssl.akamaized.net/images/wappen/verysmall/13499_1401582892.png?lm=1401582885)'}}, {'y': 400000, 'verein': 'CSMS Iași', 'age': '22', 'mw': '€400Th.', 'datum_mw': 'Aug 21, 2012', 'x': 1345500000000, 'marker': {'symbol': 'url(https://tmssl.akamaized.net/images/wappen/verysmall/33966_1474922532.png?lm=1474922532)'}}, {'y': 400000, 'verein': 'CSMS Iași', 'age': '22', 'mw': '€400Th.', 'datum_mw': 'Dec 12, 2012', 'x': 1355266800000, 'marker': {'symbol': 'url(https://tmssl.akamaized.net/images/wappen/verysmall/33966_1474922532.png?lm=1474922532)'}}, {'y': 500000, 'verein': 'CSMS Iași', 'age': '22', 'mw': '€500Th.', 'datum_mw': 'Jun 5, 2013', 'x': 1370383200000, 'marker': {'symbol': 'url(https://tmssl.akamaized.net/images/wappen/verysmall/33966_1474922532.png?lm=1474922532)'}}, {'y': 500000, 'verein': 'CSMS Iași', 'age': '23', 'mw': '€500Th.', 'datum_mw': 'Oct 8, 2013', 'x': 1381183200000, 'marker': {'symbol': 'url(https://tmssl.akamaized.net/images/wappen/verysmall/33966_1474922532.png?lm=1474922532)'}}, {'y': 500000, 'verein': 'CSMS Iași', 'age': '24', 'mw': '€500Th.', 'datum_mw': 'Jun 12, 2014', 'x': 1402524000000, 'marker': {'symbol': 'url(https://tmssl.akamaized.net/images/wappen/verysmall/33966_1474922532.png?lm=1474922532)'}}, {'y': 300000, 'verein': 'CSMS Iași', 'age': '24', 'mw': '€300Th.', 'datum_mw': 'Dec 15, 2014', 'x': 1418598000000, 'marker': {'symbol': 'url(https://tmssl.akamaized.net/images/wappen/verysmall/33966_1474922532.png?lm=1474922532)'}}, {'y': 400000, 'verein': 'CSMS Iași', 'age': '24', 'mw': '€400Th.', 'datum_mw': 'Mar 23, 2015', 'x': 1427065200000, 'marker': {'symbol': 'url(https://tmssl.akamaized.net/images/wappen/verysmall/33966_1474922532.png?lm=1474922532)'}}, {'y': 500000, 'verein': 'CSMS Iași', 'age': '24', 'mw': '€500Th.', 'datum_mw': 'Jun 1, 2015', 'x': 1433109600000, 'marker': {'symbol': 'url(https://tmssl.akamaized.net/images/wappen/verysmall/33966_1474922532.png?lm=1474922532)'}}, {'y': 450000, 'verein': 'CSMS Iași', 'age': '25', 'mw': '€450Th.', 'datum_mw': 'Dec 22, 2015', 'x': 1450738800000, 'marker': {'symbol': 'url(https://tmssl.akamaized.net/images/wappen/verysmall/33966_1474922532.png?lm=1474922532)'}}, {'y': 450000, 'verein': 'CSMS Iași', 'age': '25', 'mw': '€450Th.', 'datum_mw': 'Jun 1, 2016', 'x': 1464732000000, 'marker': {'symbol': 'url(https://tmssl.akamaized.net/images/wappen/verysmall/33966_1474922532.png?lm=1474922532)'}}, {'y': 450000, 'verein': 'ACSM Politehnica Iasi', 'age': '26', 'mw': '€450Th.', 'datum_mw': 'Dec 21, 2016', 'x': 1482274800000, 'marker': {'symbol': 'url(https://tmssl.akamaized.net/images/wappen/verysmall/33966.png?lm=1538310370)'}}, {'y': 550000, 'verein': 'ACSM Politehnica Iasi', 'age': '27', 'mw': '€550Th.', 'datum_mw': 'Jun 17, 2017', 'x': 1497650400000, 'marker': {'symbol': 'url(https://tmssl.akamaized.net/images/wappen/verysmall/33966.png?lm=1538310370)'}}, {'y': 400000, 'verein': 'ACS Poli Timisoara (2012 - 2021)', 'age': '27', 'mw': '€400Th.', 'datum_mw': 'Dec 27, 2017', 'x': 1514329200000, 'marker': {'symbol': 'url(https://tmssl.akamaized.net/images/wappen/verysmall/36590.png?lm=1443373581)'}}, {'y': 250000, 'verein': 'ACS Poli Timisoara (2012 - 2021)', 'age': '28', 'mw': '€250Th.', 'datum_mw': 'Jun 14, 2018', 'x': 1528927200000, 'marker': {'symbol': 'url(https://tmssl.akamaized.net/images/wappen/verysmall/36590.png?lm=1443373581)'}}, {'y': 250000, 'verein': 'Petrolul Ploiesti', 'age': '28', 'mw': '€250Th.', 'datum_mw': 'Dec 26, 2018', 'x': 1545778800000, 'marker': {'symbol': 'url(https://tmssl.akamaized.net/images/wappen/verysmall/9465.png?lm=1458581485)'}}, {'y': 200000, 'verein': 'Petrolul Ploiesti', 'age': '29', 'mw': '€200Th.', 'datum_mw': 'Jun 21, 2019', 'x': 1561068000000, 'marker': {'symbol': 'url(https://tmssl.akamaized.net/images/wappen/verysmall/9465.png?lm=1458581485)'}}, {'y': 450000, 'verein': 'FC Botosani', 'age': '29', 'mw': '€450Th.', 'datum_mw': 'Dec 21, 2019', 'x': 1576882800000, 'marker': {'symbol': 'url(https://tmssl.akamaized.net/images/wappen/verysmall/8818.png?lm=1416161632)'}}, {'y': 350000, 'verein': 'FC Botosani', 'age': '29', 'mw': '€350Th.', 'datum_mw': 'Apr 8, 2020', 'x': 1586296800000, 'marker': {'symbol': 'url(https://tmssl.akamaized.net/images/wappen/verysmall/8818.png?lm=1416161632)'}}, {'y': 450000, 'verein': 'FC Botosani', 'age': '30', 'mw': '€450Th.', 'datum_mw': 'Aug 5, 2020', 'x': 1596578400000, 'marker': {'symbol': 'url(https://tmssl.akamaized.net/images/wappen/verysmall/8818.png?lm=1416161632)'}}, {'y': 400000, 'verein': 'FC Botosani', 'age': '30', 'mw': '€400Th.', 'datum_mw': 'Dec 18, 2020', 'x': 1608246000000, 'marker': {'symbol': 'url(https://tmssl.akamaized.net/images/wappen/verysmall/8818.png?lm=1416161632)'}}, {'y': 400000, 'verein': 'FC Botosani', 'age': '30', 'mw': '€400Th.', 'datum_mw': 'Jun 3, 2021', 'x': 1622671200000, 'marker': {'symbol': 'url(https://tmssl.akamaized.net/images/wappen/verysmall/8818.png?lm=1416161632)'}}, {'y': 500000, 'verein': 'FC Botosani', 'age': '31', 'mw': '€500Th.', 'datum_mw': 'Sep 30, 2021', 'x': 1632952800000, 'marker': {'symbol': 'url(https://tmssl.akamaized.net/images/wappen/verysmall/8818.png?lm=1416161632)'}}, {'y': 500000, 'verein': 'FC Botosani', 'age': '31', 'mw': '€500Th.', 'datum_mw': 'Dec 22, 2021', 'x': 1640127600000, 'marker': {'symbol': 'url(https://tmssl.akamaized.net/images/wappen/verysmall/8818.png?lm=1416161632)'}}, {'y': 600000, 'verein': 'FC Botosani', 'age': '31', 'mw': '€600Th.', 'datum_mw': 'Jun 3, 2022', 'x': 1654207200000, 'marker': {'symbol': 'url(https://tmssl.akamaized.net/images/wappen/verysmall/8818.png?lm=1416161632)'}}]}]		2	-	-							
Andrei Dragu	Andrei Fernando Dragu	Oct 7, 1999	Târgu Jiu	22	1,71 m	Romania	Defender - Left-Back	left	iFootball	FC Botosani	Jul 1, 2021	Jun 30, 2025	0.0	30	30	1.63	3	-	5	9	1	-	-			2.314'	[{'type': 'line', 'name': 'Market value', 'data': [{'y': 50000, 'verein': 'Unknown', 'age': '17', 'mw': '€50Th.', 'datum_mw': 'Dec 29, 2016', 'x': 1482966000000, 'marker': {'symbol': 'url(https://tmssl.akamaized.net/images/wappen/verysmall/75.png?lm=1456997316)'}}, {'y': 25000, 'verein': 'Unknown', 'age': '18', 'mw': '€25Th.', 'datum_mw': 'Dec 17, 2017', 'x': 1513465200000, 'marker': {'symbol': 'url(https://tmssl.akamaized.net/images/wappen/verysmall/75.png?lm=1456997316)'}}, {'y': 25000, 'verein': 'ACS Șirineasa', 'age': '18', 'mw': '€25Th.', 'datum_mw': 'Jun 14, 2018', 'x': 1528927200000, 'marker': {'symbol': 'url(https://tmssl.akamaized.net/images/wappen/verysmall/62129_1572895032.png?lm=1572895032)'}}, {'y': 200000, 'verein': 'ACS Energeticianul', 'age': '19', 'mw': '€200Th.', 'datum_mw': 'Dec 26, 2018', 'x': 1545778800000, 'marker': {'symbol': 'url(https://tmssl.akamaized.net/images/wappen/verysmall/62129_1572895032.png?lm=1572895032)'}}, {'y': 200000, 'verein': 'ACS Energeticianul', 'age': '19', 'mw': '€200Th.', 'datum_mw': 'Jun 21, 2019', 'x': 1561068000000, 'marker': {'symbol': 'url(https://tmssl.akamaized.net/images/wappen/verysmall/62129_1572895032.png?lm=1572895032)'}}, {'y': 225000, 'verein': 'ACS Viitorul P. Targu Jiu', 'age': '20', 'mw': '€225Th.', 'datum_mw': 'Dec 21, 2019', 'x': 1576882800000, 'marker': {'symbol': 'url(https://tmssl.akamaized.net/images/wappen/verysmall/62129.png?lm=1572894993)'}}, {'y': 250000, 'verein': 'ACS Viitorul P. Targu Jiu', 'age': '20', 'mw': '€250Th.', 'datum_mw': 'Aug 5, 2020', 'x': 1596578400000, 'marker': {'symbol': 'url(https://tmssl.akamaized.net/images/wappen/verysmall/62129.png?lm=1572894993)'}}, {'y': 275000, 'verein': 'ACS Viitorul P. Targu Jiu', 'age': '21', 'mw': '€275Th.', 'datum_mw': 'Dec 22, 2020', 'x': 1608591600000, 'marker': {'symbol': 'url(https://tmssl.akamaized.net/images/wappen/verysmall/62129.png?lm=1572894993)'}}, {'y': 350000, 'verein': 'ACS Viitorul P. Targu Jiu', 'age': '21', 'mw': '€350Th.', 'datum_mw': 'Jun 5, 2021', 'x': 1622844000000, 'marker': {'symbol': 'url(https://tmssl.akamaized.net/images/wappen/verysmall/62129.png?lm=1572894993)'}}, {'y': 300000, 'verein': 'FC Botosani', 'age': '22', 'mw': '€300Th.', 'datum_mw': 'Dec 22, 2021', 'x': 1640127600000, 'marker': {'symbol': 'url(https://tmssl.akamaized.net/images/wappen/verysmall/8818.png?lm=1416161632)'}}, {'y': 300000, 'verein': 'FC Botosani', 'age': '22', 'mw': '€300Th.', 'datum_mw': 'Jun 3, 2022', 'x': 1654207200000, 'marker': {'symbol': 'url(https://tmssl.akamaized.net/images/wappen/verysmall/8818.png?lm=1416161632)'}}]}]		-	1	771'							
Robert Neciu	Robert Sorin Neciu	Jan 10, 1999	Roșiorii de Vede	23	1,73 m	Romania	Defender - Left-Back			FC Botosani	Aug 13, 2021	Jun 30, 2024	0.0	11	11	1.55	-	-	-	4	-	-	-			865'	[{'type': 'line', 'name': 'Market value', 'data': [{'y': 150000, 'verein': 'FC Farul Constanta', 'age': '20', 'mw': '€150Th.', 'datum_mw': 'Jun 21, 2019', 'x': 1561068000000, 'marker': {'symbol': 'url(https://tmssl.akamaized.net/images/wappen/verysmall/63536_1628630853.png?lm=1628630853)'}}, {'y': 200000, 'verein': 'AFC Chindia Targoviste', 'age': '20', 'mw': '€200Th.', 'datum_mw': 'Sep 26, 2019', 'x': 1569448800000, 'marker': {'symbol': 'url(https://tmssl.akamaized.net/images/wappen/verysmall/12680.png?lm=1462035035)'}}, {'y': 250000, 'verein': 'AFC Chindia Targoviste', 'age': '20', 'mw': '€250Th.', 'datum_mw': 'Dec 21, 2019', 'x': 1576882800000, 'marker': {'symbol': 'url(https://tmssl.akamaized.net/images/wappen/verysmall/12680.png?lm=1462035035)'}}, {'y': 200000, 'verein': 'FC Universitatea Cluj', 'age': '21', 'mw': '€200Th.', 'datum_mw': 'Aug 5, 2020', 'x': 1596578400000, 'marker': {'symbol': 'url(https://tmssl.akamaized.net/images/wappen/verysmall/6429.png?lm=1416161674)'}}, {'y': 200000, 'verein': 'FC Universitatea Cluj', 'age': '21', 'mw': '€200Th.', 'datum_mw': 'Dec 22, 2020', 'x': 1608591600000, 'marker': {'symbol': 'url(https://tmssl.akamaized.net/images/wappen/verysmall/6429.png?lm=1416161674)'}}, {'y': 125000, 'verein': 'FC Universitatea Cluj', 'age': '22', 'mw': '€125Th.', 'datum_mw': 'Jun 5, 2021', 'x': 1622844000000, 'marker': {'symbol': 'url(https://tmssl.akamaized.net/images/wappen/verysmall/6429.png?lm=1416161674)'}}, {'y': 50000, 'verein': 'FC Botosani', 'age': '22', 'mw': '€50Th.', 'datum_mw': 'Dec 22, 2021', 'x': 1640127600000, 'marker': {'symbol': 'url(https://tmssl.akamaized.net/images/wappen/verysmall/8818.png?lm=1416161632)'}}, {'y': 50000, 'verein': 'FC Botosani', 'age': '23', 'mw': '€50Th.', 'datum_mw': 'Jun 3, 2022', 'x': 1654207200000, 'marker': {'symbol': 'url(https://tmssl.akamaized.net/images/wappen/verysmall/8818.png?lm=1416161632)'}}]}]		-	-	-							
Denis Harut	Denis Grațian Haruț	Feb 25, 1999	Timișoara	23	1,81 m	Romania	Defender - Right-Back	right	Relatives	FC Botosani	Feb 2, 2022	Jun 30, 2022	0.0	39	32	1.47	1	-	-	3	2	-	-			2.745'	[{'type': 'line', 'name': 'Market value', 'data': [{'y': 50000, 'verein': 'Unknown', 'age': '17', 'mw': '€50Th.', 'datum_mw': 'May 30, 2016', 'x': 1464559200000, 'marker': {'symbol': 'url(https://tmssl.akamaized.net/images/wappen/verysmall/75.png?lm=1456997316)'}}, {'y': 50000, 'verein': 'ACS Poli Timisoara (2012 - 2021)', 'age': '17', 'mw': '€50Th.', 'datum_mw': 'Dec 21, 2016', 'x': 1482274800000, 'marker': {'symbol': 'url(https://tmssl.akamaized.net/images/wappen/verysmall/36590.png?lm=1443373581)'}}, {'y': 50000, 'verein': 'ACS Poli Timisoara (2012 - 2021)', 'age': '18', 'mw': '€50Th.', 'datum_mw': 'Jun 17, 2017', 'x': 1497650400000, 'marker': {'symbol': 'url(https://tmssl.akamaized.net/images/wappen/verysmall/36590.png?lm=1443373581)'}}, {'y': 100000, 'verein': 'ACS Poli Timisoara (2012 - 2021)', 'age': '18', 'mw': '€100Th.', 'datum_mw': 'Dec 27, 2017', 'x': 1514329200000, 'marker': {'symbol': 'url(https://tmssl.akamaized.net/images/wappen/verysmall/36590.png?lm=1443373581)'}}, {'y': 200000, 'verein': 'ACS Poli Timisoara (2012 - 2021)', 'age': '19', 'mw': '€200Th.', 'datum_mw': 'Jun 14, 2018', 'x': 1528927200000, 'marker': {'symbol': 'url(https://tmssl.akamaized.net/images/wappen/verysmall/36590.png?lm=1443373581)'}}, {'y': 200000, 'verein': 'ACS Poli Timisoara (2012 - 2021)', 'age': '19', 'mw': '€200Th.', 'datum_mw': 'Dec 26, 2018', 'x': 1545778800000, 'marker': {'symbol': 'url(https://tmssl.akamaized.net/images/wappen/verysmall/36590.png?lm=1443373581)'}}, {'y': 200000, 'verein': 'ACS Poli Timisoara (2012 - 2021)', 'age': '20', 'mw': '€200Th.', 'datum_mw': 'Jun 21, 2019', 'x': 1561068000000, 'marker': {'symbol': 'url(https://tmssl.akamaized.net/images/wappen/verysmall/36590.png?lm=1443373581)'}}, {'y': 350000, 'verein': 'FC Botosani', 'age': '20', 'mw': '€350Th.', 'datum_mw': 'Sep 26, 2019', 'x': 1569448800000, 'marker': {'symbol': 'url(https://tmssl.akamaized.net/images/wappen/verysmall/8818.png?lm=1416161632)'}}, {'y': 600000, 'verein': 'FC Botosani', 'age': '20', 'mw': '€600Th.', 'datum_mw': 'Dec 21, 2019', 'x': 1576882800000, 'marker': {'symbol': 'url(https://tmssl.akamaized.net/images/wappen/verysmall/8818.png?lm=1416161632)'}}, {'y': 750000, 'verein': 'FC Botosani', 'age': '21', 'mw': '€750Th.', 'datum_mw': 'Mar 23, 2020', 'x': 1584918000000, 'marker': {'symbol': 'url(https://tmssl.akamaized.net/images/wappen/verysmall/8818.png?lm=1416161632)'}}, {'y': 675000, 'verein': 'FC Botosani', 'age': '21', 'mw': '€675Th.', 'datum_mw': 'Apr 8, 2020', 'x': 1586296800000, 'marker': {'symbol': 'url(https://tmssl.akamaized.net/images/wappen/verysmall/8818.png?lm=1416161632)'}}, {'y': 900000, 'verein': 'FC Botosani', 'age': '21', 'mw': '€900Th.', 'datum_mw': 'Aug 5, 2020', 'x': 1596578400000, 'marker': {'symbol': 'url(https://tmssl.akamaized.net/images/wappen/verysmall/8818.png?lm=1416161632)'}}, {'y': 1000000, 'verein': 'FC Botosani', 'age': '21', 'mw': '€1.00m', 'datum_mw': 'Dec 18, 2020', 'x': 1608246000000, 'marker': {'symbol': 'url(https://tmssl.akamaized.net/images/wappen/verysmall/8818.png?lm=1416161632)'}}, {'y': 1100000, 'verein': 'FCSB', 'age': '22', 'mw': '€1.10m', 'datum_mw': 'Jun 3, 2021', 'x': 1622671200000, 'marker': {'symbol': 'url(https://tmssl.akamaized.net/images/wappen/verysmall/301.png?lm=1485604345)'}}, {'y': 1000000, 'verein': 'FCSB', 'age': '22', 'mw': '€1.00m', 'datum_mw': 'Dec 22, 2021', 'x': 1640127600000, 'marker': {'symbol': 'url(https://tmssl.akamaized.net/images/wappen/verysmall/301.png?lm=1485604345)'}}, {'y': 1000000, 'verein': 'FC Botosani', 'age': '23', 'mw': '€1.00m', 'datum_mw': 'Jun 3, 2022', 'x': 1654207200000, 'marker': {'symbol': 'url(https://tmssl.akamaized.net/images/wappen/verysmall/8818.png?lm=1416161632)'}}]}]		-	-	2.745'	FCSB	Jun 30, 2025					
Christopher Braun		Jul 15, 1991	Hamburg	30	1,81 m	"Germany
  Ghana"	Defender - Right-Back	both	Football Promotions (Scotland) Ltd.	FC Botosani	Oct 21, 2020	Jun 30, 2022	0.0	30	26	1.38	-	1	4	4	6	-	-			1.996'	[{'type': 'line', 'name': 'Market value', 'data': [{'y': 50000, 'verein': 'FC St. Pauli II', 'age': '20', 'mw': '€50Th.', 'datum_mw': 'Aug 8, 2011', 'x': 1312754400000, 'marker': {'symbol': 'url(https://tmssl.akamaized.net/images/wappen/verysmall/225.png?lm=1584293225)'}}, {'y': 75000, 'verein': 'FC St. Pauli II', 'age': '20', 'mw': '€75Th.', 'datum_mw': 'Oct 15, 2011', 'x': 1318629600000, 'marker': {'symbol': 'url(https://tmssl.akamaized.net/images/wappen/verysmall/225.png?lm=1584293225)'}}, {'y': 100000, 'verein': 'FC St. Pauli II', 'age': '20', 'mw': '€100Th.', 'datum_mw': 'Feb 3, 2012', 'x': 1328223600000, 'marker': {'symbol': 'url(https://tmssl.akamaized.net/images/wappen/verysmall/225.png?lm=1584293225)'}}, {'y': 100000, 'verein': 'FC St. Pauli II', 'age': '21', 'mw': '€100Th.', 'datum_mw': 'Jul 31, 2012', 'x': 1343685600000, 'marker': {'symbol': 'url(https://tmssl.akamaized.net/images/wappen/verysmall/225.png?lm=1584293225)'}}, {'y': 75000, 'verein': 'FC St. Pauli II', 'age': '21', 'mw': '€75Th.', 'datum_mw': 'Oct 18, 2012', 'x': 1350511200000, 'marker': {'symbol': 'url(https://tmssl.akamaized.net/images/wappen/verysmall/225.png?lm=1584293225)'}}, {'y': 75000, 'verein': 'FC St. Pauli II', 'age': '21', 'mw': '€75Th.', 'datum_mw': 'Jan 24, 2013', 'x': 1358982000000, 'marker': {'symbol': 'url(https://tmssl.akamaized.net/images/wappen/verysmall/225.png?lm=1584293225)'}}, {'y': 75000, 'verein': 'SV Wilhelmshaven', 'age': '22', 'mw': '€75Th.', 'datum_mw': 'Jul 30, 2013', 'x': 1375135200000, 'marker': {'symbol': 'url(https://tmssl.akamaized.net/images/wappen/verysmall/96.png?lm=1483135429)'}}, {'y': 100000, 'verein': 'SV Wilhelmshaven', 'age': '22', 'mw': '€100Th.', 'datum_mw': 'Oct 21, 2013', 'x': 1382306400000, 'marker': {'symbol': 'url(https://tmssl.akamaized.net/images/wappen/verysmall/96.png?lm=1483135429)'}}, {'y': 100000, 'verein': 'SV Wilhelmshaven', 'age': '22', 'mw': '€100Th.', 'datum_mw': 'Feb 20, 2014', 'x': 1392850800000, 'marker': {'symbol': 'url(https://tmssl.akamaized.net/images/wappen/verysmall/96.png?lm=1483135429)'}}, {'y': 100000, 'verein': 'VfB Oldenburg', 'age': '23', 'mw': '€100Th.', 'datum_mw': 'Aug 18, 2014', 'x': 1408312800000, 'marker': {'symbol': 'url(https://tmssl.akamaized.net/images/wappen/verysmall/166.png?lm=1448638211)'}}, {'y': 100000, 'verein': 'VfB Oldenburg', 'age': '23', 'mw': '€100Th.', 'datum_mw': 'Feb 8, 2015', 'x': 1423350000000, 'marker': {'symbol': 'url(https://tmssl.akamaized.net/images/wappen/verysmall/166.png?lm=1448638211)'}}, {'y': 125000, 'verein': 'SG Wattenscheid 09', 'age': '24', 'mw': '€125Th.', 'datum_mw': 'Jan 15, 2016', 'x': 1452812400000, 'marker': {'symbol': 'url(https://tmssl.akamaized.net/images/wappen/verysmall/97_1590998818.png?lm=1590998795)'}}, {'y': 150000, 'verein': 'SG Wattenscheid 09', 'age': '24', 'mw': '€150Th.', 'datum_mw': 'Apr 1, 2016', 'x': 1459461600000, 'marker': {'symbol': 'url(https://tmssl.akamaized.net/images/wappen/verysmall/97_1590998818.png?lm=1590998795)'}}, {'y': 150000, 'verein': 'Fortuna Sittard', 'age': '25', 'mw': '€150Th.', 'datum_mw': 'Jul 15, 2016', 'x': 1468533600000, 'marker': {'symbol': 'url(https://tmssl.akamaized.net/images/wappen/verysmall/385.png?lm=1610789891)'}}, {'y': 150000, 'verein': 'Fortuna Sittard', 'age': '25', 'mw': '€150Th.', 'datum_mw': 'Feb 2, 2017', 'x': 1485990000000, 'marker': {'symbol': 'url(https://tmssl.akamaized.net/images/wappen/verysmall/385.png?lm=1610789891)'}}, {'y': 150000, 'verein': 'Fortuna Sittard', 'age': '25', 'mw': '€150Th.', 'datum_mw': 'Jun 21, 2017', 'x': 1497996000000, 'marker': {'symbol': 'url(https://tmssl.akamaized.net/images/wappen/verysmall/385.png?lm=1610789891)'}}, {'y': 200000, 'verein': 'Fortuna Sittard', 'age': '26', 'mw': '€200Th.', 'datum_mw': 'Mar 1, 2018', 'x': 1519858800000, 'marker': {'symbol': 'url(https://tmssl.akamaized.net/images/wappen/verysmall/385.png?lm=1610789891)'}}, {'y': 200000, 'verein': 'Fortuna Sittard', 'age': '26', 'mw': '€200Th.', 'datum_mw': 'Jun 29, 2018', 'x': 1530223200000, 'marker': {'symbol': 'url(https://tmssl.akamaized.net/images/wappen/verysmall/385.png?lm=1610789891)'}}, {'y': 150000, 'verein': 'Fortuna Sittard', 'age': '27', 'mw': '€150Th.', 'datum_mw': 'Dec 28, 2018', 'x': 1545951600000, 'marker': {'symbol': 'url(https://tmssl.akamaized.net/images/wappen/verysmall/385.png?lm=1610789891)'}}, {'y': 250000, 'verein': 'OFI Crete FC', 'age': '27', 'mw': '€250Th.', 'datum_mw': 'May 21, 2019', 'x': 1558389600000, 'marker': {'symbol': 'url(https://tmssl.akamaized.net/images/wappen/verysmall/653_1596981489.png?lm=1596981426)'}}, {'y': 300000, 'verein': 'OFI Crete FC', 'age': '28', 'mw': '€300Th.', 'datum_mw': 'Dec 18, 2019', 'x': 1576623600000, 'marker': {'symbol': 'url(https://tmssl.akamaized.net/images/wappen/verysmall/653_1596981489.png?lm=1596981426)'}}, {'y': 400000, 'verein': 'Without Club', 'age': '29', 'mw': '€400Th.', 'datum_mw': 'Aug 4, 2020', 'x': 1596492000000, 'marker': {'symbol': 'url(https://tmssl.akamaized.net/images/wappen/verysmall/515.png?lm=1456997255)'}}, {'y': 300000, 'verein': 'FC Botosani', 'age': '29', 'mw': '€300Th.', 'datum_mw': 'Dec 18, 2020', 'x': 1608246000000, 'marker': {'symbol': 'url(https://tmssl.akamaized.net/images/wappen/verysmall/8818.png?lm=1416161632)'}}, {'y': 400000, 'verein': 'FC Botosani', 'age': '29', 'mw': '€400Th.', 'datum_mw': 'Mar 21, 2021', 'x': 1616281200000, 'marker': {'symbol': 'url(https://tmssl.akamaized.net/images/wappen/verysmall/8818.png?lm=1416161632)'}}, {'y': 450000, 'verein': 'FC Botosani', 'age': '29', 'mw': '€450Th.', 'datum_mw': 'Jun 3, 2021', 'x': 1622671200000, 'marker': {'symbol': 'url(https://tmssl.akamaized.net/images/wappen/verysmall/8818.png?lm=1416161632)'}}, {'y': 550000, 'verein': 'FC Botosani', 'age': '30', 'mw': '€550Th.', 'datum_mw': 'Sep 30, 2021', 'x': 1632952800000, 'marker': {'symbol': 'url(https://tmssl.akamaized.net/images/wappen/verysmall/8818.png?lm=1416161632)'}}, {'y': 700000, 'verein': 'FC Botosani', 'age': '30', 'mw': '€700Th.', 'datum_mw': 'Dec 22, 2021', 'x': 1640127600000, 'marker': {'symbol': 'url(https://tmssl.akamaized.net/images/wappen/verysmall/8818.png?lm=1416161632)'}}, {'y': 800000, 'verein': 'FC Botosani', 'age': '30', 'mw': '€800Th.', 'datum_mw': 'Mar 29, 2022', 'x': 1648504800000, 'marker': {'symbol': 'url(https://tmssl.akamaized.net/images/wappen/verysmall/8818.png?lm=1416161632)'}}, {'y': 800000, 'verein': 'FC Botosani', 'age': '30', 'mw': '€800Th.', 'datum_mw': 'Jun 3, 2022', 'x': 1654207200000, 'marker': {'symbol': 'url(https://tmssl.akamaized.net/images/wappen/verysmall/8818.png?lm=1416161632)'}}]}]		-	-	-							
Andrei Patache	Andrei Alexandru Patache	Oct 29, 1987	Botoşani	34	1,74 m	Romania	Defender - Right-Back	right		FC Botosani	Jul 1, 2018	Jun 30, 2022	0.0	38	28	1.07	-	5	11	5	2	-	-			1.533'	[{'type': 'line', 'name': 'Market value', 'data': [{'y': 300000, 'verein': 'FC Botosani', 'age': '24', 'mw': '€300Th.', 'datum_mw': 'Jan 11, 2012', 'x': 1326236400000, 'marker': {'symbol': 'url(https://tmssl.akamaized.net/images/wappen/verysmall/8818.png?lm=1416161632)'}}, {'y': 200000, 'verein': 'FC Botosani', 'age': '25', 'mw': '€200Th.', 'datum_mw': 'Feb 24, 2013', 'x': 1361660400000, 'marker': {'symbol': 'url(https://tmssl.akamaized.net/images/wappen/verysmall/8818.png?lm=1416161632)'}}, {'y': 150000, 'verein': 'FC Botosani', 'age': '25', 'mw': '€150Th.', 'datum_mw': 'Jun 8, 2013', 'x': 1370642400000, 'marker': {'symbol': 'url(https://tmssl.akamaized.net/images/wappen/verysmall/8818.png?lm=1416161632)'}}, {'y': 400000, 'verein': 'FC Botosani', 'age': '25', 'mw': '€400Th.', 'datum_mw': 'Sep 13, 2013', 'x': 1379023200000, 'marker': {'symbol': 'url(https://tmssl.akamaized.net/images/wappen/verysmall/8818.png?lm=1416161632)'}}, {'y': 450000, 'verein': 'FC Botosani', 'age': '26', 'mw': '€450Th.', 'datum_mw': 'Dec 30, 2013', 'x': 1388358000000, 'marker': {'symbol': 'url(https://tmssl.akamaized.net/images/wappen/verysmall/8818.png?lm=1416161632)'}}, {'y': 550000, 'verein': 'FC Botosani', 'age': '26', 'mw': '€550Th.', 'datum_mw': 'Jun 12, 2014', 'x': 1402524000000, 'marker': {'symbol': 'url(https://tmssl.akamaized.net/images/wappen/verysmall/8818.png?lm=1416161632)'}}, {'y': 450000, 'verein': 'FC Botosani', 'age': '27', 'mw': '€450Th.', 'datum_mw': 'Dec 15, 2014', 'x': 1418598000000, 'marker': {'symbol': 'url(https://tmssl.akamaized.net/images/wappen/verysmall/8818.png?lm=1416161632)'}}, {'y': 650000, 'verein': 'FC Botosani', 'age': '27', 'mw': '€650Th.', 'datum_mw': 'Jun 1, 2015', 'x': 1433109600000, 'marker': {'symbol': 'url(https://tmssl.akamaized.net/images/wappen/verysmall/8818.png?lm=1416161632)'}}, {'y': 400000, 'verein': 'FC Botosani', 'age': '28', 'mw': '€400Th.', 'datum_mw': 'Dec 22, 2015', 'x': 1450738800000, 'marker': {'symbol': 'url(https://tmssl.akamaized.net/images/wappen/verysmall/8818.png?lm=1416161632)'}}, {'y': 300000, 'verein': 'FC Botosani', 'age': '28', 'mw': '€300Th.', 'datum_mw': 'Jun 1, 2016', 'x': 1464732000000, 'marker': {'symbol': 'url(https://tmssl.akamaized.net/images/wappen/verysmall/8818.png?lm=1416161632)'}}, {'y': 250000, 'verein': 'FC Botosani', 'age': '29', 'mw': '€250Th.', 'datum_mw': 'Dec 21, 2016', 'x': 1482274800000, 'marker': {'symbol': 'url(https://tmssl.akamaized.net/images/wappen/verysmall/8818.png?lm=1416161632)'}}, {'y': 150000, 'verein': 'FC Botosani', 'age': '29', 'mw': '€150Th.', 'datum_mw': 'Jun 17, 2017', 'x': 1497650400000, 'marker': {'symbol': 'url(https://tmssl.akamaized.net/images/wappen/verysmall/8818.png?lm=1416161632)'}}, {'y': 150000, 'verein': 'Concordia Chiajna', 'age': '30', 'mw': '€150Th.', 'datum_mw': 'Dec 27, 2017', 'x': 1514329200000, 'marker': {'symbol': 'url(https://tmssl.akamaized.net/images/wappen/verysmall/15945.png?lm=1476378142)'}}, {'y': 150000, 'verein': 'Concordia Chiajna', 'age': '30', 'mw': '€150Th.', 'datum_mw': 'Jun 14, 2018', 'x': 1528927200000, 'marker': {'symbol': 'url(https://tmssl.akamaized.net/images/wappen/verysmall/15945.png?lm=1476378142)'}}, {'y': 250000, 'verein': 'FC Botosani', 'age': '31', 'mw': '€250Th.', 'datum_mw': 'Dec 23, 2018', 'x': 1545519600000, 'marker': {'symbol': 'url(https://tmssl.akamaized.net/images/wappen/verysmall/8818.png?lm=1416161632)'}}, {'y': 450000, 'verein': 'FC Botosani', 'age': '31', 'mw': '€450Th.', 'datum_mw': 'Jun 18, 2019', 'x': 1560808800000, 'marker': {'symbol': 'url(https://tmssl.akamaized.net/images/wappen/verysmall/8818.png?lm=1416161632)'}}, {'y': 300000, 'verein': 'FC Botosani', 'age': '32', 'mw': '€300Th.', 'datum_mw': 'Dec 21, 2019', 'x': 1576882800000, 'marker': {'symbol': 'url(https://tmssl.akamaized.net/images/wappen/verysmall/8818.png?lm=1416161632)'}}, {'y': 150000, 'verein': 'FC Botosani', 'age': '32', 'mw': '€150Th.', 'datum_mw': 'Aug 5, 2020', 'x': 1596578400000, 'marker': {'symbol': 'url(https://tmssl.akamaized.net/images/wappen/verysmall/8818.png?lm=1416161632)'}}, {'y': 150000, 'verein': 'FC Botosani', 'age': '33', 'mw': '€150Th.', 'datum_mw': 'Dec 18, 2020', 'x': 1608246000000, 'marker': {'symbol': 'url(https://tmssl.akamaized.net/images/wappen/verysmall/8818.png?lm=1416161632)'}}, {'y': 200000, 'verein': 'FC Botosani', 'age': '33', 'mw': '€200Th.', 'datum_mw': 'Jun 3, 2021', 'x': 1622671200000, 'marker': {'symbol': 'url(https://tmssl.akamaized.net/images/wappen/verysmall/8818.png?lm=1416161632)'}}, {'y': 100000, 'verein': 'FC Botosani', 'age': '34', 'mw': '€100Th.', 'datum_mw': 'Dec 22, 2021', 'x': 1640127600000, 'marker': {'symbol': 'url(https://tmssl.akamaized.net/images/wappen/verysmall/8818.png?lm=1416161632)'}}, {'y': 100000, 'verein': 'FC Botosani', 'age': '34', 'mw': '€100Th.', 'datum_mw': 'Jun 3, 2022', 'x': 1654207200000, 'marker': {'symbol': 'url(https://tmssl.akamaized.net/images/wappen/verysmall/8818.png?lm=1416161632)'}}]}]		1	-	-							
Victor Dican	Victor Robert Dican	Oct 11, 2000	Râmnicu Vâlcea	21	1,90 m	Romania	midfield - Defensive Midfield	right	Relatives	FC Botosani	Jan 26, 2022	Jun 30, 2025	0.0	18	18	2.06	5	1	4	3	2	-	-			1.220'	[{'type': 'line', 'name': 'Market value', 'data': [{'y': 25000, 'verein': 'CF Metalurgistul Cugir 1939', 'age': '18', 'mw': '€25Th.', 'datum_mw': 'Jun 25, 2019', 'x': 1561413600000, 'marker': {'symbol': 'url(https://tmssl.akamaized.net/images/wappen/verysmall/41365.png?lm=1409671577)'}}, {'y': 200000, 'verein': 'FC Universitatea Cluj', 'age': '19', 'mw': '€200Th.', 'datum_mw': 'Dec 21, 2019', 'x': 1576882800000, 'marker': {'symbol': 'url(https://tmssl.akamaized.net/images/wappen/verysmall/6429.png?lm=1416161674)'}}, {'y': 225000, 'verein': 'FC Universitatea Cluj', 'age': '19', 'mw': '€225Th.', 'datum_mw': 'Aug 5, 2020', 'x': 1596578400000, 'marker': {'symbol': 'url(https://tmssl.akamaized.net/images/wappen/verysmall/6429.png?lm=1416161674)'}}, {'y': 125000, 'verein': 'FC Universitatea Cluj', 'age': '20', 'mw': '€125Th.', 'datum_mw': 'Dec 22, 2020', 'x': 1608591600000, 'marker': {'symbol': 'url(https://tmssl.akamaized.net/images/wappen/verysmall/6429.png?lm=1416161674)'}}, {'y': 125000, 'verein': 'FC Universitatea Cluj', 'age': '20', 'mw': '€125Th.', 'datum_mw': 'Jun 5, 2021', 'x': 1622844000000, 'marker': {'symbol': 'url(https://tmssl.akamaized.net/images/wappen/verysmall/6429.png?lm=1416161674)'}}, {'y': 150000, 'verein': 'FC Universitatea Cluj', 'age': '20', 'mw': '€150Th.', 'datum_mw': 'Sep 30, 2021', 'x': 1632952800000, 'marker': {'symbol': 'url(https://tmssl.akamaized.net/images/wappen/verysmall/6429.png?lm=1416161674)'}}, {'y': 225000, 'verein': 'FC Universitatea Cluj', 'age': '21', 'mw': '€225Th.', 'datum_mw': 'Dec 22, 2021', 'x': 1640127600000, 'marker': {'symbol': 'url(https://tmssl.akamaized.net/images/wappen/verysmall/6429.png?lm=1416161674)'}}, {'y': 350000, 'verein': 'FC Botosani', 'age': '21', 'mw': '€350Th.', 'datum_mw': 'Mar 29, 2022', 'x': 1648504800000, 'marker': {'symbol': 'url(https://tmssl.akamaized.net/images/wappen/verysmall/8818.png?lm=1416161632)'}}, {'y': 550000, 'verein': 'FC Botosani', 'age': '21', 'mw': '€550Th.', 'datum_mw': 'Jun 3, 2022', 'x': 1654207200000, 'marker': {'symbol': 'url(https://tmssl.akamaized.net/images/wappen/verysmall/8818.png?lm=1416161632)'}}]}]		-	-	244'							
Enriko Papa		Mar 12, 1993	Kuçovë	29	1,78 m	Albania	midfield - Central Midfield	right	no agent	FC Botosani	Jul 1, 2018	Jun 30, 2022	0.0	30	28	1.14	4	3	5	7	8	-	-			2.038'	[{'type': 'line', 'name': 'Market value', 'data': [{'y': 25000, 'verein': 'Unknown', 'age': '19', 'mw': '€25Th.', 'datum_mw': 'Jan 27, 2013', 'x': 1359241200000, 'marker': {'symbol': 'url(https://tmssl.akamaized.net/images/wappen/verysmall/75.png?lm=1456997316)'}}, {'y': 75000, 'verein': 'KF Bylis Ballsh', 'age': '22', 'mw': '€75Th.', 'datum_mw': 'Nov 27, 2015', 'x': 1448578800000, 'marker': {'symbol': 'url(https://tmssl.akamaized.net/images/wappen/verysmall/21234_1577397641.png?lm=1577397641)'}}, {'y': 100000, 'verein': 'KF Tirana', 'age': '22', 'mw': '€100Th.', 'datum_mw': 'Mar 7, 2016', 'x': 1457305200000, 'marker': {'symbol': 'url(https://tmssl.akamaized.net/images/wappen/verysmall/2049.png?lm=1635511373)'}}, {'y': 100000, 'verein': 'KF Teuta', 'age': '24', 'mw': '€100Th.', 'datum_mw': 'Jun 14, 2017', 'x': 1497391200000, 'marker': {'symbol': 'url(https://tmssl.akamaized.net/images/wappen/verysmall/3739_1562857092.png?lm=1562857093)'}}, {'y': 125000, 'verein': 'KS Lushnja', 'age': '24', 'mw': '€125Th.', 'datum_mw': 'Nov 14, 2017', 'x': 1510614000000, 'marker': {'symbol': 'url(https://tmssl.akamaized.net/images/wappen/verysmall/13645.png?lm=1458667437)'}}, {'y': 225000, 'verein': 'KS Lushnja', 'age': '24', 'mw': '€225Th.', 'datum_mw': 'Jan 15, 2018', 'x': 1515970800000, 'marker': {'symbol': 'url(https://tmssl.akamaized.net/images/wappen/verysmall/13645.png?lm=1458667437)'}}, {'y': 225000, 'verein': 'KS Lushnja', 'age': '25', 'mw': '€225Th.', 'datum_mw': 'Jun 28, 2018', 'x': 1530136800000, 'marker': {'symbol': 'url(https://tmssl.akamaized.net/images/wappen/verysmall/13645.png?lm=1458667437)'}}, {'y': 250000, 'verein': 'FC Botosani', 'age': '25', 'mw': '€250Th.', 'datum_mw': 'Sep 24, 2018', 'x': 1537740000000, 'marker': {'symbol': 'url(https://tmssl.akamaized.net/images/wappen/verysmall/8818.png?lm=1416161632)'}}, {'y': 350000, 'verein': 'FC Botosani', 'age': '25', 'mw': '€350Th.', 'datum_mw': 'Dec 23, 2018', 'x': 1545519600000, 'marker': {'symbol': 'url(https://tmssl.akamaized.net/images/wappen/verysmall/8818.png?lm=1416161632)'}}, {'y': 500000, 'verein': 'FC Botosani', 'age': '26', 'mw': '€500Th.', 'datum_mw': 'Jun 18, 2019', 'x': 1560808800000, 'marker': {'symbol': 'url(https://tmssl.akamaized.net/images/wappen/verysmall/8818.png?lm=1416161632)'}}, {'y': 500000, 'verein': 'FC Botosani', 'age': '26', 'mw': '€500Th.', 'datum_mw': 'Dec 21, 2019', 'x': 1576882800000, 'marker': {'symbol': 'url(https://tmssl.akamaized.net/images/wappen/verysmall/8818.png?lm=1416161632)'}}, {'y': 650000, 'verein': 'FC Botosani', 'age': '27', 'mw': '€650Th.', 'datum_mw': 'Mar 23, 2020', 'x': 1584918000000, 'marker': {'symbol': 'url(https://tmssl.akamaized.net/images/wappen/verysmall/8818.png?lm=1416161632)'}}, {'y': 525000, 'verein': 'FC Botosani', 'age': '27', 'mw': '€525Th.', 'datum_mw': 'Apr 8, 2020', 'x': 1586296800000, 'marker': {'symbol': 'url(https://tmssl.akamaized.net/images/wappen/verysmall/8818.png?lm=1416161632)'}}, {'y': 650000, 'verein': 'FC Botosani', 'age': '27', 'mw': '€650Th.', 'datum_mw': 'Aug 5, 2020', 'x': 1596578400000, 'marker': {'symbol': 'url(https://tmssl.akamaized.net/images/wappen/verysmall/8818.png?lm=1416161632)'}}, {'y': 450000, 'verein': 'FC Botosani', 'age': '27', 'mw': '€450Th.', 'datum_mw': 'Dec 18, 2020', 'x': 1608246000000, 'marker': {'symbol': 'url(https://tmssl.akamaized.net/images/wappen/verysmall/8818.png?lm=1416161632)'}}, {'y': 550000, 'verein': 'FC Botosani', 'age': '28', 'mw': '€550Th.', 'datum_mw': 'Mar 21, 2021', 'x': 1616281200000, 'marker': {'symbol': 'url(https://tmssl.akamaized.net/images/wappen/verysmall/8818.png?lm=1416161632)'}}, {'y': 600000, 'verein': 'FC Botosani', 'age': '28', 'mw': '€600Th.', 'datum_mw': 'Jun 3, 2021', 'x': 1622671200000, 'marker': {'symbol': 'url(https://tmssl.akamaized.net/images/wappen/verysmall/8818.png?lm=1416161632)'}}, {'y': 850000, 'verein': 'FC Botosani', 'age': '28', 'mw': '€850Th.', 'datum_mw': 'Sep 30, 2021', 'x': 1632952800000, 'marker': {'symbol': 'url(https://tmssl.akamaized.net/images/wappen/verysmall/8818.png?lm=1416161632)'}}, {'y': 1000000, 'verein': 'FC Botosani', 'age': '28', 'mw': '€1.00m', 'datum_mw': 'Dec 22, 2021', 'x': 1640127600000, 'marker': {'symbol': 'url(https://tmssl.akamaized.net/images/wappen/verysmall/8818.png?lm=1416161632)'}}, {'y': 1200000, 'verein': 'FC Botosani', 'age': '29', 'mw': '€1.20m', 'datum_mw': 'Jun 3, 2022', 'x': 1654207200000, 'marker': {'symbol': 'url(https://tmssl.akamaized.net/images/wappen/verysmall/8818.png?lm=1416161632)'}}]}]		-	-	510'							
Andrei Tircoveanu	Andrei Costin Tîrcoveanu	May 22, 1997	Bukarest	25	1,70 m	Romania	midfield - Central Midfield	left	MAGICO SPORTS	FC Botosani	Sep 1, 2020	Jun 30, 2023	0.0	37	26	1.12	2	-	14	12	7	-	-			1.336'	[{'type': 'line', 'name': 'Market value', 'data': [{'y': 25000, 'verein': 'FC Dinamo II', 'age': '16', 'mw': '€25Th.', 'datum_mw': 'Feb 20, 2014', 'x': 1392850800000, 'marker': {'symbol': 'url(https://tmssl.akamaized.net/images/wappen/verysmall/15947.png?lm=1409069452)'}}, {'y': 50000, 'verein': 'FC Dinamo II', 'age': '17', 'mw': '€50Th.', 'datum_mw': 'Sep 16, 2014', 'x': 1410818400000, 'marker': {'symbol': 'url(https://tmssl.akamaized.net/images/wappen/verysmall/15947.png?lm=1409069452)'}}, {'y': 100000, 'verein': 'FC Dinamo II', 'age': '18', 'mw': '€100Th.', 'datum_mw': 'Jun 1, 2015', 'x': 1433109600000, 'marker': {'symbol': 'url(https://tmssl.akamaized.net/images/wappen/verysmall/15947.png?lm=1409069452)'}}, {'y': 100000, 'verein': 'FC Dinamo 1948', 'age': '18', 'mw': '€100Th.', 'datum_mw': 'Dec 22, 2015', 'x': 1450738800000, 'marker': {'symbol': 'url(https://tmssl.akamaized.net/images/wappen/verysmall/312.png?lm=1409069452)'}}, {'y': 150000, 'verein': 'Gaz Metan Medias', 'age': '19', 'mw': '€150Th.', 'datum_mw': 'May 30, 2016', 'x': 1464559200000, 'marker': {'symbol': 'url(https://tmssl.akamaized.net/images/wappen/verysmall/8104.png?lm=1476638592)'}}, {'y': 150000, 'verein': 'FC Dinamo 1948', 'age': '19', 'mw': '€150Th.', 'datum_mw': 'Dec 21, 2016', 'x': 1482274800000, 'marker': {'symbol': 'url(https://tmssl.akamaized.net/images/wappen/verysmall/312.png?lm=1409069452)'}}, {'y': 100000, 'verein': 'FC Dinamo 1948', 'age': '20', 'mw': '€100Th.', 'datum_mw': 'Jun 17, 2017', 'x': 1497650400000, 'marker': {'symbol': 'url(https://tmssl.akamaized.net/images/wappen/verysmall/312.png?lm=1409069452)'}}, {'y': 100000, 'verein': 'Gaz Metan Medias', 'age': '20', 'mw': '€100Th.', 'datum_mw': 'Dec 27, 2017', 'x': 1514329200000, 'marker': {'symbol': 'url(https://tmssl.akamaized.net/images/wappen/verysmall/8104.png?lm=1476638592)'}}, {'y': 150000, 'verein': 'Gaz Metan Medias', 'age': '21', 'mw': '€150Th.', 'datum_mw': 'Jun 14, 2018', 'x': 1528927200000, 'marker': {'symbol': 'url(https://tmssl.akamaized.net/images/wappen/verysmall/8104.png?lm=1476638592)'}}, {'y': 100000, 'verein': 'FC Dinamo 1948', 'age': '21', 'mw': '€100Th.', 'datum_mw': 'Dec 23, 2018', 'x': 1545519600000, 'marker': {'symbol': 'url(https://tmssl.akamaized.net/images/wappen/verysmall/312.png?lm=1409069452)'}}, {'y': 200000, 'verein': 'FC Viitorul Constanta', 'age': '22', 'mw': '€200Th.', 'datum_mw': 'Jun 18, 2019', 'x': 1560808800000, 'marker': {'symbol': 'url(https://tmssl.akamaized.net/images/wappen/verysmall/29831_1625164571.png?lm=1625164571)'}}, {'y': 100000, 'verein': 'Concordia Chiajna', 'age': '22', 'mw': '€100Th.', 'datum_mw': 'Dec 21, 2019', 'x': 1576882800000, 'marker': {'symbol': 'url(https://tmssl.akamaized.net/images/wappen/verysmall/15945.png?lm=1476378142)'}}, {'y': 100000, 'verein': 'FC Viitorul Constanta', 'age': '23', 'mw': '€100Th.', 'datum_mw': 'Aug 5, 2020', 'x': 1596578400000, 'marker': {'symbol': 'url(https://tmssl.akamaized.net/images/wappen/verysmall/29831_1625164571.png?lm=1625164571)'}}, {'y': 200000, 'verein': 'FC Botosani', 'age': '23', 'mw': '€200Th.', 'datum_mw': 'Dec 18, 2020', 'x': 1608246000000, 'marker': {'symbol': 'url(https://tmssl.akamaized.net/images/wappen/verysmall/8818.png?lm=1416161632)'}}, {'y': 250000, 'verein': 'FC Botosani', 'age': '24', 'mw': '€250Th.', 'datum_mw': 'Jun 3, 2021', 'x': 1622671200000, 'marker': {'symbol': 'url(https://tmssl.akamaized.net/images/wappen/verysmall/8818.png?lm=1416161632)'}}, {'y': 350000, 'verein': 'FC Botosani', 'age': '24', 'mw': '€350Th.', 'datum_mw': 'Dec 22, 2021', 'x': 1640127600000, 'marker': {'symbol': 'url(https://tmssl.akamaized.net/images/wappen/verysmall/8818.png?lm=1416161632)'}}, {'y': 450000, 'verein': 'FC Botosani', 'age': '25', 'mw': '€450Th.', 'datum_mw': 'Jun 3, 2022', 'x': 1654207200000, 'marker': {'symbol': 'url(https://tmssl.akamaized.net/images/wappen/verysmall/8818.png?lm=1416161632)'}}]}]		-	-	668'							
David Croitoru	David Marian Croitoru	Aug 9, 2003	Bacău	18	1,77 m	Romania	midfield - Central Midfield	left		FC Botosani	Jan 15, 2020	Jun 30, 2023	0.0	28	16	1.00	-	-	-	16	-	-	-			307'	[{'type': 'line', 'name': 'Market value', 'data': [{'y': 50000, 'verein': 'FC Botosani', 'age': '16', 'mw': '€50Th.', 'datum_mw': 'Aug 5, 2020', 'x': 1596578400000, 'marker': {'symbol': 'url(https://tmssl.akamaized.net/images/wappen/verysmall/8818.png?lm=1416161632)'}}, {'y': 50000, 'verein': 'FC Botosani', 'age': '17', 'mw': '€50Th.', 'datum_mw': 'Dec 18, 2020', 'x': 1608246000000, 'marker': {'symbol': 'url(https://tmssl.akamaized.net/images/wappen/verysmall/8818.png?lm=1416161632)'}}, {'y': 100000, 'verein': 'FC Botosani', 'age': '17', 'mw': '€100Th.', 'datum_mw': 'Mar 21, 2021', 'x': 1616281200000, 'marker': {'symbol': 'url(https://tmssl.akamaized.net/images/wappen/verysmall/8818.png?lm=1416161632)'}}, {'y': 100000, 'verein': 'FC Botosani', 'age': '17', 'mw': '€100Th.', 'datum_mw': 'Jun 3, 2021', 'x': 1622671200000, 'marker': {'symbol': 'url(https://tmssl.akamaized.net/images/wappen/verysmall/8818.png?lm=1416161632)'}}, {'y': 100000, 'verein': 'FC Botosani', 'age': '18', 'mw': '€100Th.', 'datum_mw': 'Dec 22, 2021', 'x': 1640127600000, 'marker': {'symbol': 'url(https://tmssl.akamaized.net/images/wappen/verysmall/8818.png?lm=1416161632)'}}, {'y': 100000, 'verein': 'FC Botosani', 'age': '18', 'mw': '€100Th.', 'datum_mw': 'Jun 3, 2022', 'x': 1654207200000, 'marker': {'symbol': 'url(https://tmssl.akamaized.net/images/wappen/verysmall/8818.png?lm=1416161632)'}}]}]		-	-	-							
Gabriel David																																						
Bogdan Filip	Marius Bogdan Filip	Jan 19, 2000		22		Romania	midfield - Central Midfield			FC Botosani	Jul 1, 2021	Jun 30, 2022	0.0	2	2	0.50	-	-	-	-	-	-	-			180'	[{'type': 'line', 'name': 'Market value', 'data': [{'y': 10000, 'verein': 'Unknown', 'age': '21', 'mw': '€10Th.', 'datum_mw': 'Apr 9, 2021', 'x': 1617919200000, 'marker': {'symbol': 'url(https://tmssl.akamaized.net/images/wappen/verysmall/75.png?lm=1456997316)'}}, {'y': 10000, 'verein': 'FC Botosani', 'age': '21', 'mw': '€10Th.', 'datum_mw': 'Dec 22, 2021', 'x': 1640127600000, 'marker': {'symbol': 'url(https://tmssl.akamaized.net/images/wappen/verysmall/8818.png?lm=1416161632)'}}, {'y': 25000, 'verein': 'FC Botosani', 'age': '22', 'mw': '€25Th.', 'datum_mw': 'Jun 3, 2022', 'x': 1654207200000, 'marker': {'symbol': 'url(https://tmssl.akamaized.net/images/wappen/verysmall/8818.png?lm=1416161632)'}}]}]		-	-	-							
Eduard Florescu	Eduard Marian Florescu	Jun 27, 1997	Piteşti	24	1,83 m	Romania	midfield - Attacking Midfield	left		FC Botosani	Aug 22, 2018	Jun 30, 2023	0.0	38	34	1.41	2	3	9	10	10	-	1			2.191'	[{'type': 'line', 'name': 'Market value', 'data': [{'y': 125000, 'verein': 'CS Mioveni', 'age': '18', 'mw': '€125Th.', 'datum_mw': 'Dec 7, 2015', 'x': 1449442800000, 'marker': {'symbol': 'url(https://tmssl.akamaized.net/images/wappen/verysmall/11390.png?lm=1438637344)'}}, {'y': 175000, 'verein': 'CS Mioveni', 'age': '19', 'mw': '€175Th.', 'datum_mw': 'Jun 27, 2016', 'x': 1466978400000, 'marker': {'symbol': 'url(https://tmssl.akamaized.net/images/wappen/verysmall/11390.png?lm=1438637344)'}}, {'y': 100000, 'verein': 'CS Mioveni', 'age': '19', 'mw': '€100Th.', 'datum_mw': 'Dec 16, 2016', 'x': 1481842800000, 'marker': {'symbol': 'url(https://tmssl.akamaized.net/images/wappen/verysmall/11390.png?lm=1438637344)'}}, {'y': 125000, 'verein': 'CS Mioveni', 'age': '19', 'mw': '€125Th.', 'datum_mw': 'Jun 7, 2017', 'x': 1496786400000, 'marker': {'symbol': 'url(https://tmssl.akamaized.net/images/wappen/verysmall/11390.png?lm=1438637344)'}}, {'y': 125000, 'verein': 'CS Mioveni', 'age': '20', 'mw': '€125Th.', 'datum_mw': 'Dec 18, 2017', 'x': 1513551600000, 'marker': {'symbol': 'url(https://tmssl.akamaized.net/images/wappen/verysmall/11390.png?lm=1438637344)'}}, {'y': 200000, 'verein': 'CS Mioveni', 'age': '20', 'mw': '€200Th.', 'datum_mw': 'Jun 16, 2018', 'x': 1529100000000, 'marker': {'symbol': 'url(https://tmssl.akamaized.net/images/wappen/verysmall/11390.png?lm=1438637344)'}}, {'y': 150000, 'verein': 'FC Botosani', 'age': '21', 'mw': '€150Th.', 'datum_mw': 'Dec 23, 2018', 'x': 1545519600000, 'marker': {'symbol': 'url(https://tmssl.akamaized.net/images/wappen/verysmall/8818.png?lm=1416161632)'}}, {'y': 150000, 'verein': 'ACSC FC Arges', 'age': '21', 'mw': '€150Th.', 'datum_mw': 'Jun 21, 2019', 'x': 1561068000000, 'marker': {'symbol': 'url(https://tmssl.akamaized.net/images/wappen/verysmall/41278.png?lm=1635953424)'}}, {'y': 150000, 'verein': 'FC Botosani', 'age': '22', 'mw': '€150Th.', 'datum_mw': 'Dec 21, 2019', 'x': 1576882800000, 'marker': {'symbol': 'url(https://tmssl.akamaized.net/images/wappen/verysmall/8818.png?lm=1416161632)'}}, {'y': 350000, 'verein': 'FC Botosani', 'age': '23', 'mw': '€350Th.', 'datum_mw': 'Aug 5, 2020', 'x': 1596578400000, 'marker': {'symbol': 'url(https://tmssl.akamaized.net/images/wappen/verysmall/8818.png?lm=1416161632)'}}, {'y': 450000, 'verein': 'FC Botosani', 'age': '23', 'mw': '€450Th.', 'datum_mw': 'Dec 18, 2020', 'x': 1608246000000, 'marker': {'symbol': 'url(https://tmssl.akamaized.net/images/wappen/verysmall/8818.png?lm=1416161632)'}}, {'y': 500000, 'verein': 'FC Botosani', 'age': '23', 'mw': '€500Th.', 'datum_mw': 'Jun 3, 2021', 'x': 1622671200000, 'marker': {'symbol': 'url(https://tmssl.akamaized.net/images/wappen/verysmall/8818.png?lm=1416161632)'}}, {'y': 500000, 'verein': 'FC Botosani', 'age': '24', 'mw': '€500Th.', 'datum_mw': 'Dec 22, 2021', 'x': 1640127600000, 'marker': {'symbol': 'url(https://tmssl.akamaized.net/images/wappen/verysmall/8818.png?lm=1416161632)'}}, {'y': 550000, 'verein': 'FC Botosani', 'age': '24', 'mw': '€550Th.', 'datum_mw': 'Jun 3, 2022', 'x': 1654207200000, 'marker': {'symbol': 'url(https://tmssl.akamaized.net/images/wappen/verysmall/8818.png?lm=1416161632)'}}]}]		-	-	1.096'				Dec 1, 2020			
Ciprian Maxim																																						
Sebastian Mailat	Sebastian Arpad Mailat	Dec 12, 1997	Timişoara	24	1,73 m	Romania	attack - Left Winger	right	Relatives	FC Botosani	Jan 4, 2022	Jun 30, 2023	0.0	28	24	0.96	3	-	8	13	2	-	-			1.496'	[{'type': 'line', 'name': 'Market value', 'data': [{'y': 50000, 'verein': 'ACS Poli Timisoara U19 (2012 - 2021)', 'age': '18', 'mw': '€50Th.', 'datum_mw': 'May 30, 2016', 'x': 1464559200000, 'marker': {'symbol': 'url(https://tmssl.akamaized.net/images/wappen/verysmall/40892.png?lm=1443373581)'}}, {'y': 100000, 'verein': 'ACS Poli Timisoara (2012 - 2021)', 'age': '19', 'mw': '€100Th.', 'datum_mw': 'Dec 21, 2016', 'x': 1482274800000, 'marker': {'symbol': 'url(https://tmssl.akamaized.net/images/wappen/verysmall/36590.png?lm=1443373581)'}}, {'y': 150000, 'verein': 'ACS Poli Timisoara (2012 - 2021)', 'age': '19', 'mw': '€150Th.', 'datum_mw': 'Jun 17, 2017', 'x': 1497650400000, 'marker': {'symbol': 'url(https://tmssl.akamaized.net/images/wappen/verysmall/36590.png?lm=1443373581)'}}, {'y': 250000, 'verein': 'ACS Poli Timisoara (2012 - 2021)', 'age': '19', 'mw': '€250Th.', 'datum_mw': 'Sep 29, 2017', 'x': 1506636000000, 'marker': {'symbol': 'url(https://tmssl.akamaized.net/images/wappen/verysmall/36590.png?lm=1443373581)'}}, {'y': 500000, 'verein': 'CFR Cluj', 'age': '20', 'mw': '€500Th.', 'datum_mw': 'Dec 27, 2017', 'x': 1514329200000, 'marker': {'symbol': 'url(https://tmssl.akamaized.net/images/wappen/verysmall/7769.png?lm=1414777942)'}}, {'y': 800000, 'verein': 'CFR Cluj', 'age': '20', 'mw': '€800Th.', 'datum_mw': 'Jun 14, 2018', 'x': 1528927200000, 'marker': {'symbol': 'url(https://tmssl.akamaized.net/images/wappen/verysmall/7769.png?lm=1414777942)'}}, {'y': 650000, 'verein': 'CFR Cluj', 'age': '21', 'mw': '€650Th.', 'datum_mw': 'Dec 23, 2018', 'x': 1545519600000, 'marker': {'symbol': 'url(https://tmssl.akamaized.net/images/wappen/verysmall/7769.png?lm=1414777942)'}}, {'y': 550000, 'verein': 'Gaz Metan Medias', 'age': '21', 'mw': '€550Th.', 'datum_mw': 'Jun 18, 2019', 'x': 1560808800000, 'marker': {'symbol': 'url(https://tmssl.akamaized.net/images/wappen/verysmall/8104.png?lm=1476638592)'}}, {'y': 450000, 'verein': 'CFR Cluj', 'age': '21', 'mw': '€450Th.', 'datum_mw': 'Sep 26, 2019', 'x': 1569448800000, 'marker': {'symbol': 'url(https://tmssl.akamaized.net/images/wappen/verysmall/7769.png?lm=1414777942)'}}, {'y': 200000, 'verein': 'CFR Cluj', 'age': '22', 'mw': '€200Th.', 'datum_mw': 'Dec 21, 2019', 'x': 1576882800000, 'marker': {'symbol': 'url(https://tmssl.akamaized.net/images/wappen/verysmall/7769.png?lm=1414777942)'}}, {'y': 200000, 'verein': 'FC Universitatea Cluj', 'age': '22', 'mw': '€200Th.', 'datum_mw': 'Aug 5, 2020', 'x': 1596578400000, 'marker': {'symbol': 'url(https://tmssl.akamaized.net/images/wappen/verysmall/6429.png?lm=1416161674)'}}, {'y': 400000, 'verein': 'FC Voluntari', 'age': '23', 'mw': '€400Th.', 'datum_mw': 'Dec 18, 2020', 'x': 1608246000000, 'marker': {'symbol': 'url(https://tmssl.akamaized.net/images/wappen/verysmall/40843_1626459347.png?lm=1626459347)'}}, {'y': 350000, 'verein': 'FC Voluntari', 'age': '23', 'mw': '€350Th.', 'datum_mw': 'Jun 3, 2021', 'x': 1622671200000, 'marker': {'symbol': 'url(https://tmssl.akamaized.net/images/wappen/verysmall/40843_1626459347.png?lm=1626459347)'}}, {'y': 200000, 'verein': 'CFR Cluj', 'age': '24', 'mw': '€200Th.', 'datum_mw': 'Dec 20, 2021', 'x': 1639954800000, 'marker': {'symbol': 'url(https://tmssl.akamaized.net/images/wappen/verysmall/7769.png?lm=1414777942)'}}, {'y': 300000, 'verein': 'FC Botosani', 'age': '24', 'mw': '€300Th.', 'datum_mw': 'Mar 29, 2022', 'x': 1648504800000, 'marker': {'symbol': 'url(https://tmssl.akamaized.net/images/wappen/verysmall/8818.png?lm=1416161632)'}}, {'y': 400000, 'verein': 'FC Botosani', 'age': '24', 'mw': '€400Th.', 'datum_mw': 'Jun 3, 2022', 'x': 1654207200000, 'marker': {'symbol': 'url(https://tmssl.akamaized.net/images/wappen/verysmall/8818.png?lm=1416161632)'}}]}]		-	-	499'							
Realdo Fili		May 14, 1996	Fier	26	1,76 m	"Albania
  United States"	attack - Left Winger	right	Team Endo	FC Botosani	Jan 28, 2020	May 30, 2022	0.0	35	27	1.56	7	-	18	12	1	-	-			1.156'	[{'type': 'line', 'name': 'Market value', 'data': [{'y': 175000, 'verein': 'FK Apolonia', 'age': '18', 'mw': '€175Th.', 'datum_mw': 'Nov 18, 2014', 'x': 1416265200000, 'marker': {'symbol': 'url(https://tmssl.akamaized.net/images/wappen/verysmall/12448_1606632898.png?lm=1606632898)'}}, {'y': 250000, 'verein': 'FK Apolonia', 'age': '19', 'mw': '€250Th.', 'datum_mw': 'Jun 14, 2015', 'x': 1434232800000, 'marker': {'symbol': 'url(https://tmssl.akamaized.net/images/wappen/verysmall/12448_1606632898.png?lm=1606632898)'}}, {'y': 200000, 'verein': 'FK Partizani B', 'age': '19', 'mw': '€200Th.', 'datum_mw': 'Mar 7, 2016', 'x': 1457305200000, 'marker': {'symbol': 'url(https://tmssl.akamaized.net/images/wappen/verysmall/27083.png?lm=1607637278)'}}, {'y': 200000, 'verein': 'FK Partizani', 'age': '21', 'mw': '€200Th.', 'datum_mw': 'Jun 14, 2017', 'x': 1497391200000, 'marker': {'symbol': 'url(https://tmssl.akamaized.net/images/wappen/verysmall/4040_1607637294.png?lm=1607637294)'}}, {'y': 175000, 'verein': 'FK Partizani', 'age': '21', 'mw': '€175Th.', 'datum_mw': 'Nov 14, 2017', 'x': 1510614000000, 'marker': {'symbol': 'url(https://tmssl.akamaized.net/images/wappen/verysmall/4040_1607637294.png?lm=1607637294)'}}, {'y': 175000, 'verein': 'FK Partizani', 'age': '21', 'mw': '€175Th.', 'datum_mw': 'Jan 15, 2018', 'x': 1515970800000, 'marker': {'symbol': 'url(https://tmssl.akamaized.net/images/wappen/verysmall/4040_1607637294.png?lm=1607637294)'}}, {'y': 200000, 'verein': 'FC Kamza', 'age': '22', 'mw': '€200Th.', 'datum_mw': 'Jun 28, 2018', 'x': 1530136800000, 'marker': {'symbol': 'url(https://tmssl.akamaized.net/images/wappen/verysmall/21786.png?lm=1413882598)'}}, {'y': 125000, 'verein': 'FC Luftëtari', 'age': '22', 'mw': '€125Th.', 'datum_mw': 'Jan 9, 2019', 'x': 1546988400000, 'marker': {'symbol': 'url(https://tmssl.akamaized.net/images/wappen/verysmall/21934.png?lm=1474923518)'}}, {'y': 150000, 'verein': 'FC Luftëtari', 'age': '23', 'mw': '€150Th.', 'datum_mw': 'Jan 2, 2020', 'x': 1577919600000, 'marker': {'symbol': 'url(https://tmssl.akamaized.net/images/wappen/verysmall/21934.png?lm=1474923518)'}}, {'y': 100000, 'verein': 'FC Botosani', 'age': '23', 'mw': '€100Th.', 'datum_mw': 'Mar 23, 2020', 'x': 1584918000000, 'marker': {'symbol': 'url(https://tmssl.akamaized.net/images/wappen/verysmall/8818.png?lm=1416161632)'}}, {'y': 100000, 'verein': 'FC Botosani', 'age': '24', 'mw': '€100Th.', 'datum_mw': 'Aug 5, 2020', 'x': 1596578400000, 'marker': {'symbol': 'url(https://tmssl.akamaized.net/images/wappen/verysmall/8818.png?lm=1416161632)'}}, {'y': 100000, 'verein': 'FC Botosani', 'age': '24', 'mw': '€100Th.', 'datum_mw': 'Dec 18, 2020', 'x': 1608246000000, 'marker': {'symbol': 'url(https://tmssl.akamaized.net/images/wappen/verysmall/8818.png?lm=1416161632)'}}, {'y': 200000, 'verein': 'FC Botosani', 'age': '24', 'mw': '€200Th.', 'datum_mw': 'Mar 21, 2021', 'x': 1616281200000, 'marker': {'symbol': 'url(https://tmssl.akamaized.net/images/wappen/verysmall/8818.png?lm=1416161632)'}}, {'y': 350000, 'verein': 'FC Botosani', 'age': '25', 'mw': '€350Th.', 'datum_mw': 'Jun 3, 2021', 'x': 1622671200000, 'marker': {'symbol': 'url(https://tmssl.akamaized.net/images/wappen/verysmall/8818.png?lm=1416161632)'}}, {'y': 450000, 'verein': 'FC Botosani', 'age': '25', 'mw': '€450Th.', 'datum_mw': 'Dec 22, 2021', 'x': 1640127600000, 'marker': {'symbol': 'url(https://tmssl.akamaized.net/images/wappen/verysmall/8818.png?lm=1416161632)'}}, {'y': 350000, 'verein': 'FC Botosani', 'age': '26', 'mw': '€350Th.', 'datum_mw': 'Jun 3, 2022', 'x': 1654207200000, 'marker': {'symbol': 'url(https://tmssl.akamaized.net/images/wappen/verysmall/8818.png?lm=1416161632)'}}]}]		-	-	165'							
Petar Petkovski	Петар Петковски	Jan 3, 1997	Skopje	25	1,70 m	"North Macedonia
  Bulgaria"	attack - Left Winger	right		FC Botosani	Jul 1, 2021	-	0.0	22	18	1.39	2	2	9	6	3	-	-			931'	[{'type': 'line', 'name': 'Market value', 'data': [{'y': 100000, 'verein': 'Vardar Skopje', 'age': '18', 'mw': '€100Th.', 'datum_mw': 'Jul 7, 2015', 'x': 1436220000000, 'marker': {'symbol': 'url(https://tmssl.akamaized.net/images/wappen/verysmall/77.png?lm=1609772239)'}}, {'y': 200000, 'verein': 'Vardar Skopje', 'age': '18', 'mw': '€200Th.', 'datum_mw': 'Dec 17, 2015', 'x': 1450306800000, 'marker': {'symbol': 'url(https://tmssl.akamaized.net/images/wappen/verysmall/77.png?lm=1609772239)'}}, {'y': 150000, 'verein': 'Vardar Skopje', 'age': '19', 'mw': '€150Th.', 'datum_mw': 'May 25, 2016', 'x': 1464127200000, 'marker': {'symbol': 'url(https://tmssl.akamaized.net/images/wappen/verysmall/77.png?lm=1609772239)'}}, {'y': 150000, 'verein': 'Vardar Skopje', 'age': '19', 'mw': '€150Th.', 'datum_mw': 'Dec 14, 2016', 'x': 1481670000000, 'marker': {'symbol': 'url(https://tmssl.akamaized.net/images/wappen/verysmall/77.png?lm=1609772239)'}}, {'y': 150000, 'verein': 'Vardar Skopje', 'age': '20', 'mw': '€150Th.', 'datum_mw': 'Jun 17, 2017', 'x': 1497650400000, 'marker': {'symbol': 'url(https://tmssl.akamaized.net/images/wappen/verysmall/77.png?lm=1609772239)'}}, {'y': 100000, 'verein': 'Vardar Skopje', 'age': '20', 'mw': '€100Th.', 'datum_mw': 'Dec 14, 2017', 'x': 1513206000000, 'marker': {'symbol': 'url(https://tmssl.akamaized.net/images/wappen/verysmall/77.png?lm=1609772239)'}}, {'y': 150000, 'verein': 'Rabotnicki Skopje', 'age': '21', 'mw': '€150Th.', 'datum_mw': 'May 26, 2018', 'x': 1527285600000, 'marker': {'symbol': 'url(https://tmssl.akamaized.net/images/wappen/verysmall/4641.png?lm=1493281373)'}}, {'y': 400000, 'verein': 'Rabotnicki Skopje', 'age': '21', 'mw': '€400Th.', 'datum_mw': 'Dec 12, 2018', 'x': 1544569200000, 'marker': {'symbol': 'url(https://tmssl.akamaized.net/images/wappen/verysmall/4641.png?lm=1493281373)'}}, {'y': 400000, 'verein': 'Rabotnicki Skopje', 'age': '22', 'mw': '€400Th.', 'datum_mw': 'May 29, 2019', 'x': 1559080800000, 'marker': {'symbol': 'url(https://tmssl.akamaized.net/images/wappen/verysmall/4641.png?lm=1493281373)'}}, {'y': 300000, 'verein': 'Rabotnicki Skopje', 'age': '22', 'mw': '€300Th.', 'datum_mw': 'Dec 12, 2019', 'x': 1576105200000, 'marker': {'symbol': 'url(https://tmssl.akamaized.net/images/wappen/verysmall/4641.png?lm=1493281373)'}}, {'y': 250000, 'verein': 'Rabotnicki Skopje', 'age': '23', 'mw': '€250Th.', 'datum_mw': 'Dec 19, 2020', 'x': 1608332400000, 'marker': {'symbol': 'url(https://tmssl.akamaized.net/images/wappen/verysmall/4641.png?lm=1493281373)'}}, {'y': 200000, 'verein': 'Rabotnicki Skopje', 'age': '24', 'mw': '€200Th.', 'datum_mw': 'May 18, 2021', 'x': 1621288800000, 'marker': {'symbol': 'url(https://tmssl.akamaized.net/images/wappen/verysmall/4641.png?lm=1493281373)'}}, {'y': 250000, 'verein': 'FC Botosani', 'age': '24', 'mw': '€250Th.', 'datum_mw': 'Dec 22, 2021', 'x': 1640127600000, 'marker': {'symbol': 'url(https://tmssl.akamaized.net/images/wappen/verysmall/8818.png?lm=1416161632)'}}, {'y': 250000, 'verein': 'FC Botosani', 'age': '25', 'mw': '€250Th.', 'datum_mw': 'Jun 3, 2022', 'x': 1654207200000, 'marker': {'symbol': 'url(https://tmssl.akamaized.net/images/wappen/verysmall/8818.png?lm=1416161632)'}}]}]		-	-	466'							
Terrence Tisdell	Terrence Leonard Tisdell	Mar 16, 1998	Monrovia	24	1,77 m	Liberia	attack - Left Winger	left	DK Stars	FC Botosani	Jan 17, 2022	-	0.0	32	32	1.09	3	2	4	16	8	-	-			2.349'	[{'type': 'line', 'name': 'Market value', 'data': [{'y': 25000, 'verein': 'FC Fassell', 'age': '18', 'mw': '€25Th.', 'datum_mw': 'Feb 15, 2017', 'x': 1487113200000, 'marker': {'symbol': 'url(https://tmssl.akamaized.net/images/wappen/verysmall/44554.png?lm=1511803158)'}}, {'y': 50000, 'verein': 'Without Club', 'age': '21', 'mw': '€50Th.', 'datum_mw': 'Feb 14, 2020', 'x': 1581634800000, 'marker': {'symbol': 'url(https://tmssl.akamaized.net/images/wappen/verysmall/515.png?lm=1456997255)'}}, {'y': 50000, 'verein': 'Hapoel Petah Tikva', 'age': '22', 'mw': '€50Th.', 'datum_mw': 'Dec 26, 2020', 'x': 1608937200000, 'marker': {'symbol': 'url(https://tmssl.akamaized.net/images/wappen/verysmall/262.png?lm=1645709182)'}}, {'y': 50000, 'verein': 'Hapoel Petah Tikva', 'age': '23', 'mw': '€50Th.', 'datum_mw': 'May 29, 2021', 'x': 1622239200000, 'marker': {'symbol': 'url(https://tmssl.akamaized.net/images/wappen/verysmall/262.png?lm=1645709182)'}}, {'y': 75000, 'verein': 'FC Botosani', 'age': '23', 'mw': '€75Th.', 'datum_mw': 'Jan 18, 2022', 'x': 1642460400000, 'marker': {'symbol': 'url(https://tmssl.akamaized.net/images/wappen/verysmall/8818.png?lm=1416161632)'}}, {'y': 100000, 'verein': 'FC Botosani', 'age': '24', 'mw': '€100Th.', 'datum_mw': 'Mar 29, 2022', 'x': 1648504800000, 'marker': {'symbol': 'url(https://tmssl.akamaized.net/images/wappen/verysmall/8818.png?lm=1416161632)'}}, {'y': 100000, 'verein': 'FC Botosani', 'age': '24', 'mw': '€100Th.', 'datum_mw': 'Jun 3, 2022', 'x': 1654207200000, 'marker': {'symbol': 'url(https://tmssl.akamaized.net/images/wappen/verysmall/8818.png?lm=1416161632)'}}]}]		-	-	783'							
Brayan Torres 																																						
Jája Silva	Jandir Breno Souza Silva	Nov 12, 1998		23	1,75 m	Brazil	attack - Right Winger	right	Ferreira	FC Botosani	Aug 10, 2021	Jun 30, 2022	0.0	23	19	1.32	1	1	12	5	4	-	-			838'	[{'type': 'line', 'name': 'Market value', 'data': [{'y': 200000, 'verein': 'FC Botosani', 'age': '22', 'mw': '€200Th.', 'datum_mw': 'Aug 12, 2021', 'x': 1628719200000, 'marker': {'symbol': 'url(https://tmssl.akamaized.net/images/wappen/verysmall/8818.png?lm=1416161632)'}}, {'y': 250000, 'verein': 'FC Botosani', 'age': '23', 'mw': '€250Th.', 'datum_mw': 'Dec 22, 2021', 'x': 1640127600000, 'marker': {'symbol': 'url(https://tmssl.akamaized.net/images/wappen/verysmall/8818.png?lm=1416161632)'}}, {'y': 400000, 'verein': 'FC Botosani', 'age': '23', 'mw': '€400Th.', 'datum_mw': 'Mar 29, 2022', 'x': 1648504800000, 'marker': {'symbol': 'url(https://tmssl.akamaized.net/images/wappen/verysmall/8818.png?lm=1416161632)'}}, {'y': 500000, 'verein': 'FC Botosani', 'age': '23', 'mw': '€500Th.', 'datum_mw': 'Jun 3, 2022', 'x': 1654207200000, 'marker': {'symbol': 'url(https://tmssl.akamaized.net/images/wappen/verysmall/8818.png?lm=1416161632)'}}]}]		-	-	838'	Boavista Sport Club (RJ)	-			Jandir Breno Souza Silva	Option to buy	
Mateus Criciúma	Mateus Barbosa Santos	Jan 19, 1999	Manga (MG)	23	1,76 m	Brazil	attack - Right Winger	left	JPF SPORTS	FC Botosani	Jul 23, 2021	Jun 30, 2023	0.0	11	8	0.50	-	-	6	2	-	-	-			171'	[{'type': 'line', 'name': 'Market value', 'data': [{'y': 50000, 'verein': 'Esporte Clube São Bento (SP)', 'age': '22', 'mw': '€50Th.', 'datum_mw': 'Mar 23, 2021', 'x': 1616454000000, 'marker': {'symbol': 'url(https://tmssl.akamaized.net/images/wappen/verysmall/8433.png?lm=1479508610)'}}, {'y': 150000, 'verein': 'FC Botosani', 'age': '22', 'mw': '€150Th.', 'datum_mw': 'Sep 30, 2021', 'x': 1632952800000, 'marker': {'symbol': 'url(https://tmssl.akamaized.net/images/wappen/verysmall/8818.png?lm=1416161632)'}}, {'y': 300000, 'verein': 'FC Botosani', 'age': '22', 'mw': '€300Th.', 'datum_mw': 'Dec 22, 2021', 'x': 1640127600000, 'marker': {'symbol': 'url(https://tmssl.akamaized.net/images/wappen/verysmall/8818.png?lm=1416161632)'}}, {'y': 300000, 'verein': 'FC Botosani', 'age': '23', 'mw': '€300Th.', 'datum_mw': 'Jun 3, 2022', 'x': 1654207200000, 'marker': {'symbol': 'url(https://tmssl.akamaized.net/images/wappen/verysmall/8818.png?lm=1416161632)'}}]}]		-	-	-					Mateus Barbosa Santos		
Jucie Lupeta	Joaquim Manuel Welo Lupeta	Mar 24, 1993	Lourinhã	29	1,86 m	"Portugal
  DR Congo"	attack - Right Winger	right		FC Botosani	Sep 15, 2021	Jun 30, 2023	0.0	16	12	1.50	-	-	8	4	2	-	-			420'	[{'type': 'line', 'name': 'Market value', 'data': [{'y': 100000, 'verein': 'Videoton FC', 'age': '20', 'mw': '€100Th.', 'datum_mw': 'Jul 11, 2013', 'x': 1373493600000, 'marker': {'symbol': 'url(https://tmssl.akamaized.net/images/wappen/verysmall/11107_1530811338.png?lm=1530811338)'}}, {'y': 400000, 'verein': 'Vitória Setúbal FC', 'age': '21', 'mw': '€400Th.', 'datum_mw': 'Feb 17, 2015', 'x': 1424127600000, 'marker': {'symbol': 'url(https://tmssl.akamaized.net/images/wappen/verysmall/1085.png?lm=1547543194)'}}, {'y': 400000, 'verein': 'Vitória Setúbal FC', 'age': '22', 'mw': '€400Th.', 'datum_mw': 'Jul 1, 2015', 'x': 1435701600000, 'marker': {'symbol': 'url(https://tmssl.akamaized.net/images/wappen/verysmall/1085.png?lm=1547543194)'}}, {'y': 350000, 'verein': 'Bidvest Wits FC', 'age': '22', 'mw': '€350Th.', 'datum_mw': 'Jan 9, 2016', 'x': 1452294000000, 'marker': {'symbol': 'url(https://tmssl.akamaized.net/images/wappen/verysmall/10680.png?lm=1586992238)'}}, {'y': 350000, 'verein': 'Bidvest Wits FC', 'age': '23', 'mw': '€350Th.', 'datum_mw': 'Jun 3, 2016', 'x': 1464904800000, 'marker': {'symbol': 'url(https://tmssl.akamaized.net/images/wappen/verysmall/10680.png?lm=1586992238)'}}, {'y': 300000, 'verein': 'NK Celje', 'age': '24', 'mw': '€300Th.', 'datum_mw': 'Jul 16, 2017', 'x': 1500156000000, 'marker': {'symbol': 'url(https://tmssl.akamaized.net/images/wappen/verysmall/710_1625564874.png?lm=1625564875)'}}, {'y': 400000, 'verein': 'NK Celje', 'age': '24', 'mw': '€400Th.', 'datum_mw': 'Feb 21, 2018', 'x': 1519167600000, 'marker': {'symbol': 'url(https://tmssl.akamaized.net/images/wappen/verysmall/710_1625564874.png?lm=1625564875)'}}, {'y': 400000, 'verein': 'NK Celje', 'age': '25', 'mw': '€400Th.', 'datum_mw': 'Aug 3, 2018', 'x': 1533247200000, 'marker': {'symbol': 'url(https://tmssl.akamaized.net/images/wappen/verysmall/710_1625564874.png?lm=1625564875)'}}, {'y': 500000, 'verein': 'NK Olimpija Ljubljana', 'age': '25', 'mw': '€500Th.', 'datum_mw': 'Mar 8, 2019', 'x': 1551999600000, 'marker': {'symbol': 'url(https://tmssl.akamaized.net/images/wappen/verysmall/4772.png?lm=1420820214)'}}, {'y': 450000, 'verein': 'NK Olimpija Ljubljana', 'age': '26', 'mw': '€450Th.', 'datum_mw': 'Jun 24, 2019', 'x': 1561327200000, 'marker': {'symbol': 'url(https://tmssl.akamaized.net/images/wappen/verysmall/4772.png?lm=1420820214)'}}, {'y': 450000, 'verein': 'NK Olimpija Ljubljana', 'age': '26', 'mw': '€450Th.', 'datum_mw': 'Dec 27, 2019', 'x': 1577401200000, 'marker': {'symbol': 'url(https://tmssl.akamaized.net/images/wappen/verysmall/4772.png?lm=1420820214)'}}, {'y': 350000, 'verein': 'NK Olimpija Ljubljana', 'age': '27', 'mw': '€350Th.', 'datum_mw': 'Apr 8, 2020', 'x': 1586296800000, 'marker': {'symbol': 'url(https://tmssl.akamaized.net/images/wappen/verysmall/4772.png?lm=1420820214)'}}, {'y': 250000, 'verein': 'NK Olimpija Ljubljana', 'age': '27', 'mw': '€250Th.', 'datum_mw': 'Jul 30, 2020', 'x': 1596060000000, 'marker': {'symbol': 'url(https://tmssl.akamaized.net/images/wappen/verysmall/4772.png?lm=1420820214)'}}, {'y': 150000, 'verein': 'Maccabi Petah Tikva', 'age': '27', 'mw': '€150Th.', 'datum_mw': 'Dec 26, 2020', 'x': 1608937200000, 'marker': {'symbol': 'url(https://tmssl.akamaized.net/images/wappen/verysmall/3785.png?lm=1423260379)'}}, {'y': 150000, 'verein': 'Maccabi Petah Tikva', 'age': '28', 'mw': '€150Th.', 'datum_mw': 'May 29, 2021', 'x': 1622239200000, 'marker': {'symbol': 'url(https://tmssl.akamaized.net/images/wappen/verysmall/3785.png?lm=1423260379)'}}, {'y': 100000, 'verein': 'FC Botosani', 'age': '28', 'mw': '€100Th.', 'datum_mw': 'Dec 22, 2021', 'x': 1640127600000, 'marker': {'symbol': 'url(https://tmssl.akamaized.net/images/wappen/verysmall/8818.png?lm=1416161632)'}}, {'y': 150000, 'verein': 'FC Botosani', 'age': '29', 'mw': '€150Th.', 'datum_mw': 'Jun 3, 2022', 'x': 1654207200000, 'marker': {'symbol': 'url(https://tmssl.akamaized.net/images/wappen/verysmall/8818.png?lm=1416161632)'}}]}]		-	-	-					Joaquim Manuel Welo Lupeta		
Mihai Roman		Oct 16, 1984	Suceava	37	1,74 m	Romania	attack - Right Winger	right	Ioan Becali	FC Botosani	Sep 2, 2019	Jun 30, 2022	0.0	32	32	1.38	2	1	24	13	6	-	-			1.446'	[{'type': 'line', 'name': 'Market value', 'data': [{'y': 700000, 'verein': 'FC Brasov', 'age': '24', 'mw': '€700Th.', 'datum_mw': 'Feb 2, 2009', 'x': 1233529200000, 'marker': {'symbol': 'url(https://tmssl.akamaized.net/images/wappen/verysmall/4687.png?lm=1618760143)'}}, {'y': 1200000, 'verein': 'FC Brasov', 'age': '24', 'mw': '€1.20m', 'datum_mw': 'Jun 26, 2009', 'x': 1245967200000, 'marker': {'symbol': 'url(https://tmssl.akamaized.net/images/wappen/verysmall/4687.png?lm=1618760143)'}}, {'y': 1500000, 'verein': 'FC Brasov', 'age': '25', 'mw': '€1.50m', 'datum_mw': 'Feb 6, 2010', 'x': 1265410800000, 'marker': {'symbol': 'url(https://tmssl.akamaized.net/images/wappen/verysmall/4687.png?lm=1618760143)'}}, {'y': 1700000, 'verein': 'Rapid Bucharest ', 'age': '25', 'mw': '€1.70m', 'datum_mw': 'Jul 27, 2010', 'x': 1280181600000, 'marker': {'symbol': 'url(https://tmssl.akamaized.net/images/wappen/verysmall/455.png?lm=1416161780)'}}, {'y': 1500000, 'verein': 'Rapid Bucharest ', 'age': '26', 'mw': '€1.50m', 'datum_mw': 'Jan 2, 2011', 'x': 1293922800000, 'marker': {'symbol': 'url(https://tmssl.akamaized.net/images/wappen/verysmall/455.png?lm=1416161780)'}}, {'y': 1200000, 'verein': 'Rapid Bucharest ', 'age': '27', 'mw': '€1.20m', 'datum_mw': 'Nov 10, 2011', 'x': 1320879600000, 'marker': {'symbol': 'url(https://tmssl.akamaized.net/images/wappen/verysmall/455.png?lm=1416161780)'}}, {'y': 1200000, 'verein': 'Rapid Bucharest ', 'age': '27', 'mw': '€1.20m', 'datum_mw': 'Apr 1, 2012', 'x': 1333231200000, 'marker': {'symbol': 'url(https://tmssl.akamaized.net/images/wappen/verysmall/455.png?lm=1416161780)'}}, {'y': 950000, 'verein': 'Rapid Bucharest ', 'age': '27', 'mw': '€950Th.', 'datum_mw': 'Aug 21, 2012', 'x': 1345500000000, 'marker': {'symbol': 'url(https://tmssl.akamaized.net/images/wappen/verysmall/455.png?lm=1416161780)'}}, {'y': 800000, 'verein': 'Rapid Bucharest ', 'age': '28', 'mw': '€800Th.', 'datum_mw': 'Dec 12, 2012', 'x': 1355266800000, 'marker': {'symbol': 'url(https://tmssl.akamaized.net/images/wappen/verysmall/455.png?lm=1416161780)'}}, {'y': 900000, 'verein': 'Rapid Bucharest ', 'age': '28', 'mw': '€900Th.', 'datum_mw': 'Jun 5, 2013', 'x': 1370383200000, 'marker': {'symbol': 'url(https://tmssl.akamaized.net/images/wappen/verysmall/455.png?lm=1416161780)'}}, {'y': 750000, 'verein': 'FC Toulouse', 'age': '29', 'mw': '€750Th.', 'datum_mw': 'Jan 14, 2014', 'x': 1389654000000, 'marker': {'symbol': 'url(https://tmssl.akamaized.net/images/wappen/verysmall/415_1530117572.png?lm=1530117572)'}}, {'y': 500000, 'verein': 'FC Toulouse', 'age': '29', 'mw': '€500Th.', 'datum_mw': 'Aug 7, 2014', 'x': 1407362400000, 'marker': {'symbol': 'url(https://tmssl.akamaized.net/images/wappen/verysmall/415_1530117572.png?lm=1530117572)'}}, {'y': 500000, 'verein': 'FC Toulouse', 'age': '30', 'mw': '€500Th.', 'datum_mw': 'Jan 14, 2015', 'x': 1421190000000, 'marker': {'symbol': 'url(https://tmssl.akamaized.net/images/wappen/verysmall/415_1530117572.png?lm=1530117572)'}}, {'y': 400000, 'verein': 'FC Toulouse', 'age': '30', 'mw': '€400Th.', 'datum_mw': 'Jun 6, 2015', 'x': 1433541600000, 'marker': {'symbol': 'url(https://tmssl.akamaized.net/images/wappen/verysmall/415_1530117572.png?lm=1530117572)'}}, {'y': 300000, 'verein': 'FC Toulouse', 'age': '30', 'mw': '€300Th.', 'datum_mw': 'Sep 6, 2015', 'x': 1441490400000, 'marker': {'symbol': 'url(https://tmssl.akamaized.net/images/wappen/verysmall/415_1530117572.png?lm=1530117572)'}}, {'y': 250000, 'verein': 'FC Toulouse', 'age': '31', 'mw': '€250Th.', 'datum_mw': 'Feb 4, 2016', 'x': 1454540400000, 'marker': {'symbol': 'url(https://tmssl.akamaized.net/images/wappen/verysmall/415_1530117572.png?lm=1530117572)'}}, {'y': 250000, 'verein': 'FC Botosani', 'age': '32', 'mw': '€250Th.', 'datum_mw': 'Dec 21, 2016', 'x': 1482274800000, 'marker': {'symbol': 'url(https://tmssl.akamaized.net/images/wappen/verysmall/8818.png?lm=1416161632)'}}, {'y': 300000, 'verein': 'FC Botosani', 'age': '32', 'mw': '€300Th.', 'datum_mw': 'Jun 17, 2017', 'x': 1497650400000, 'marker': {'symbol': 'url(https://tmssl.akamaized.net/images/wappen/verysmall/8818.png?lm=1416161632)'}}, {'y': 400000, 'verein': 'FC Botosani', 'age': '33', 'mw': '€400Th.', 'datum_mw': 'Dec 27, 2017', 'x': 1514329200000, 'marker': {'symbol': 'url(https://tmssl.akamaized.net/images/wappen/verysmall/8818.png?lm=1416161632)'}}, {'y': 450000, 'verein': 'FC Botosani', 'age': '33', 'mw': '€450Th.', 'datum_mw': 'Jun 14, 2018', 'x': 1528927200000, 'marker': {'symbol': 'url(https://tmssl.akamaized.net/images/wappen/verysmall/8818.png?lm=1416161632)'}}, {'y': 300000, 'verein': 'FCSB', 'age': '34', 'mw': '€300Th.', 'datum_mw': 'Dec 23, 2018', 'x': 1545519600000, 'marker': {'symbol': 'url(https://tmssl.akamaized.net/images/wappen/verysmall/301.png?lm=1485604345)'}}, {'y': 300000, 'verein': 'FCSB', 'age': '34', 'mw': '€300Th.', 'datum_mw': 'Jun 18, 2019', 'x': 1560808800000, 'marker': {'symbol': 'url(https://tmssl.akamaized.net/images/wappen/verysmall/301.png?lm=1485604345)'}}, {'y': 300000, 'verein': 'FC Botosani', 'age': '35', 'mw': '€300Th.', 'datum_mw': 'Dec 21, 2019', 'x': 1576882800000, 'marker': {'symbol': 'url(https://tmssl.akamaized.net/images/wappen/verysmall/8818.png?lm=1416161632)'}}, {'y': 250000, 'verein': 'FC Botosani', 'age': '35', 'mw': '€250Th.', 'datum_mw': 'Aug 5, 2020', 'x': 1596578400000, 'marker': {'symbol': 'url(https://tmssl.akamaized.net/images/wappen/verysmall/8818.png?lm=1416161632)'}}, {'y': 200000, 'verein': 'FC Botosani', 'age': '36', 'mw': '€200Th.', 'datum_mw': 'Dec 18, 2020', 'x': 1608246000000, 'marker': {'symbol': 'url(https://tmssl.akamaized.net/images/wappen/verysmall/8818.png?lm=1416161632)'}}, {'y': 150000, 'verein': 'FC Botosani', 'age': '36', 'mw': '€150Th.', 'datum_mw': 'Jun 3, 2021', 'x': 1622671200000, 'marker': {'symbol': 'url(https://tmssl.akamaized.net/images/wappen/verysmall/8818.png?lm=1416161632)'}}, {'y': 200000, 'verein': 'FC Botosani', 'age': '37', 'mw': '€200Th.', 'datum_mw': 'Dec 22, 2021', 'x': 1640127600000, 'marker': {'symbol': 'url(https://tmssl.akamaized.net/images/wappen/verysmall/8818.png?lm=1416161632)'}}, {'y': 100000, 'verein': 'FC Botosani', 'age': '37', 'mw': '€100Th.', 'datum_mw': 'Jun 3, 2022', 'x': 1654207200000, 'marker': {'symbol': 'url(https://tmssl.akamaized.net/images/wappen/verysmall/8818.png?lm=1416161632)'}}]}]		-	-	723'							
Alexandru Caia																																						
Mihai Roman II																																						
Sergej Grubac	Сергеј Грубач / Σεργκέι Γκρούμπατς	May 29, 2000	Belgrad	22	1,90 m	"Montenegro
  Cyprus"	attack - Centre-Forward	right	Football Capital	FC Botosani	Feb 15, 2022	Jun 30, 2024	0.0	10	2			-	-	2	-	-	-			-	[{'type': 'line', 'name': 'Market value', 'data': [{'y': 100000, 'verein': 'APOEL Nicosia', 'age': '18', 'mw': '€100Th.', 'datum_mw': 'Jul 1, 2018', 'x': 1530396000000, 'marker': {'symbol': 'url(https://tmssl.akamaized.net/images/wappen/verysmall/2784.png?lm=1536096930)'}}, {'y': 100000, 'verein': 'Chievo Verona', 'age': '18', 'mw': '€100Th.', 'datum_mw': 'Dec 20, 2018', 'x': 1545260400000, 'marker': {'symbol': 'url(https://tmssl.akamaized.net/images/wappen/verysmall/862.png?lm=1454498424)'}}, {'y': 200000, 'verein': 'Chievo Verona', 'age': '19', 'mw': '€200Th.', 'datum_mw': 'Jun 6, 2019', 'x': 1559772000000, 'marker': {'symbol': 'url(https://tmssl.akamaized.net/images/wappen/verysmall/862.png?lm=1454498424)'}}, {'y': 200000, 'verein': 'Chievo Verona', 'age': '19', 'mw': '€200Th.', 'datum_mw': 'Dec 30, 2019', 'x': 1577660400000, 'marker': {'symbol': 'url(https://tmssl.akamaized.net/images/wappen/verysmall/862.png?lm=1454498424)'}}, {'y': 250000, 'verein': 'Chievo Verona', 'age': '20', 'mw': '€250Th.', 'datum_mw': 'Aug 21, 2020', 'x': 1597960800000, 'marker': {'symbol': 'url(https://tmssl.akamaized.net/images/wappen/verysmall/862.png?lm=1454498424)'}}, {'y': 250000, 'verein': 'Chievo Verona', 'age': '20', 'mw': '€250Th.', 'datum_mw': 'Feb 22, 2021', 'x': 1613948400000, 'marker': {'symbol': 'url(https://tmssl.akamaized.net/images/wappen/verysmall/862.png?lm=1454498424)'}}, {'y': 200000, 'verein': 'Chievo Verona', 'age': '21', 'mw': '€200Th.', 'datum_mw': 'Jun 24, 2021', 'x': 1624485600000, 'marker': {'symbol': 'url(https://tmssl.akamaized.net/images/wappen/verysmall/862.png?lm=1454498424)'}}, {'y': 150000, 'verein': 'FC Botosani', 'age': '22', 'mw': '€150Th.', 'datum_mw': 'Jun 3, 2022', 'x': 1654207200000, 'marker': {'symbol': 'url(https://tmssl.akamaized.net/images/wappen/verysmall/8818.png?lm=1416161632)'}}]}]		-	-	-							Nike
