Name	Name in home country	Date of birth	Place of birth	Age	Height	Citizenship	Position	Foot	Player agent	Current club	Joined	Contract expires	Date of last contract extension	CL Appearances	Squad	Appearances	PPG	Goals	Assists	Sub on	Sub off	Yellow cards	Seccond Yellow Cards	Red cards	Goals conceded	Clean sheets	Minutes played	Market Values	Own goals	Penalty goals	Minutes per goal	Outfitter	2nd club	On loan from	Contract there expires
Lukas Hrdlicka																																			
Matej Rakovan																																			
Stanislav Dostal	Stanislav Dostál	Jun 20, 1991	Zlín	31	1,85 m	Czech Republic	Goalkeeper	right	Jan Levy	FC Fastav Zlin	Jul 1, 2008	Jun 30, 2023	Jan 1, 2021	0.0	34	34	0.94	-	-	1	1	-	-	-	47	10	2.949'	[{'type': 'line', 'name': 'Market value', 'data': [{'y': 50000, 'verein': 'FC Tescoma Zlin', 'age': '17', 'mw': '€50Th.', 'datum_mw': 'Aug 28, 2008', 'x': 1219874400000, 'marker': {'symbol': 'url(https://tmssl.akamaized.net/images/wappen/verysmall/5545_1548268496.png?lm=1548268496)'}}, {'y': 100000, 'verein': 'FC Fastav Zlin', 'age': '21', 'mw': '€100Th.', 'datum_mw': 'Aug 7, 2012', 'x': 1344290400000, 'marker': {'symbol': 'url(https://tmssl.akamaized.net/images/wappen/verysmall/5545.png?lm=1419785784)'}}, {'y': 100000, 'verein': 'FC Fastav Zlin', 'age': '24', 'mw': '€100Th.', 'datum_mw': 'Oct 15, 2015', 'x': 1444860000000, 'marker': {'symbol': 'url(https://tmssl.akamaized.net/images/wappen/verysmall/5545.png?lm=1419785784)'}}, {'y': 250000, 'verein': 'FC Fastav Zlin', 'age': '25', 'mw': '€250Th.', 'datum_mw': 'Aug 3, 2016', 'x': 1470175200000, 'marker': {'symbol': 'url(https://tmssl.akamaized.net/images/wappen/verysmall/5545.png?lm=1419785784)'}}, {'y': 450000, 'verein': 'FC Fastav Zlin', 'age': '25', 'mw': '€450Th.', 'datum_mw': 'Oct 16, 2016', 'x': 1476568800000, 'marker': {'symbol': 'url(https://tmssl.akamaized.net/images/wappen/verysmall/5545.png?lm=1419785784)'}}, {'y': 500000, 'verein': 'FC Fastav Zlin', 'age': '25', 'mw': '€500Th.', 'datum_mw': 'Dec 19, 2016', 'x': 1482102000000, 'marker': {'symbol': 'url(https://tmssl.akamaized.net/images/wappen/verysmall/5545.png?lm=1419785784)'}}, {'y': 500000, 'verein': 'FC Fastav Zlin', 'age': '25', 'mw': '€500Th.', 'datum_mw': 'Jun 10, 2017', 'x': 1497045600000, 'marker': {'symbol': 'url(https://tmssl.akamaized.net/images/wappen/verysmall/5545.png?lm=1419785784)'}}, {'y': 500000, 'verein': 'FC Fastav Zlin', 'age': '26', 'mw': '€500Th.', 'datum_mw': 'Dec 21, 2017', 'x': 1513810800000, 'marker': {'symbol': 'url(https://tmssl.akamaized.net/images/wappen/verysmall/5545.png?lm=1419785784)'}}, {'y': 500000, 'verein': 'FC Fastav Zlin', 'age': '27', 'mw': '€500Th.', 'datum_mw': 'Jul 14, 2018', 'x': 1531519200000, 'marker': {'symbol': 'url(https://tmssl.akamaized.net/images/wappen/verysmall/5545.png?lm=1419785784)'}}, {'y': 500000, 'verein': 'FC Fastav Zlin', 'age': '27', 'mw': '€500Th.', 'datum_mw': 'Dec 30, 2018', 'x': 1546124400000, 'marker': {'symbol': 'url(https://tmssl.akamaized.net/images/wappen/verysmall/5545.png?lm=1419785784)'}}, {'y': 350000, 'verein': 'FC Fastav Zlin', 'age': '27', 'mw': '€350Th.', 'datum_mw': 'Apr 30, 2019', 'x': 1556575200000, 'marker': {'symbol': 'url(https://tmssl.akamaized.net/images/wappen/verysmall/5545.png?lm=1419785784)'}}, {'y': 300000, 'verein': 'FC Fastav Zlin', 'age': '28', 'mw': '€300Th.', 'datum_mw': 'Jun 25, 2019', 'x': 1561413600000, 'marker': {'symbol': 'url(https://tmssl.akamaized.net/images/wappen/verysmall/5545.png?lm=1419785784)'}}, {'y': 300000, 'verein': 'FC Fastav Zlin', 'age': '28', 'mw': '€300Th.', 'datum_mw': 'Dec 7, 2019', 'x': 1575673200000, 'marker': {'symbol': 'url(https://tmssl.akamaized.net/images/wappen/verysmall/5545.png?lm=1419785784)'}}, {'y': 300000, 'verein': 'FC Fastav Zlin', 'age': '29', 'mw': '€300Th.', 'datum_mw': 'Jul 10, 2020', 'x': 1594332000000, 'marker': {'symbol': 'url(https://tmssl.akamaized.net/images/wappen/verysmall/5545.png?lm=1419785784)'}}, {'y': 300000, 'verein': 'FC Fastav Zlin', 'age': '29', 'mw': '€300Th.', 'datum_mw': 'Dec 27, 2020', 'x': 1609023600000, 'marker': {'symbol': 'url(https://tmssl.akamaized.net/images/wappen/verysmall/5545.png?lm=1419785784)'}}, {'y': 300000, 'verein': 'FC Fastav Zlin', 'age': '30', 'mw': '€300Th.', 'datum_mw': 'Jun 25, 2021', 'x': 1624572000000, 'marker': {'symbol': 'url(https://tmssl.akamaized.net/images/wappen/verysmall/5545.png?lm=1419785784)'}}, {'y': 250000, 'verein': 'FC Fastav Zlin', 'age': '30', 'mw': '€250Th.', 'datum_mw': 'Oct 12, 2021', 'x': 1633989600000, 'marker': {'symbol': 'url(https://tmssl.akamaized.net/images/wappen/verysmall/5545.png?lm=1419785784)'}}, {'y': 200000, 'verein': 'FC Fastav Zlin', 'age': '30', 'mw': '€200Th.', 'datum_mw': 'Dec 26, 2021', 'x': 1640473200000, 'marker': {'symbol': 'url(https://tmssl.akamaized.net/images/wappen/verysmall/5545.png?lm=1419785784)'}}, {'y': 200000, 'verein': 'FC Fastav Zlin', 'age': '31', 'mw': '€200Th.', 'datum_mw': 'Jun 22, 2022', 'x': 1655848800000, 'marker': {'symbol': 'url(https://tmssl.akamaized.net/images/wappen/verysmall/5545.png?lm=1419785784)'}}]}]							
Jan Siska																																			
Dominik Simersky	Dominik Simerský	Sep 29, 1992	Otrokovice	29	1,90 m	Czech Republic	Defender - Centre-Back	right	IFM-M	FC Fastav Zlin	Jan 17, 2020	-		0.0	34	29	1.03	1	-	3	1	3	-	-			2.350'	[{'type': 'line', 'name': 'Market value', 'data': [{'y': 200000, 'verein': 'FC Zbrojovka Brno', 'age': '18', 'mw': '€200Th.', 'datum_mw': 'Mar 18, 2011', 'x': 1300402800000, 'marker': {'symbol': 'url(https://tmssl.akamaized.net/images/wappen/verysmall/5225.png?lm=1419785332)'}}, {'y': 200000, 'verein': 'FK Baumit Jablonec', 'age': '19', 'mw': '€200Th.', 'datum_mw': 'Sep 15, 2012', 'x': 1347660000000, 'marker': {'symbol': 'url(https://tmssl.akamaized.net/images/wappen/verysmall/1322_1551278701.png?lm=1551278701)'}}, {'y': 300000, 'verein': 'Slezsky FC Opava', 'age': '24', 'mw': '€300Th.', 'datum_mw': 'Dec 1, 2016', 'x': 1480546800000, 'marker': {'symbol': 'url(https://tmssl.akamaized.net/images/wappen/verysmall/479.png?lm=1419786232)'}}, {'y': 350000, 'verein': 'Slezsky FC Opava', 'age': '24', 'mw': '€350Th.', 'datum_mw': 'Jun 10, 2017', 'x': 1497045600000, 'marker': {'symbol': 'url(https://tmssl.akamaized.net/images/wappen/verysmall/479.png?lm=1419786232)'}}, {'y': 400000, 'verein': 'Slezsky FC Opava', 'age': '25', 'mw': '€400Th.', 'datum_mw': 'Dec 15, 2017', 'x': 1513292400000, 'marker': {'symbol': 'url(https://tmssl.akamaized.net/images/wappen/verysmall/479.png?lm=1419786232)'}}, {'y': 400000, 'verein': 'Slezsky FC Opava', 'age': '25', 'mw': '€400Th.', 'datum_mw': 'Jul 14, 2018', 'x': 1531519200000, 'marker': {'symbol': 'url(https://tmssl.akamaized.net/images/wappen/verysmall/479.png?lm=1419786232)'}}, {'y': 400000, 'verein': 'Slezsky FC Opava', 'age': '26', 'mw': '€400Th.', 'datum_mw': 'Dec 30, 2018', 'x': 1546124400000, 'marker': {'symbol': 'url(https://tmssl.akamaized.net/images/wappen/verysmall/479.png?lm=1419786232)'}}, {'y': 450000, 'verein': 'Slezsky FC Opava', 'age': '26', 'mw': '€450Th.', 'datum_mw': 'Jun 25, 2019', 'x': 1561413600000, 'marker': {'symbol': 'url(https://tmssl.akamaized.net/images/wappen/verysmall/479.png?lm=1419786232)'}}, {'y': 450000, 'verein': 'Slezsky FC Opava', 'age': '27', 'mw': '€450Th.', 'datum_mw': 'Dec 7, 2019', 'x': 1575673200000, 'marker': {'symbol': 'url(https://tmssl.akamaized.net/images/wappen/verysmall/479.png?lm=1419786232)'}}, {'y': 350000, 'verein': 'FC Fastav Zlin', 'age': '27', 'mw': '€350Th.', 'datum_mw': 'Apr 8, 2020', 'x': 1586296800000, 'marker': {'symbol': 'url(https://tmssl.akamaized.net/images/wappen/verysmall/5545.png?lm=1419785784)'}}, {'y': 350000, 'verein': 'FC Fastav Zlin', 'age': '27', 'mw': '€350Th.', 'datum_mw': 'Jul 10, 2020', 'x': 1594332000000, 'marker': {'symbol': 'url(https://tmssl.akamaized.net/images/wappen/verysmall/5545.png?lm=1419785784)'}}, {'y': 300000, 'verein': 'FC Fastav Zlin', 'age': '28', 'mw': '€300Th.', 'datum_mw': 'Dec 27, 2020', 'x': 1609023600000, 'marker': {'symbol': 'url(https://tmssl.akamaized.net/images/wappen/verysmall/5545.png?lm=1419785784)'}}, {'y': 300000, 'verein': 'FC Fastav Zlin', 'age': '28', 'mw': '€300Th.', 'datum_mw': 'Jun 25, 2021', 'x': 1624572000000, 'marker': {'symbol': 'url(https://tmssl.akamaized.net/images/wappen/verysmall/5545.png?lm=1419785784)'}}, {'y': 250000, 'verein': 'FC Fastav Zlin', 'age': '29', 'mw': '€250Th.', 'datum_mw': 'Dec 26, 2021', 'x': 1640473200000, 'marker': {'symbol': 'url(https://tmssl.akamaized.net/images/wappen/verysmall/5545.png?lm=1419785784)'}}, {'y': 250000, 'verein': 'FC Fastav Zlin', 'age': '29', 'mw': '€250Th.', 'datum_mw': 'Jun 22, 2022', 'x': 1655848800000, 'marker': {'symbol': 'url(https://tmssl.akamaized.net/images/wappen/verysmall/5545.png?lm=1419785784)'}}]}]	-	-	2.350'				
Lukas Vrastil																																			
Jakub Kolar																																			
Vaclav Prochazka	Václav Procházka	May 8, 1984	Rokycany	38	1,85 m	Czech Republic	Defender - Centre-Back	both	SPOCS Global Sports	FC Fastav Zlin	Aug 11, 2020	Jun 30, 2023	May 27, 2022	0.0	32	31	0.97	1	1	4	3	7	-	-			2.331'	[{'type': 'line', 'name': 'Market value', 'data': [{'y': 250000, 'verein': 'FK Mlada Boleslav', 'age': '24', 'mw': '€250Th.', 'datum_mw': 'May 16, 2008', 'x': 1210888800000, 'marker': {'symbol': 'url(https://tmssl.akamaized.net/images/wappen/verysmall/5546.png?lm=1419784887)'}}, {'y': 500000, 'verein': 'FK Mlada Boleslav', 'age': '25', 'mw': '€500Th.', 'datum_mw': 'Sep 4, 2009', 'x': 1252015200000, 'marker': {'symbol': 'url(https://tmssl.akamaized.net/images/wappen/verysmall/5546.png?lm=1419784887)'}}, {'y': 500000, 'verein': 'FK Mlada Boleslav', 'age': '26', 'mw': '€500Th.', 'datum_mw': 'Oct 20, 2010', 'x': 1287525600000, 'marker': {'symbol': 'url(https://tmssl.akamaized.net/images/wappen/verysmall/5546.png?lm=1419784887)'}}, {'y': 400000, 'verein': 'FK Mlada Boleslav', 'age': '27', 'mw': '€400Th.', 'datum_mw': 'Aug 12, 2011', 'x': 1313100000000, 'marker': {'symbol': 'url(https://tmssl.akamaized.net/images/wappen/verysmall/5546.png?lm=1419784887)'}}, {'y': 500000, 'verein': 'FK Mlada Boleslav', 'age': '27', 'mw': '€500Th.', 'datum_mw': 'Dec 24, 2011', 'x': 1324681200000, 'marker': {'symbol': 'url(https://tmssl.akamaized.net/images/wappen/verysmall/5546.png?lm=1419784887)'}}, {'y': 600000, 'verein': 'FC Viktoria Plzen', 'age': '27', 'mw': '€600Th.', 'datum_mw': 'Jan 28, 2012', 'x': 1327705200000, 'marker': {'symbol': 'url(https://tmssl.akamaized.net/images/wappen/verysmall/941.png?lm=1571347012)'}}, {'y': 600000, 'verein': 'FC Viktoria Plzen', 'age': '28', 'mw': '€600Th.', 'datum_mw': 'Jul 31, 2012', 'x': 1343685600000, 'marker': {'symbol': 'url(https://tmssl.akamaized.net/images/wappen/verysmall/941.png?lm=1571347012)'}}, {'y': 800000, 'verein': 'FC Viktoria Plzen', 'age': '28', 'mw': '€800Th.', 'datum_mw': 'Aug 31, 2012', 'x': 1346364000000, 'marker': {'symbol': 'url(https://tmssl.akamaized.net/images/wappen/verysmall/941.png?lm=1571347012)'}}, {'y': 900000, 'verein': 'FC Viktoria Plzen', 'age': '28', 'mw': '€900Th.', 'datum_mw': 'Dec 4, 2012', 'x': 1354575600000, 'marker': {'symbol': 'url(https://tmssl.akamaized.net/images/wappen/verysmall/941.png?lm=1571347012)'}}, {'y': 1000000, 'verein': 'FC Viktoria Plzen', 'age': '29', 'mw': '€1.00m', 'datum_mw': 'Jul 25, 2013', 'x': 1374703200000, 'marker': {'symbol': 'url(https://tmssl.akamaized.net/images/wappen/verysmall/941.png?lm=1571347012)'}}, {'y': 1000000, 'verein': 'FC Viktoria Plzen', 'age': '30', 'mw': '€1.00m', 'datum_mw': 'Aug 7, 2014', 'x': 1407362400000, 'marker': {'symbol': 'url(https://tmssl.akamaized.net/images/wappen/verysmall/941.png?lm=1571347012)'}}, {'y': 1000000, 'verein': 'FC Viktoria Plzen', 'age': '30', 'mw': '€1.00m', 'datum_mw': 'Jan 17, 2015', 'x': 1421449200000, 'marker': {'symbol': 'url(https://tmssl.akamaized.net/images/wappen/verysmall/941.png?lm=1571347012)'}}, {'y': 1000000, 'verein': 'FC Viktoria Plzen', 'age': '31', 'mw': '€1.00m', 'datum_mw': 'Oct 14, 2015', 'x': 1444773600000, 'marker': {'symbol': 'url(https://tmssl.akamaized.net/images/wappen/verysmall/941.png?lm=1571347012)'}}, {'y': 600000, 'verein': 'Osmanlispor FK', 'age': '31', 'mw': '€600Th.', 'datum_mw': 'Apr 7, 2016', 'x': 1459980000000, 'marker': {'symbol': 'url(https://tmssl.akamaized.net/images/wappen/verysmall/2944_1599575043.png?lm=1599575043)'}}, {'y': 350000, 'verein': 'Osmanlispor FK', 'age': '32', 'mw': '€350Th.', 'datum_mw': 'Jul 15, 2016', 'x': 1468533600000, 'marker': {'symbol': 'url(https://tmssl.akamaized.net/images/wappen/verysmall/2944_1599575043.png?lm=1599575043)'}}, {'y': 450000, 'verein': 'Osmanlispor FK', 'age': '32', 'mw': '€450Th.', 'datum_mw': 'Jan 10, 2017', 'x': 1484002800000, 'marker': {'symbol': 'url(https://tmssl.akamaized.net/images/wappen/verysmall/2944_1599575043.png?lm=1599575043)'}}, {'y': 450000, 'verein': 'Osmanlispor FK', 'age': '33', 'mw': '€450Th.', 'datum_mw': 'Jun 9, 2017', 'x': 1496959200000, 'marker': {'symbol': 'url(https://tmssl.akamaized.net/images/wappen/verysmall/2944_1599575043.png?lm=1599575043)'}}, {'y': 250000, 'verein': 'Osmanlispor FK', 'age': '33', 'mw': '€250Th.', 'datum_mw': 'Feb 12, 2018', 'x': 1518390000000, 'marker': {'symbol': 'url(https://tmssl.akamaized.net/images/wappen/verysmall/2944_1599575043.png?lm=1599575043)'}}, {'y': 250000, 'verein': 'FC Banik Ostrava', 'age': '34', 'mw': '€250Th.', 'datum_mw': 'Jul 14, 2018', 'x': 1531519200000, 'marker': {'symbol': 'url(https://tmssl.akamaized.net/images/wappen/verysmall/377.png?lm=1419584907)'}}, {'y': 250000, 'verein': 'FC Banik Ostrava', 'age': '34', 'mw': '€250Th.', 'datum_mw': 'Dec 30, 2018', 'x': 1546124400000, 'marker': {'symbol': 'url(https://tmssl.akamaized.net/images/wappen/verysmall/377.png?lm=1419584907)'}}, {'y': 250000, 'verein': 'FC Banik Ostrava', 'age': '35', 'mw': '€250Th.', 'datum_mw': 'Jun 25, 2019', 'x': 1561413600000, 'marker': {'symbol': 'url(https://tmssl.akamaized.net/images/wappen/verysmall/377.png?lm=1419584907)'}}, {'y': 200000, 'verein': 'FC Banik Ostrava', 'age': '35', 'mw': '€200Th.', 'datum_mw': 'Dec 7, 2019', 'x': 1575673200000, 'marker': {'symbol': 'url(https://tmssl.akamaized.net/images/wappen/verysmall/377.png?lm=1419584907)'}}, {'y': 200000, 'verein': 'FC Banik Ostrava', 'age': '36', 'mw': '€200Th.', 'datum_mw': 'Jul 10, 2020', 'x': 1594332000000, 'marker': {'symbol': 'url(https://tmssl.akamaized.net/images/wappen/verysmall/377.png?lm=1419584907)'}}, {'y': 150000, 'verein': 'FC Fastav Zlin', 'age': '36', 'mw': '€150Th.', 'datum_mw': 'Dec 27, 2020', 'x': 1609023600000, 'marker': {'symbol': 'url(https://tmssl.akamaized.net/images/wappen/verysmall/5545.png?lm=1419785784)'}}, {'y': 150000, 'verein': 'FC Fastav Zlin', 'age': '37', 'mw': '€150Th.', 'datum_mw': 'Jun 25, 2021', 'x': 1624572000000, 'marker': {'symbol': 'url(https://tmssl.akamaized.net/images/wappen/verysmall/5545.png?lm=1419785784)'}}, {'y': 100000, 'verein': 'FC Fastav Zlin', 'age': '37', 'mw': '€100Th.', 'datum_mw': 'Oct 12, 2021', 'x': 1633989600000, 'marker': {'symbol': 'url(https://tmssl.akamaized.net/images/wappen/verysmall/5545.png?lm=1419785784)'}}, {'y': 100000, 'verein': 'FC Fastav Zlin', 'age': '37', 'mw': '€100Th.', 'datum_mw': 'Dec 26, 2021', 'x': 1640473200000, 'marker': {'symbol': 'url(https://tmssl.akamaized.net/images/wappen/verysmall/5545.png?lm=1419785784)'}}, {'y': 100000, 'verein': 'FC Fastav Zlin', 'age': '38', 'mw': '€100Th.', 'datum_mw': 'Jun 22, 2022', 'x': 1655848800000, 'marker': {'symbol': 'url(https://tmssl.akamaized.net/images/wappen/verysmall/5545.png?lm=1419785784)'}}]}]	-	-	2.331'				
Adam Hlousek	Adam Hloušek	Dec 20, 1988	Turnov	33	1,87 m	Czech Republic	Defender - Left-Back	left		FC Fastav Zlin	Feb 17, 2022	-		0.0	27	27	1.00	1	4	2	1	4	-	-			2.307'	[{'type': 'line', 'name': 'Market value', 'data': [{'y': 400000, 'verein': 'FK Jablonec 97', 'age': '18', 'mw': '€400Th.', 'datum_mw': 'Nov 21, 2007', 'x': 1195599600000, 'marker': {'symbol': 'url(https://tmssl.akamaized.net/images/wappen/verysmall/1322.png?lm=1551278724)'}}, {'y': 175000, 'verein': 'FK Jablonec 97', 'age': '19', 'mw': '€175Th.', 'datum_mw': 'May 20, 2008', 'x': 1211234400000, 'marker': {'symbol': 'url(https://tmssl.akamaized.net/images/wappen/verysmall/1322.png?lm=1551278724)'}}, {'y': 375000, 'verein': 'FK Jablonec 97', 'age': '20', 'mw': '€375Th.', 'datum_mw': 'Jan 15, 2009', 'x': 1231974000000, 'marker': {'symbol': 'url(https://tmssl.akamaized.net/images/wappen/verysmall/1322.png?lm=1551278724)'}}, {'y': 650000, 'verein': 'FK Jablonec 97', 'age': '20', 'mw': '€650Th.', 'datum_mw': 'Mar 9, 2009', 'x': 1236553200000, 'marker': {'symbol': 'url(https://tmssl.akamaized.net/images/wappen/verysmall/1322.png?lm=1551278724)'}}, {'y': 1200000, 'verein': 'SK Slavia Prague', 'age': '20', 'mw': '€1.20m', 'datum_mw': 'Sep 4, 2009', 'x': 1252015200000, 'marker': {'symbol': 'url(https://tmssl.akamaized.net/images/wappen/verysmall/62_1615070453.png?lm=1615070453)'}}, {'y': 1500000, 'verein': 'SK Slavia Prague', 'age': '20', 'mw': '€1.50m', 'datum_mw': 'Sep 23, 2009', 'x': 1253656800000, 'marker': {'symbol': 'url(https://tmssl.akamaized.net/images/wappen/verysmall/62_1615070453.png?lm=1615070453)'}}, {'y': 1500000, 'verein': 'SK Slavia Prague', 'age': '21', 'mw': '€1.50m', 'datum_mw': 'Jul 19, 2010', 'x': 1279490400000, 'marker': {'symbol': 'url(https://tmssl.akamaized.net/images/wappen/verysmall/62_1615070453.png?lm=1615070453)'}}, {'y': 1000000, 'verein': 'SK Slavia Prague', 'age': '21', 'mw': '€1.00m', 'datum_mw': 'Oct 21, 2010', 'x': 1287612000000, 'marker': {'symbol': 'url(https://tmssl.akamaized.net/images/wappen/verysmall/62_1615070453.png?lm=1615070453)'}}, {'y': 1500000, 'verein': '1.FC Kaiserslautern', 'age': '22', 'mw': '€1.50m', 'datum_mw': 'Jun 29, 2011', 'x': 1309298400000, 'marker': {'symbol': 'url(https://tmssl.akamaized.net/images/wappen/verysmall/2_1400587921.png?lm=1400587920)'}}, {'y': 1200000, 'verein': 'FK Baumit Jablonec', 'age': '23', 'mw': '€1.20m', 'datum_mw': 'Dec 25, 2011', 'x': 1324767600000, 'marker': {'symbol': 'url(https://tmssl.akamaized.net/images/wappen/verysmall/1322_1551278701.png?lm=1551278701)'}}, {'y': 1250000, 'verein': '1.FC Nuremberg', 'age': '23', 'mw': '€1.25m', 'datum_mw': 'Jan 16, 2012', 'x': 1326668400000, 'marker': {'symbol': 'url(https://tmssl.akamaized.net/images/wappen/verysmall/4_1400600916.png?lm=1400600915)'}}, {'y': 1500000, 'verein': '1.FC Nuremberg', 'age': '23', 'mw': '€1.50m', 'datum_mw': 'Jun 29, 2012', 'x': 1340920800000, 'marker': {'symbol': 'url(https://tmssl.akamaized.net/images/wappen/verysmall/4_1400600916.png?lm=1400600915)'}}, {'y': 1000000, 'verein': '1.FC Nuremberg', 'age': '24', 'mw': '€1.00m', 'datum_mw': 'Jan 13, 2013', 'x': 1358031600000, 'marker': {'symbol': 'url(https://tmssl.akamaized.net/images/wappen/verysmall/4.png?lm=1525459914)'}}, {'y': 750000, 'verein': '1.FC Nuremberg', 'age': '24', 'mw': '€750Th.', 'datum_mw': 'Jun 30, 2013', 'x': 1372543200000, 'marker': {'symbol': 'url(https://tmssl.akamaized.net/images/wappen/verysmall/4.png?lm=1525459914)'}}, {'y': 1500000, 'verein': '1.FC Nuremberg', 'age': '24', 'mw': '€1.50m', 'datum_mw': 'Nov 5, 2013', 'x': 1383606000000, 'marker': {'symbol': 'url(https://tmssl.akamaized.net/images/wappen/verysmall/4.png?lm=1525459914)'}}, {'y': 1500000, 'verein': 'VfB Stuttgart', 'age': '25', 'mw': '€1.50m', 'datum_mw': 'Jul 10, 2014', 'x': 1404943200000, 'marker': {'symbol': 'url(https://tmssl.akamaized.net/images/wappen/verysmall/79.png?lm=1487024087)'}}, {'y': 1500000, 'verein': 'VfB Stuttgart', 'age': '26', 'mw': '€1.50m', 'datum_mw': 'Feb 4, 2015', 'x': 1423004400000, 'marker': {'symbol': 'url(https://tmssl.akamaized.net/images/wappen/verysmall/79.png?lm=1487024087)'}}, {'y': 1000000, 'verein': 'VfB Stuttgart', 'age': '26', 'mw': '€1.00m', 'datum_mw': 'Jul 1, 2015', 'x': 1435701600000, 'marker': {'symbol': 'url(https://tmssl.akamaized.net/images/wappen/verysmall/79.png?lm=1487024087)'}}, {'y': 1000000, 'verein': 'Legia Warszawa', 'age': '27', 'mw': '€1.00m', 'datum_mw': 'Mar 28, 2016', 'x': 1459116000000, 'marker': {'symbol': 'url(https://tmssl.akamaized.net/images/wappen/verysmall/255.png?lm=1463410132)'}}, {'y': 1000000, 'verein': 'Legia Warszawa', 'age': '27', 'mw': '€1.00m', 'datum_mw': 'Jul 24, 2016', 'x': 1469311200000, 'marker': {'symbol': 'url(https://tmssl.akamaized.net/images/wappen/verysmall/255.png?lm=1463410132)'}}, {'y': 1200000, 'verein': 'Legia Warszawa', 'age': '28', 'mw': '€1.20m', 'datum_mw': 'Jan 21, 2017', 'x': 1484953200000, 'marker': {'symbol': 'url(https://tmssl.akamaized.net/images/wappen/verysmall/255.png?lm=1463410132)'}}, {'y': 1200000, 'verein': 'Legia Warszawa', 'age': '28', 'mw': '€1.20m', 'datum_mw': 'Jul 5, 2017', 'x': 1499205600000, 'marker': {'symbol': 'url(https://tmssl.akamaized.net/images/wappen/verysmall/255.png?lm=1463410132)'}}, {'y': 1100000, 'verein': 'Legia Warszawa', 'age': '29', 'mw': '€1.10m', 'datum_mw': 'Jan 16, 2018', 'x': 1516057200000, 'marker': {'symbol': 'url(https://tmssl.akamaized.net/images/wappen/verysmall/255.png?lm=1463410132)'}}, {'y': 1000000, 'verein': 'Legia Warszawa', 'age': '29', 'mw': '€1.00m', 'datum_mw': 'Jul 3, 2018', 'x': 1530568800000, 'marker': {'symbol': 'url(https://tmssl.akamaized.net/images/wappen/verysmall/255.png?lm=1463410132)'}}, {'y': 850000, 'verein': 'Legia Warszawa', 'age': '30', 'mw': '€850Th.', 'datum_mw': 'Jan 25, 2019', 'x': 1548370800000, 'marker': {'symbol': 'url(https://tmssl.akamaized.net/images/wappen/verysmall/255.png?lm=1463410132)'}}, {'y': 850000, 'verein': 'Legia Warszawa', 'age': '30', 'mw': '€850Th.', 'datum_mw': 'Jun 29, 2019', 'x': 1561759200000, 'marker': {'symbol': 'url(https://tmssl.akamaized.net/images/wappen/verysmall/255.png?lm=1463410132)'}}, {'y': 700000, 'verein': 'FC Viktoria Plzen', 'age': '30', 'mw': '€700Th.', 'datum_mw': 'Sep 25, 2019', 'x': 1569362400000, 'marker': {'symbol': 'url(https://tmssl.akamaized.net/images/wappen/verysmall/941.png?lm=1571347012)'}}, {'y': 850000, 'verein': 'FC Viktoria Plzen', 'age': '30', 'mw': '€850Th.', 'datum_mw': 'Dec 7, 2019', 'x': 1575673200000, 'marker': {'symbol': 'url(https://tmssl.akamaized.net/images/wappen/verysmall/941.png?lm=1571347012)'}}, {'y': 675000, 'verein': 'FC Viktoria Plzen', 'age': '31', 'mw': '€675Th.', 'datum_mw': 'Apr 8, 2020', 'x': 1586296800000, 'marker': {'symbol': 'url(https://tmssl.akamaized.net/images/wappen/verysmall/941.png?lm=1571347012)'}}, {'y': 600000, 'verein': 'FC Viktoria Plzen', 'age': '31', 'mw': '€600Th.', 'datum_mw': 'Jul 10, 2020', 'x': 1594332000000, 'marker': {'symbol': 'url(https://tmssl.akamaized.net/images/wappen/verysmall/941.png?lm=1571347012)'}}, {'y': 500000, 'verein': '1.FC Kaiserslautern', 'age': '31', 'mw': '€500Th.', 'datum_mw': 'Sep 11, 2020', 'x': 1599775200000, 'marker': {'symbol': 'url(https://tmssl.akamaized.net/images/wappen/verysmall/2.png?lm=1580920736)'}}, {'y': 450000, 'verein': '1.FC Kaiserslautern', 'age': '31', 'mw': '€450Th.', 'datum_mw': 'Nov 11, 2020', 'x': 1605049200000, 'marker': {'symbol': 'url(https://tmssl.akamaized.net/images/wappen/verysmall/2.png?lm=1580920736)'}}, {'y': 400000, 'verein': '1.FC Kaiserslautern', 'age': '32', 'mw': '€400Th.', 'datum_mw': 'Jan 20, 2021', 'x': 1611097200000, 'marker': {'symbol': 'url(https://tmssl.akamaized.net/images/wappen/verysmall/2.png?lm=1580920736)'}}, {'y': 350000, 'verein': '1.FC Kaiserslautern', 'age': '32', 'mw': '€350Th.', 'datum_mw': 'Mar 26, 2021', 'x': 1616713200000, 'marker': {'symbol': 'url(https://tmssl.akamaized.net/images/wappen/verysmall/2.png?lm=1580920736)'}}, {'y': 300000, 'verein': '1.FC Kaiserslautern', 'age': '32', 'mw': '€300Th.', 'datum_mw': 'Jun 14, 2021', 'x': 1623621600000, 'marker': {'symbol': 'url(https://tmssl.akamaized.net/images/wappen/verysmall/2.png?lm=1580920736)'}}, {'y': 200000, 'verein': 'Bruk-Bet Termalica Nieciecza', 'age': '33', 'mw': '€200Th.', 'datum_mw': 'Dec 31, 2021', 'x': 1640905200000, 'marker': {'symbol': 'url(https://tmssl.akamaized.net/images/wappen/verysmall/15906.png?lm=1626536694)'}}, {'y': 200000, 'verein': 'FC Fastav Zlin', 'age': '33', 'mw': '€200Th.', 'datum_mw': 'Jun 22, 2022', 'x': 1655848800000, 'marker': {'symbol': 'url(https://tmssl.akamaized.net/images/wappen/verysmall/5545.png?lm=1419785784)'}}]}]	-	-	2.307'	Nike			
Robert Matejov	Róbert Matejov	Jul 5, 1988		33	1,79 m	Slovakia	Defender - Left-Back	left	AM-PRO Players Agency s.r.o.	FC Fastav Zlin	Jul 1, 2012	Jun 30, 2022	Jul 17, 2019	0.0	23	18	0.56	-	-	7	6	2	-	-			1.038'	[{'type': 'line', 'name': 'Market value', 'data': [{'y': 50000, 'verein': 'MFK Dubnica', 'age': '21', 'mw': '€50Th.', 'datum_mw': 'Mar 28, 2010', 'x': 1269730800000, 'marker': {'symbol': 'url(https://tmssl.akamaized.net/images/wappen/verysmall/7392_1506770933.png?lm=1506770933)'}}, {'y': 100000, 'verein': 'FC Fastav Zlin', 'age': '24', 'mw': '€100Th.', 'datum_mw': 'Aug 7, 2012', 'x': 1344290400000, 'marker': {'symbol': 'url(https://tmssl.akamaized.net/images/wappen/verysmall/5545.png?lm=1419785784)'}}, {'y': 200000, 'verein': 'FC Fastav Zlin', 'age': '27', 'mw': '€200Th.', 'datum_mw': 'Oct 15, 2015', 'x': 1444860000000, 'marker': {'symbol': 'url(https://tmssl.akamaized.net/images/wappen/verysmall/5545.png?lm=1419785784)'}}, {'y': 250000, 'verein': 'FC Fastav Zlin', 'age': '28', 'mw': '€250Th.', 'datum_mw': 'Aug 3, 2016', 'x': 1470175200000, 'marker': {'symbol': 'url(https://tmssl.akamaized.net/images/wappen/verysmall/5545.png?lm=1419785784)'}}, {'y': 350000, 'verein': 'FC Fastav Zlin', 'age': '28', 'mw': '€350Th.', 'datum_mw': 'Oct 16, 2016', 'x': 1476568800000, 'marker': {'symbol': 'url(https://tmssl.akamaized.net/images/wappen/verysmall/5545.png?lm=1419785784)'}}, {'y': 350000, 'verein': 'FC Fastav Zlin', 'age': '28', 'mw': '€350Th.', 'datum_mw': 'Dec 19, 2016', 'x': 1482102000000, 'marker': {'symbol': 'url(https://tmssl.akamaized.net/images/wappen/verysmall/5545.png?lm=1419785784)'}}, {'y': 350000, 'verein': 'FC Fastav Zlin', 'age': '28', 'mw': '€350Th.', 'datum_mw': 'Jun 10, 2017', 'x': 1497045600000, 'marker': {'symbol': 'url(https://tmssl.akamaized.net/images/wappen/verysmall/5545.png?lm=1419785784)'}}, {'y': 350000, 'verein': 'FC Fastav Zlin', 'age': '29', 'mw': '€350Th.', 'datum_mw': 'Dec 21, 2017', 'x': 1513810800000, 'marker': {'symbol': 'url(https://tmssl.akamaized.net/images/wappen/verysmall/5545.png?lm=1419785784)'}}, {'y': 350000, 'verein': 'FC Fastav Zlin', 'age': '30', 'mw': '€350Th.', 'datum_mw': 'Jul 14, 2018', 'x': 1531519200000, 'marker': {'symbol': 'url(https://tmssl.akamaized.net/images/wappen/verysmall/5545.png?lm=1419785784)'}}, {'y': 400000, 'verein': 'FC Fastav Zlin', 'age': '30', 'mw': '€400Th.', 'datum_mw': 'Oct 29, 2018', 'x': 1540767600000, 'marker': {'symbol': 'url(https://tmssl.akamaized.net/images/wappen/verysmall/5545.png?lm=1419785784)'}}, {'y': 450000, 'verein': 'FC Fastav Zlin', 'age': '30', 'mw': '€450Th.', 'datum_mw': 'Dec 30, 2018', 'x': 1546124400000, 'marker': {'symbol': 'url(https://tmssl.akamaized.net/images/wappen/verysmall/5545.png?lm=1419785784)'}}, {'y': 350000, 'verein': 'FC Fastav Zlin', 'age': '30', 'mw': '€350Th.', 'datum_mw': 'Jun 25, 2019', 'x': 1561413600000, 'marker': {'symbol': 'url(https://tmssl.akamaized.net/images/wappen/verysmall/5545.png?lm=1419785784)'}}, {'y': 300000, 'verein': 'FC Fastav Zlin', 'age': '31', 'mw': '€300Th.', 'datum_mw': 'Sep 25, 2019', 'x': 1569362400000, 'marker': {'symbol': 'url(https://tmssl.akamaized.net/images/wappen/verysmall/5545.png?lm=1419785784)'}}, {'y': 300000, 'verein': 'FC Fastav Zlin', 'age': '31', 'mw': '€300Th.', 'datum_mw': 'Dec 7, 2019', 'x': 1575673200000, 'marker': {'symbol': 'url(https://tmssl.akamaized.net/images/wappen/verysmall/5545.png?lm=1419785784)'}}, {'y': 300000, 'verein': 'FC Fastav Zlin', 'age': '32', 'mw': '€300Th.', 'datum_mw': 'Jul 10, 2020', 'x': 1594332000000, 'marker': {'symbol': 'url(https://tmssl.akamaized.net/images/wappen/verysmall/5545.png?lm=1419785784)'}}, {'y': 250000, 'verein': 'FC Fastav Zlin', 'age': '32', 'mw': '€250Th.', 'datum_mw': 'Dec 27, 2020', 'x': 1609023600000, 'marker': {'symbol': 'url(https://tmssl.akamaized.net/images/wappen/verysmall/5545.png?lm=1419785784)'}}, {'y': 250000, 'verein': 'FC Fastav Zlin', 'age': '32', 'mw': '€250Th.', 'datum_mw': 'Jun 25, 2021', 'x': 1624572000000, 'marker': {'symbol': 'url(https://tmssl.akamaized.net/images/wappen/verysmall/5545.png?lm=1419785784)'}}, {'y': 200000, 'verein': 'FC Fastav Zlin', 'age': '33', 'mw': '€200Th.', 'datum_mw': 'Dec 26, 2021', 'x': 1640473200000, 'marker': {'symbol': 'url(https://tmssl.akamaized.net/images/wappen/verysmall/5545.png?lm=1419785784)'}}, {'y': 200000, 'verein': 'FC Fastav Zlin', 'age': '33', 'mw': '€200Th.', 'datum_mw': 'Jun 22, 2022', 'x': 1655848800000, 'marker': {'symbol': 'url(https://tmssl.akamaized.net/images/wappen/verysmall/5545.png?lm=1419785784)'}}]}]	-	-	-				
Martin Cedidla																																			
Jan Hellebrand																																			
Cheick Conde																																			
David Tkac 	David Tkáč	Jul 6, 2002		19	1,82 m	Czech Republic	midfield - Central Midfield		K2K Sports Entertainment Group	FC Fastav Zlin	Jul 1, 2021	-		0.0	11	11	1.73	2	-	2	1	4	-	-			910'	[{'type': 'line', 'name': 'Market value', 'data': [{'y': 100000, 'verein': 'FC Fastav Zlin', 'age': '19', 'mw': '€100Th.', 'datum_mw': 'Oct 12, 2021', 'x': 1633989600000, 'marker': {'symbol': 'url(https://tmssl.akamaized.net/images/wappen/verysmall/5545.png?lm=1419785784)'}}, {'y': 500000, 'verein': 'FC Fastav Zlin', 'age': '19', 'mw': '€500Th.', 'datum_mw': 'Dec 26, 2021', 'x': 1640473200000, 'marker': {'symbol': 'url(https://tmssl.akamaized.net/images/wappen/verysmall/5545.png?lm=1419785784)'}}, {'y': 500000, 'verein': 'FC Fastav Zlin', 'age': '19', 'mw': '€500Th.', 'datum_mw': 'Jun 22, 2022', 'x': 1655848800000, 'marker': {'symbol': 'url(https://tmssl.akamaized.net/images/wappen/verysmall/5545.png?lm=1419785784)'}}]}]	-	-	455'		FC Zlin B (#10)		
Robert Hruby	Robert Hrubý	Apr 27, 1994	Praha	28	1,84 m	Czech Republic	midfield - Central Midfield	right	ESAM	FC Fastav Zlin	Jul 1, 2021	Jun 30, 2023		0.0	30	28	2.07	3	4	20	7	4	-	-			832'	[{'type': 'line', 'name': 'Market value', 'data': [{'y': 200000, 'verein': 'SK Slavia Prague', 'age': '19', 'mw': '€200Th.', 'datum_mw': 'Apr 17, 2014', 'x': 1397685600000, 'marker': {'symbol': 'url(https://tmssl.akamaized.net/images/wappen/verysmall/62_1615070453.png?lm=1615070453)'}}, {'y': 200000, 'verein': 'SK Slavia Prague', 'age': '20', 'mw': '€200Th.', 'datum_mw': 'Sep 1, 2014', 'x': 1409522400000, 'marker': {'symbol': 'url(https://tmssl.akamaized.net/images/wappen/verysmall/62_1615070453.png?lm=1615070453)'}}, {'y': 200000, 'verein': 'SK Slavia Prague', 'age': '20', 'mw': '€200Th.', 'datum_mw': 'Jan 17, 2015', 'x': 1421449200000, 'marker': {'symbol': 'url(https://tmssl.akamaized.net/images/wappen/verysmall/62_1615070453.png?lm=1615070453)'}}, {'y': 300000, 'verein': 'SK Slavia Prague', 'age': '21', 'mw': '€300Th.', 'datum_mw': 'Oct 14, 2015', 'x': 1444773600000, 'marker': {'symbol': 'url(https://tmssl.akamaized.net/images/wappen/verysmall/62_1615070453.png?lm=1615070453)'}}, {'y': 300000, 'verein': 'FK Teplice', 'age': '22', 'mw': '€300Th.', 'datum_mw': 'Aug 3, 2016', 'x': 1470175200000, 'marker': {'symbol': 'url(https://tmssl.akamaized.net/images/wappen/verysmall/814.png?lm=1419784933)'}}, {'y': 300000, 'verein': 'FK Teplice', 'age': '22', 'mw': '€300Th.', 'datum_mw': 'Dec 19, 2016', 'x': 1482102000000, 'marker': {'symbol': 'url(https://tmssl.akamaized.net/images/wappen/verysmall/814.png?lm=1419784933)'}}, {'y': 300000, 'verein': 'FC Banik Ostrava', 'age': '23', 'mw': '€300Th.', 'datum_mw': 'Jun 10, 2017', 'x': 1497045600000, 'marker': {'symbol': 'url(https://tmssl.akamaized.net/images/wappen/verysmall/377.png?lm=1419584907)'}}, {'y': 400000, 'verein': 'FC Banik Ostrava', 'age': '23', 'mw': '€400Th.', 'datum_mw': 'Oct 7, 2017', 'x': 1507327200000, 'marker': {'symbol': 'url(https://tmssl.akamaized.net/images/wappen/verysmall/377.png?lm=1419584907)'}}, {'y': 750000, 'verein': 'FC Banik Ostrava', 'age': '23', 'mw': '€750Th.', 'datum_mw': 'Dec 21, 2017', 'x': 1513810800000, 'marker': {'symbol': 'url(https://tmssl.akamaized.net/images/wappen/verysmall/377.png?lm=1419584907)'}}, {'y': 750000, 'verein': 'FC Banik Ostrava', 'age': '24', 'mw': '€750Th.', 'datum_mw': 'Jul 14, 2018', 'x': 1531519200000, 'marker': {'symbol': 'url(https://tmssl.akamaized.net/images/wappen/verysmall/377.png?lm=1419584907)'}}, {'y': 750000, 'verein': 'FC Banik Ostrava', 'age': '24', 'mw': '€750Th.', 'datum_mw': 'Dec 30, 2018', 'x': 1546124400000, 'marker': {'symbol': 'url(https://tmssl.akamaized.net/images/wappen/verysmall/377.png?lm=1419584907)'}}, {'y': 750000, 'verein': 'FC Banik Ostrava', 'age': '25', 'mw': '€750Th.', 'datum_mw': 'Jun 25, 2019', 'x': 1561413600000, 'marker': {'symbol': 'url(https://tmssl.akamaized.net/images/wappen/verysmall/377.png?lm=1419584907)'}}, {'y': 650000, 'verein': 'FC Banik Ostrava', 'age': '25', 'mw': '€650Th.', 'datum_mw': 'Sep 25, 2019', 'x': 1569362400000, 'marker': {'symbol': 'url(https://tmssl.akamaized.net/images/wappen/verysmall/377.png?lm=1419584907)'}}, {'y': 700000, 'verein': 'FC Banik Ostrava', 'age': '25', 'mw': '€700Th.', 'datum_mw': 'Dec 7, 2019', 'x': 1575673200000, 'marker': {'symbol': 'url(https://tmssl.akamaized.net/images/wappen/verysmall/377.png?lm=1419584907)'}}, {'y': 550000, 'verein': 'FC Banik Ostrava', 'age': '25', 'mw': '€550Th.', 'datum_mw': 'Apr 8, 2020', 'x': 1586296800000, 'marker': {'symbol': 'url(https://tmssl.akamaized.net/images/wappen/verysmall/377.png?lm=1419584907)'}}, {'y': 550000, 'verein': 'FC Banik Ostrava', 'age': '26', 'mw': '€550Th.', 'datum_mw': 'Jul 10, 2020', 'x': 1594332000000, 'marker': {'symbol': 'url(https://tmssl.akamaized.net/images/wappen/verysmall/377.png?lm=1419584907)'}}, {'y': 600000, 'verein': 'FK Jablonec', 'age': '26', 'mw': '€600Th.', 'datum_mw': 'Dec 27, 2020', 'x': 1609023600000, 'marker': {'symbol': 'url(https://tmssl.akamaized.net/images/wappen/verysmall/1322.png?lm=1551278724)'}}, {'y': 450000, 'verein': 'FK Jablonec', 'age': '27', 'mw': '€450Th.', 'datum_mw': 'Jun 25, 2021', 'x': 1624572000000, 'marker': {'symbol': 'url(https://tmssl.akamaized.net/images/wappen/verysmall/1322.png?lm=1551278724)'}}, {'y': 350000, 'verein': 'FC Fastav Zlin', 'age': '27', 'mw': '€350Th.', 'datum_mw': 'Oct 12, 2021', 'x': 1633989600000, 'marker': {'symbol': 'url(https://tmssl.akamaized.net/images/wappen/verysmall/5545.png?lm=1419785784)'}}, {'y': 300000, 'verein': 'FC Fastav Zlin', 'age': '27', 'mw': '€300Th.', 'datum_mw': 'Dec 26, 2021', 'x': 1640473200000, 'marker': {'symbol': 'url(https://tmssl.akamaized.net/images/wappen/verysmall/5545.png?lm=1419785784)'}}, {'y': 300000, 'verein': 'FC Fastav Zlin', 'age': '28', 'mw': '€300Th.', 'datum_mw': 'Jun 22, 2022', 'x': 1655848800000, 'marker': {'symbol': 'url(https://tmssl.akamaized.net/images/wappen/verysmall/5545.png?lm=1419785784)'}}]}]	-	-	277'				
Marek Hlinka		Oct 4, 1990	Banska Bystrica	31	1,82 m	Slovakia	midfield - Central Midfield	left	HMP Champions Football Agency	FC Fastav Zlin	Feb 12, 2019	Jun 30, 2023	Jun 10, 2021	0.0	31	29	1.07	1	-	3	8	5	-	-			2.271'	[{'type': 'line', 'name': 'Market value', 'data': [{'y': 75000, 'verein': 'Dukla Banska Bystrica', 'age': '20', 'mw': '€75Th.', 'datum_mw': 'Jan 23, 2011', 'x': 1295737200000, 'marker': {'symbol': 'url(https://tmssl.akamaized.net/images/wappen/verysmall/4786.png?lm=1415023173)'}}, {'y': 250000, 'verein': 'Dukla Banska Bystrica', 'age': '20', 'mw': '€250Th.', 'datum_mw': 'Jun 17, 2011', 'x': 1308261600000, 'marker': {'symbol': 'url(https://tmssl.akamaized.net/images/wappen/verysmall/4786.png?lm=1415023173)'}}, {'y': 275000, 'verein': 'Dukla Banska Bystrica', 'age': '21', 'mw': '€275Th.', 'datum_mw': 'Jan 20, 2012', 'x': 1327014000000, 'marker': {'symbol': 'url(https://tmssl.akamaized.net/images/wappen/verysmall/4786.png?lm=1415023173)'}}, {'y': 325000, 'verein': 'Dukla Banska Bystrica', 'age': '21', 'mw': '€325Th.', 'datum_mw': 'Jun 11, 2012', 'x': 1339365600000, 'marker': {'symbol': 'url(https://tmssl.akamaized.net/images/wappen/verysmall/4786.png?lm=1415023173)'}}, {'y': 325000, 'verein': 'Dukla Banska Bystrica', 'age': '22', 'mw': '€325Th.', 'datum_mw': 'Dec 3, 2012', 'x': 1354489200000, 'marker': {'symbol': 'url(https://tmssl.akamaized.net/images/wappen/verysmall/4786.png?lm=1415023173)'}}, {'y': 325000, 'verein': 'Dukla Banska Bystrica', 'age': '22', 'mw': '€325Th.', 'datum_mw': 'Jun 11, 2013', 'x': 1370901600000, 'marker': {'symbol': 'url(https://tmssl.akamaized.net/images/wappen/verysmall/4786.png?lm=1415023173)'}}, {'y': 350000, 'verein': 'FK Dukla Prague', 'age': '22', 'mw': '€350Th.', 'datum_mw': 'Sep 24, 2013', 'x': 1379973600000, 'marker': {'symbol': 'url(https://tmssl.akamaized.net/images/wappen/verysmall/450.png?lm=1615661402)'}}, {'y': 350000, 'verein': 'FK Dukla Prague', 'age': '23', 'mw': '€350Th.', 'datum_mw': 'May 8, 2014', 'x': 1399500000000, 'marker': {'symbol': 'url(https://tmssl.akamaized.net/images/wappen/verysmall/450.png?lm=1615661402)'}}, {'y': 350000, 'verein': 'Spartak Trnava', 'age': '24', 'mw': '€350Th.', 'datum_mw': 'Jun 9, 2015', 'x': 1433800800000, 'marker': {'symbol': 'url(https://tmssl.akamaized.net/images/wappen/verysmall/365.png?lm=1622062546)'}}, {'y': 250000, 'verein': 'MFK Skalica', 'age': '25', 'mw': '€250Th.', 'datum_mw': 'Dec 14, 2015', 'x': 1450047600000, 'marker': {'symbol': 'url(https://tmssl.akamaized.net/images/wappen/verysmall/35488.png?lm=1499461007)'}}, {'y': 250000, 'verein': 'MFK Skalica', 'age': '25', 'mw': '€250Th.', 'datum_mw': 'Jun 28, 2016', 'x': 1467064800000, 'marker': {'symbol': 'url(https://tmssl.akamaized.net/images/wappen/verysmall/35488.png?lm=1499461007)'}}, {'y': 300000, 'verein': 'FC Banik Ostrava', 'age': '26', 'mw': '€300Th.', 'datum_mw': 'Dec 1, 2016', 'x': 1480546800000, 'marker': {'symbol': 'url(https://tmssl.akamaized.net/images/wappen/verysmall/377.png?lm=1419584907)'}}, {'y': 350000, 'verein': 'FC Banik Ostrava', 'age': '26', 'mw': '€350Th.', 'datum_mw': 'Jun 10, 2017', 'x': 1497045600000, 'marker': {'symbol': 'url(https://tmssl.akamaized.net/images/wappen/verysmall/377.png?lm=1419584907)'}}, {'y': 350000, 'verein': 'FC Banik Ostrava', 'age': '27', 'mw': '€350Th.', 'datum_mw': 'Dec 21, 2017', 'x': 1513810800000, 'marker': {'symbol': 'url(https://tmssl.akamaized.net/images/wappen/verysmall/377.png?lm=1419584907)'}}, {'y': 350000, 'verein': 'Torpedo Kutaisi', 'age': '27', 'mw': '€350Th.', 'datum_mw': 'Aug 29, 2018', 'x': 1535493600000, 'marker': {'symbol': 'url(https://tmssl.akamaized.net/images/wappen/verysmall/253.png?lm=1522184505)'}}, {'y': 275000, 'verein': 'Torpedo Kutaisi', 'age': '28', 'mw': '€275Th.', 'datum_mw': 'Jan 5, 2019', 'x': 1546642800000, 'marker': {'symbol': 'url(https://tmssl.akamaized.net/images/wappen/verysmall/253.png?lm=1522184505)'}}, {'y': 350000, 'verein': 'FC Fastav Zlin', 'age': '28', 'mw': '€350Th.', 'datum_mw': 'Jun 25, 2019', 'x': 1561413600000, 'marker': {'symbol': 'url(https://tmssl.akamaized.net/images/wappen/verysmall/5545.png?lm=1419785784)'}}, {'y': 350000, 'verein': 'FC Fastav Zlin', 'age': '29', 'mw': '€350Th.', 'datum_mw': 'Dec 7, 2019', 'x': 1575673200000, 'marker': {'symbol': 'url(https://tmssl.akamaized.net/images/wappen/verysmall/5545.png?lm=1419785784)'}}, {'y': 300000, 'verein': 'FC Fastav Zlin', 'age': '29', 'mw': '€300Th.', 'datum_mw': 'Apr 8, 2020', 'x': 1586296800000, 'marker': {'symbol': 'url(https://tmssl.akamaized.net/images/wappen/verysmall/5545.png?lm=1419785784)'}}, {'y': 300000, 'verein': 'FC Fastav Zlin', 'age': '29', 'mw': '€300Th.', 'datum_mw': 'Jul 10, 2020', 'x': 1594332000000, 'marker': {'symbol': 'url(https://tmssl.akamaized.net/images/wappen/verysmall/5545.png?lm=1419785784)'}}, {'y': 250000, 'verein': 'FC Fastav Zlin', 'age': '30', 'mw': '€250Th.', 'datum_mw': 'Dec 27, 2020', 'x': 1609023600000, 'marker': {'symbol': 'url(https://tmssl.akamaized.net/images/wappen/verysmall/5545.png?lm=1419785784)'}}, {'y': 250000, 'verein': 'FC Fastav Zlin', 'age': '30', 'mw': '€250Th.', 'datum_mw': 'Jun 25, 2021', 'x': 1624572000000, 'marker': {'symbol': 'url(https://tmssl.akamaized.net/images/wappen/verysmall/5545.png?lm=1419785784)'}}, {'y': 250000, 'verein': 'FC Fastav Zlin', 'age': '31', 'mw': '€250Th.', 'datum_mw': 'Dec 26, 2021', 'x': 1640473200000, 'marker': {'symbol': 'url(https://tmssl.akamaized.net/images/wappen/verysmall/5545.png?lm=1419785784)'}}, {'y': 200000, 'verein': 'FC Fastav Zlin', 'age': '31', 'mw': '€200Th.', 'datum_mw': 'Jun 22, 2022', 'x': 1655848800000, 'marker': {'symbol': 'url(https://tmssl.akamaized.net/images/wappen/verysmall/5545.png?lm=1419785784)'}}]}]	-	-	2.271'				
Youba Dramé																																			
Rudolf Reiter		Sep 28, 1994		27	1,80 m	Czech Republic	midfield - Right Midfield	right	IFM-M	FC Fastav Zlin	Jul 1, 2021	-		0.0	20	20	1.10	-	-	9	10	1	-	-			907'	[{'type': 'line', 'name': 'Market value', 'data': [{'y': 100000, 'verein': 'AC Sparta Prague B', 'age': '19', 'mw': '€100Th.', 'datum_mw': 'Apr 17, 2014', 'x': 1397685600000, 'marker': {'symbol': 'url(https://tmssl.akamaized.net/images/wappen/verysmall/197_1623871780.png?lm=1623871781)'}}, {'y': 200000, 'verein': 'FC Sellier & Bellot Vlasim', 'age': '22', 'mw': '€200Th.', 'datum_mw': 'Dec 1, 2016', 'x': 1480546800000, 'marker': {'symbol': 'url(https://tmssl.akamaized.net/images/wappen/verysmall/13299.png?lm=1485352130)'}}, {'y': 200000, 'verein': 'FC Sellier & Bellot Vlasim', 'age': '22', 'mw': '€200Th.', 'datum_mw': 'Jun 10, 2017', 'x': 1497045600000, 'marker': {'symbol': 'url(https://tmssl.akamaized.net/images/wappen/verysmall/13299.png?lm=1485352130)'}}, {'y': 250000, 'verein': 'Bohemians Prague 1905', 'age': '23', 'mw': '€250Th.', 'datum_mw': 'Oct 7, 2017', 'x': 1507327200000, 'marker': {'symbol': 'url(https://tmssl.akamaized.net/images/wappen/verysmall/715.png?lm=1646734219)'}}, {'y': 350000, 'verein': 'Bohemians Prague 1905', 'age': '23', 'mw': '€350Th.', 'datum_mw': 'Dec 21, 2017', 'x': 1513810800000, 'marker': {'symbol': 'url(https://tmssl.akamaized.net/images/wappen/verysmall/715.png?lm=1646734219)'}}, {'y': 350000, 'verein': 'Bohemians Prague 1905', 'age': '23', 'mw': '€350Th.', 'datum_mw': 'Jul 14, 2018', 'x': 1531519200000, 'marker': {'symbol': 'url(https://tmssl.akamaized.net/images/wappen/verysmall/715.png?lm=1646734219)'}}, {'y': 350000, 'verein': 'Bohemians Prague 1905', 'age': '24', 'mw': '€350Th.', 'datum_mw': 'Dec 30, 2018', 'x': 1546124400000, 'marker': {'symbol': 'url(https://tmssl.akamaized.net/images/wappen/verysmall/715.png?lm=1646734219)'}}, {'y': 400000, 'verein': 'Bohemians Prague 1905', 'age': '24', 'mw': '€400Th.', 'datum_mw': 'Jun 25, 2019', 'x': 1561413600000, 'marker': {'symbol': 'url(https://tmssl.akamaized.net/images/wappen/verysmall/715.png?lm=1646734219)'}}, {'y': 500000, 'verein': 'FC Banik Ostrava', 'age': '25', 'mw': '€500Th.', 'datum_mw': 'Dec 7, 2019', 'x': 1575673200000, 'marker': {'symbol': 'url(https://tmssl.akamaized.net/images/wappen/verysmall/377.png?lm=1419584907)'}}, {'y': 400000, 'verein': 'FC Banik Ostrava', 'age': '25', 'mw': '€400Th.', 'datum_mw': 'Apr 8, 2020', 'x': 1586296800000, 'marker': {'symbol': 'url(https://tmssl.akamaized.net/images/wappen/verysmall/377.png?lm=1419584907)'}}, {'y': 400000, 'verein': 'FC Banik Ostrava', 'age': '25', 'mw': '€400Th.', 'datum_mw': 'Jul 10, 2020', 'x': 1594332000000, 'marker': {'symbol': 'url(https://tmssl.akamaized.net/images/wappen/verysmall/377.png?lm=1419584907)'}}, {'y': 400000, 'verein': 'FC Zbrojovka Brno', 'age': '26', 'mw': '€400Th.', 'datum_mw': 'Dec 27, 2020', 'x': 1609023600000, 'marker': {'symbol': 'url(https://tmssl.akamaized.net/images/wappen/verysmall/5225.png?lm=1419785332)'}}, {'y': 250000, 'verein': 'FC Zbrojovka Brno', 'age': '26', 'mw': '€250Th.', 'datum_mw': 'Apr 19, 2021', 'x': 1618783200000, 'marker': {'symbol': 'url(https://tmssl.akamaized.net/images/wappen/verysmall/5225.png?lm=1419785332)'}}, {'y': 250000, 'verein': 'FC Zbrojovka Brno', 'age': '26', 'mw': '€250Th.', 'datum_mw': 'Jun 25, 2021', 'x': 1624572000000, 'marker': {'symbol': 'url(https://tmssl.akamaized.net/images/wappen/verysmall/5225.png?lm=1419785332)'}}, {'y': 200000, 'verein': 'FC Fastav Zlin', 'age': '27', 'mw': '€200Th.', 'datum_mw': 'Dec 26, 2021', 'x': 1640473200000, 'marker': {'symbol': 'url(https://tmssl.akamaized.net/images/wappen/verysmall/5545.png?lm=1419785784)'}}, {'y': 200000, 'verein': 'FC Fastav Zlin', 'age': '27', 'mw': '€200Th.', 'datum_mw': 'Jun 22, 2022', 'x': 1655848800000, 'marker': {'symbol': 'url(https://tmssl.akamaized.net/images/wappen/verysmall/5545.png?lm=1419785784)'}}]}]	-	-	-			FC Banik Ostrava	-
Martin Fillo	Martin Fillo	Feb 7, 1986	Planá	36	1,79 m	Czech Republic	midfield - Right Midfield	right	SPOCS Global Sports	FC Fastav Zlin	Jul 1, 2021	Jun 30, 2023		0.0	32	32	1.34	-	3	10	6	5	-	1			1.998'	[{'type': 'line', 'name': 'Market value', 'data': [{'y': 200000, 'verein': 'FC Viktoria Plzen', 'age': '21', 'mw': '€200Th.', 'datum_mw': 'Sep 9, 2007', 'x': 1189288800000, 'marker': {'symbol': 'url(https://tmssl.akamaized.net/images/wappen/verysmall/941.png?lm=1571347012)'}}, {'y': 800000, 'verein': 'Viking Stavanger', 'age': '22', 'mw': '€800Th.', 'datum_mw': 'Jul 3, 2008', 'x': 1215036000000, 'marker': {'symbol': 'url(https://tmssl.akamaized.net/images/wappen/verysmall/239.png?lm=1615368654)'}}, {'y': 1600000, 'verein': 'Viking Stavanger', 'age': '22', 'mw': '€1.60m', 'datum_mw': 'Jul 10, 2008', 'x': 1215640800000, 'marker': {'symbol': 'url(https://tmssl.akamaized.net/images/wappen/verysmall/239.png?lm=1615368654)'}}, {'y': 2000000, 'verein': 'Viking Stavanger', 'age': '23', 'mw': '€2.00m', 'datum_mw': 'Feb 26, 2009', 'x': 1235602800000, 'marker': {'symbol': 'url(https://tmssl.akamaized.net/images/wappen/verysmall/239.png?lm=1615368654)'}}, {'y': 1000000, 'verein': 'Viking Stavanger', 'age': '23', 'mw': '€1.00m', 'datum_mw': 'Nov 9, 2009', 'x': 1257721200000, 'marker': {'symbol': 'url(https://tmssl.akamaized.net/images/wappen/verysmall/239.png?lm=1615368654)'}}, {'y': 800000, 'verein': 'Viking Stavanger', 'age': '24', 'mw': '€800Th.', 'datum_mw': 'Dec 3, 2010', 'x': 1291330800000, 'marker': {'symbol': 'url(https://tmssl.akamaized.net/images/wappen/verysmall/239.png?lm=1615368654)'}}, {'y': 600000, 'verein': 'FC Viktoria Plzen', 'age': '25', 'mw': '€600Th.', 'datum_mw': 'Aug 12, 2011', 'x': 1313100000000, 'marker': {'symbol': 'url(https://tmssl.akamaized.net/images/wappen/verysmall/941.png?lm=1571347012)'}}, {'y': 500000, 'verein': 'FC Viktoria Plzen', 'age': '25', 'mw': '€500Th.', 'datum_mw': 'Dec 24, 2011', 'x': 1324681200000, 'marker': {'symbol': 'url(https://tmssl.akamaized.net/images/wappen/verysmall/941.png?lm=1571347012)'}}, {'y': 600000, 'verein': 'FC Viktoria Plzen', 'age': '26', 'mw': '€600Th.', 'datum_mw': 'Jul 31, 2012', 'x': 1343685600000, 'marker': {'symbol': 'url(https://tmssl.akamaized.net/images/wappen/verysmall/941.png?lm=1571347012)'}}, {'y': 500000, 'verein': 'Brentford FC', 'age': '28', 'mw': '€500Th.', 'datum_mw': 'Mar 28, 2014', 'x': 1395961200000, 'marker': {'symbol': 'url(https://tmssl.akamaized.net/images/wappen/verysmall/1148_1494584129.png?lm=1494584131)'}}, {'y': 500000, 'verein': '1.FK Pribram', 'age': '28', 'mw': '€500Th.', 'datum_mw': 'Sep 3, 2014', 'x': 1409695200000, 'marker': {'symbol': 'url(https://tmssl.akamaized.net/images/wappen/verysmall/2598.png?lm=1445329831)'}}, {'y': 600000, 'verein': 'FK Teplice', 'age': '29', 'mw': '€600Th.', 'datum_mw': 'Oct 14, 2015', 'x': 1444773600000, 'marker': {'symbol': 'url(https://tmssl.akamaized.net/images/wappen/verysmall/814.png?lm=1419784933)'}}, {'y': 600000, 'verein': 'FK Teplice', 'age': '30', 'mw': '€600Th.', 'datum_mw': 'Aug 3, 2016', 'x': 1470175200000, 'marker': {'symbol': 'url(https://tmssl.akamaized.net/images/wappen/verysmall/814.png?lm=1419784933)'}}, {'y': 600000, 'verein': 'FK Teplice', 'age': '30', 'mw': '€600Th.', 'datum_mw': 'Dec 19, 2016', 'x': 1482102000000, 'marker': {'symbol': 'url(https://tmssl.akamaized.net/images/wappen/verysmall/814.png?lm=1419784933)'}}, {'y': 750000, 'verein': 'FK Teplice', 'age': '31', 'mw': '€750Th.', 'datum_mw': 'Jun 10, 2017', 'x': 1497045600000, 'marker': {'symbol': 'url(https://tmssl.akamaized.net/images/wappen/verysmall/814.png?lm=1419784933)'}}, {'y': 800000, 'verein': 'FK Teplice', 'age': '31', 'mw': '€800Th.', 'datum_mw': 'Oct 7, 2017', 'x': 1507327200000, 'marker': {'symbol': 'url(https://tmssl.akamaized.net/images/wappen/verysmall/814.png?lm=1419784933)'}}, {'y': 800000, 'verein': 'FK Teplice', 'age': '31', 'mw': '€800Th.', 'datum_mw': 'Dec 21, 2017', 'x': 1513810800000, 'marker': {'symbol': 'url(https://tmssl.akamaized.net/images/wappen/verysmall/814.png?lm=1419784933)'}}, {'y': 700000, 'verein': 'FC Banik Ostrava', 'age': '32', 'mw': '€700Th.', 'datum_mw': 'Jul 14, 2018', 'x': 1531519200000, 'marker': {'symbol': 'url(https://tmssl.akamaized.net/images/wappen/verysmall/377.png?lm=1419584907)'}}, {'y': 700000, 'verein': 'FC Banik Ostrava', 'age': '32', 'mw': '€700Th.', 'datum_mw': 'Dec 30, 2018', 'x': 1546124400000, 'marker': {'symbol': 'url(https://tmssl.akamaized.net/images/wappen/verysmall/377.png?lm=1419584907)'}}, {'y': 700000, 'verein': 'FC Banik Ostrava', 'age': '32', 'mw': '€700Th.', 'datum_mw': 'Dec 30, 2018', 'x': 1546124400000, 'marker': {'symbol': 'url(https://tmssl.akamaized.net/images/wappen/verysmall/377.png?lm=1419584907)'}}, {'y': 600000, 'verein': 'FC Banik Ostrava', 'age': '33', 'mw': '€600Th.', 'datum_mw': 'Jun 25, 2019', 'x': 1561413600000, 'marker': {'symbol': 'url(https://tmssl.akamaized.net/images/wappen/verysmall/377.png?lm=1419584907)'}}, {'y': 600000, 'verein': 'FC Banik Ostrava', 'age': '33', 'mw': '€600Th.', 'datum_mw': 'Dec 7, 2019', 'x': 1575673200000, 'marker': {'symbol': 'url(https://tmssl.akamaized.net/images/wappen/verysmall/377.png?lm=1419584907)'}}, {'y': 475000, 'verein': 'FC Banik Ostrava', 'age': '34', 'mw': '€475Th.', 'datum_mw': 'Apr 8, 2020', 'x': 1586296800000, 'marker': {'symbol': 'url(https://tmssl.akamaized.net/images/wappen/verysmall/377.png?lm=1419584907)'}}, {'y': 475000, 'verein': 'FC Banik Ostrava', 'age': '34', 'mw': '€475Th.', 'datum_mw': 'Jul 10, 2020', 'x': 1594332000000, 'marker': {'symbol': 'url(https://tmssl.akamaized.net/images/wappen/verysmall/377.png?lm=1419584907)'}}, {'y': 400000, 'verein': 'FC Banik Ostrava', 'age': '34', 'mw': '€400Th.', 'datum_mw': 'Dec 27, 2020', 'x': 1609023600000, 'marker': {'symbol': 'url(https://tmssl.akamaized.net/images/wappen/verysmall/377.png?lm=1419584907)'}}, {'y': 350000, 'verein': 'FC Banik Ostrava', 'age': '35', 'mw': '€350Th.', 'datum_mw': 'Jun 25, 2021', 'x': 1624572000000, 'marker': {'symbol': 'url(https://tmssl.akamaized.net/images/wappen/verysmall/377.png?lm=1419584907)'}}, {'y': 250000, 'verein': 'FC Fastav Zlin', 'age': '35', 'mw': '€250Th.', 'datum_mw': 'Oct 12, 2021', 'x': 1633989600000, 'marker': {'symbol': 'url(https://tmssl.akamaized.net/images/wappen/verysmall/5545.png?lm=1419785784)'}}, {'y': 200000, 'verein': 'FC Fastav Zlin', 'age': '35', 'mw': '€200Th.', 'datum_mw': 'Dec 26, 2021', 'x': 1640473200000, 'marker': {'symbol': 'url(https://tmssl.akamaized.net/images/wappen/verysmall/5545.png?lm=1419785784)'}}, {'y': 150000, 'verein': 'FC Fastav Zlin', 'age': '36', 'mw': '€150Th.', 'datum_mw': 'Jun 22, 2022', 'x': 1655848800000, 'marker': {'symbol': 'url(https://tmssl.akamaized.net/images/wappen/verysmall/5545.png?lm=1419785784)'}}]}]	1	-	-				
Vakhtang Chanturishvili	ვახტანგ ჭანტურიშვილი	Aug 5, 1993	Ozurgeti	28	1,73 m	Georgia	midfield - Left Midfield	left	Levan Zukhbaia	FC Fastav Zlin	Jan 11, 2019	Jun 30, 2023	Jun 25, 2021	0.0	24	24	1.13	-	1	8	5	4	-	-			1.445'	[{'type': 'line', 'name': 'Market value', 'data': [{'y': 25000, 'verein': 'FC Zestafoni', 'age': '19', 'mw': '€25Th.', 'datum_mw': 'Jul 30, 2013', 'x': 1375135200000, 'marker': {'symbol': 'url(https://tmssl.akamaized.net/images/wappen/verysmall/10719.png?lm=1420654323)'}}, {'y': 250000, 'verein': 'Dinamo Tbilisi', 'age': '21', 'mw': '€250Th.', 'datum_mw': 'Mar 15, 2015', 'x': 1426374000000, 'marker': {'symbol': 'url(https://tmssl.akamaized.net/images/wappen/verysmall/663.png?lm=1474921564)'}}, {'y': 250000, 'verein': 'Dinamo Tbilisi', 'age': '21', 'mw': '€250Th.', 'datum_mw': 'Jul 26, 2015', 'x': 1437861600000, 'marker': {'symbol': 'url(https://tmssl.akamaized.net/images/wappen/verysmall/663.png?lm=1474921564)'}}, {'y': 200000, 'verein': 'Dinamo Tbilisi', 'age': '22', 'mw': '€200Th.', 'datum_mw': 'Mar 31, 2016', 'x': 1459375200000, 'marker': {'symbol': 'url(https://tmssl.akamaized.net/images/wappen/verysmall/663.png?lm=1474921564)'}}, {'y': 275000, 'verein': 'Dinamo Tbilisi', 'age': '23', 'mw': '€275Th.', 'datum_mw': 'Aug 10, 2016', 'x': 1470780000000, 'marker': {'symbol': 'url(https://tmssl.akamaized.net/images/wappen/verysmall/663.png?lm=1474921564)'}}, {'y': 275000, 'verein': 'Dinamo Tbilisi', 'age': '23', 'mw': '€275Th.', 'datum_mw': 'Dec 7, 2016', 'x': 1481065200000, 'marker': {'symbol': 'url(https://tmssl.akamaized.net/images/wappen/verysmall/663.png?lm=1474921564)'}}, {'y': 200000, 'verein': 'FK Oleksandriya', 'age': '23', 'mw': '€200Th.', 'datum_mw': 'Jun 26, 2017', 'x': 1498428000000, 'marker': {'symbol': 'url(https://tmssl.akamaized.net/images/wappen/verysmall/18303.png?lm=1612285426)'}}, {'y': 400000, 'verein': 'Spartak Trnava', 'age': '24', 'mw': '€400Th.', 'datum_mw': 'Dec 28, 2017', 'x': 1514415600000, 'marker': {'symbol': 'url(https://tmssl.akamaized.net/images/wappen/verysmall/365.png?lm=1622062546)'}}, {'y': 450000, 'verein': 'Spartak Trnava', 'age': '24', 'mw': '€450Th.', 'datum_mw': 'Jul 13, 2018', 'x': 1531432800000, 'marker': {'symbol': 'url(https://tmssl.akamaized.net/images/wappen/verysmall/365.png?lm=1622062546)'}}, {'y': 450000, 'verein': 'Spartak Trnava', 'age': '25', 'mw': '€450Th.', 'datum_mw': 'Dec 30, 2018', 'x': 1546124400000, 'marker': {'symbol': 'url(https://tmssl.akamaized.net/images/wappen/verysmall/365.png?lm=1622062546)'}}, {'y': 450000, 'verein': 'FC Fastav Zlin', 'age': '25', 'mw': '€450Th.', 'datum_mw': 'Jun 25, 2019', 'x': 1561413600000, 'marker': {'symbol': 'url(https://tmssl.akamaized.net/images/wappen/verysmall/5545.png?lm=1419785784)'}}, {'y': 450000, 'verein': 'FC Fastav Zlin', 'age': '26', 'mw': '€450Th.', 'datum_mw': 'Dec 7, 2019', 'x': 1575673200000, 'marker': {'symbol': 'url(https://tmssl.akamaized.net/images/wappen/verysmall/5545.png?lm=1419785784)'}}, {'y': 350000, 'verein': 'FC Fastav Zlin', 'age': '26', 'mw': '€350Th.', 'datum_mw': 'Apr 8, 2020', 'x': 1586296800000, 'marker': {'symbol': 'url(https://tmssl.akamaized.net/images/wappen/verysmall/5545.png?lm=1419785784)'}}, {'y': 350000, 'verein': 'FC Fastav Zlin', 'age': '26', 'mw': '€350Th.', 'datum_mw': 'Jul 10, 2020', 'x': 1594332000000, 'marker': {'symbol': 'url(https://tmssl.akamaized.net/images/wappen/verysmall/5545.png?lm=1419785784)'}}, {'y': 400000, 'verein': 'FC Fastav Zlin', 'age': '27', 'mw': '€400Th.', 'datum_mw': 'Dec 27, 2020', 'x': 1609023600000, 'marker': {'symbol': 'url(https://tmssl.akamaized.net/images/wappen/verysmall/5545.png?lm=1419785784)'}}, {'y': 300000, 'verein': 'FC Fastav Zlin', 'age': '27', 'mw': '€300Th.', 'datum_mw': 'Jun 25, 2021', 'x': 1624572000000, 'marker': {'symbol': 'url(https://tmssl.akamaized.net/images/wappen/verysmall/5545.png?lm=1419785784)'}}, {'y': 300000, 'verein': 'FC Fastav Zlin', 'age': '28', 'mw': '€300Th.', 'datum_mw': 'Dec 26, 2021', 'x': 1640473200000, 'marker': {'symbol': 'url(https://tmssl.akamaized.net/images/wappen/verysmall/5545.png?lm=1419785784)'}}, {'y': 300000, 'verein': 'FC Fastav Zlin', 'age': '28', 'mw': '€300Th.', 'datum_mw': 'Jun 22, 2022', 'x': 1655848800000, 'marker': {'symbol': 'url(https://tmssl.akamaized.net/images/wappen/verysmall/5545.png?lm=1419785784)'}}]}]	-	-	-				
Martin Necas																																			
Antonin Fantis	Antonín Fantiš	Apr 15, 1992	Praha	30	1,75 m	Czech Republic	midfield - Attacking Midfield	right	Jan Levy	FC Fastav Zlin	Jul 1, 2019	Jun 30, 2024	Jun 3, 2022	0.0	30	30	0.97	1	5	6	11	-	-	-			2.168'	[{'type': 'line', 'name': 'Market value', 'data': [{'y': 150000, 'verein': '1.FK Pribram', 'age': '16', 'mw': '€150Th.', 'datum_mw': 'Aug 28, 2008', 'x': 1219874400000, 'marker': {'symbol': 'url(https://tmssl.akamaized.net/images/wappen/verysmall/2598.png?lm=1445329831)'}}, {'y': 250000, 'verein': '1.FK Pribram', 'age': '16', 'mw': '€250Th.', 'datum_mw': 'Dec 8, 2008', 'x': 1228690800000, 'marker': {'symbol': 'url(https://tmssl.akamaized.net/images/wappen/verysmall/2598.png?lm=1445329831)'}}, {'y': 600000, 'verein': '1.FK Pribram', 'age': '17', 'mw': '€600Th.', 'datum_mw': 'Sep 4, 2009', 'x': 1252015200000, 'marker': {'symbol': 'url(https://tmssl.akamaized.net/images/wappen/verysmall/2598.png?lm=1445329831)'}}, {'y': 800000, 'verein': 'FC Banik Ostrava', 'age': '18', 'mw': '€800Th.', 'datum_mw': 'Oct 21, 2010', 'x': 1287612000000, 'marker': {'symbol': 'url(https://tmssl.akamaized.net/images/wappen/verysmall/377.png?lm=1419584907)'}}, {'y': 600000, 'verein': 'FC Banik Ostrava', 'age': '19', 'mw': '€600Th.', 'datum_mw': 'Jan 6, 2012', 'x': 1325804400000, 'marker': {'symbol': 'url(https://tmssl.akamaized.net/images/wappen/verysmall/377.png?lm=1419584907)'}}, {'y': 500000, 'verein': 'FC Banik Ostrava', 'age': '20', 'mw': '€500Th.', 'datum_mw': 'Oct 30, 2012', 'x': 1351551600000, 'marker': {'symbol': 'url(https://tmssl.akamaized.net/images/wappen/verysmall/377.png?lm=1419584907)'}}, {'y': 500000, 'verein': 'FK Baumit Jablonec', 'age': '22', 'mw': '€500Th.', 'datum_mw': 'Apr 22, 2014', 'x': 1398117600000, 'marker': {'symbol': 'url(https://tmssl.akamaized.net/images/wappen/verysmall/1322_1551278701.png?lm=1551278701)'}}, {'y': 400000, 'verein': 'FK Baumit Jablonec', 'age': '22', 'mw': '€400Th.', 'datum_mw': 'Sep 1, 2014', 'x': 1409522400000, 'marker': {'symbol': 'url(https://tmssl.akamaized.net/images/wappen/verysmall/1322_1551278701.png?lm=1551278701)'}}, {'y': 300000, 'verein': 'FK Baumit Jablonec', 'age': '22', 'mw': '€300Th.', 'datum_mw': 'Jan 17, 2015', 'x': 1421449200000, 'marker': {'symbol': 'url(https://tmssl.akamaized.net/images/wappen/verysmall/1322_1551278701.png?lm=1551278701)'}}, {'y': 200000, 'verein': 'FC Fastav Zlin', 'age': '23', 'mw': '€200Th.', 'datum_mw': 'Mar 18, 2016', 'x': 1458255600000, 'marker': {'symbol': 'url(https://tmssl.akamaized.net/images/wappen/verysmall/5545.png?lm=1419785784)'}}, {'y': 150000, 'verein': 'FC Fastav Zlin', 'age': '24', 'mw': '€150Th.', 'datum_mw': 'Aug 3, 2016', 'x': 1470175200000, 'marker': {'symbol': 'url(https://tmssl.akamaized.net/images/wappen/verysmall/5545.png?lm=1419785784)'}}, {'y': 150000, 'verein': 'FC Fastav Zlin', 'age': '24', 'mw': '€150Th.', 'datum_mw': 'Dec 19, 2016', 'x': 1482102000000, 'marker': {'symbol': 'url(https://tmssl.akamaized.net/images/wappen/verysmall/5545.png?lm=1419785784)'}}, {'y': 150000, 'verein': 'FC Fastav Zlin', 'age': '25', 'mw': '€150Th.', 'datum_mw': 'Jun 10, 2017', 'x': 1497045600000, 'marker': {'symbol': 'url(https://tmssl.akamaized.net/images/wappen/verysmall/5545.png?lm=1419785784)'}}, {'y': 150000, 'verein': '1.FK Pribram', 'age': '25', 'mw': '€150Th.', 'datum_mw': 'Dec 15, 2017', 'x': 1513292400000, 'marker': {'symbol': 'url(https://tmssl.akamaized.net/images/wappen/verysmall/2598.png?lm=1445329831)'}}, {'y': 200000, 'verein': '1.FK Pribram', 'age': '26', 'mw': '€200Th.', 'datum_mw': 'Jul 14, 2018', 'x': 1531519200000, 'marker': {'symbol': 'url(https://tmssl.akamaized.net/images/wappen/verysmall/2598.png?lm=1445329831)'}}, {'y': 250000, 'verein': '1.FK Pribram', 'age': '26', 'mw': '€250Th.', 'datum_mw': 'Dec 30, 2018', 'x': 1546124400000, 'marker': {'symbol': 'url(https://tmssl.akamaized.net/images/wappen/verysmall/2598.png?lm=1445329831)'}}, {'y': 300000, 'verein': '1.FK Pribram', 'age': '27', 'mw': '€300Th.', 'datum_mw': 'Jun 25, 2019', 'x': 1561413600000, 'marker': {'symbol': 'url(https://tmssl.akamaized.net/images/wappen/verysmall/2598.png?lm=1445329831)'}}, {'y': 300000, 'verein': 'FC Fastav Zlin', 'age': '27', 'mw': '€300Th.', 'datum_mw': 'Dec 7, 2019', 'x': 1575673200000, 'marker': {'symbol': 'url(https://tmssl.akamaized.net/images/wappen/verysmall/5545.png?lm=1419785784)'}}, {'y': 300000, 'verein': 'FC Fastav Zlin', 'age': '28', 'mw': '€300Th.', 'datum_mw': 'Jul 10, 2020', 'x': 1594332000000, 'marker': {'symbol': 'url(https://tmssl.akamaized.net/images/wappen/verysmall/5545.png?lm=1419785784)'}}, {'y': 300000, 'verein': 'FC Fastav Zlin', 'age': '28', 'mw': '€300Th.', 'datum_mw': 'Dec 27, 2020', 'x': 1609023600000, 'marker': {'symbol': 'url(https://tmssl.akamaized.net/images/wappen/verysmall/5545.png?lm=1419785784)'}}, {'y': 300000, 'verein': 'FC Fastav Zlin', 'age': '29', 'mw': '€300Th.', 'datum_mw': 'Jun 25, 2021', 'x': 1624572000000, 'marker': {'symbol': 'url(https://tmssl.akamaized.net/images/wappen/verysmall/5545.png?lm=1419785784)'}}, {'y': 300000, 'verein': 'FC Fastav Zlin', 'age': '29', 'mw': '€300Th.', 'datum_mw': 'Dec 26, 2021', 'x': 1640473200000, 'marker': {'symbol': 'url(https://tmssl.akamaized.net/images/wappen/verysmall/5545.png?lm=1419785784)'}}, {'y': 250000, 'verein': 'FC Fastav Zlin', 'age': '30', 'mw': '€250Th.', 'datum_mw': 'Jun 22, 2022', 'x': 1655848800000, 'marker': {'symbol': 'url(https://tmssl.akamaized.net/images/wappen/verysmall/5545.png?lm=1419785784)'}}]}]	-	-	2.168'				
Jakub Janetzky	Jakub Janetzký	Jun 12, 1997		25	1,82 m	Czech Republic	midfield - Attacking Midfield	right		FC Fastav Zlin	Jul 12, 2019	Jun 30, 2023		0.0	34	33	1.06	3	-	13	13	4	-	-			1.703'	[{'type': 'line', 'name': 'Market value', 'data': [{'y': 100000, 'verein': 'Slezsky FC Opava', 'age': '19', 'mw': '€100Th.', 'datum_mw': 'Oct 21, 2016', 'x': 1477000800000, 'marker': {'symbol': 'url(https://tmssl.akamaized.net/images/wappen/verysmall/479.png?lm=1419786232)'}}, {'y': 225000, 'verein': 'Slezsky FC Opava', 'age': '19', 'mw': '€225Th.', 'datum_mw': 'Dec 1, 2016', 'x': 1480546800000, 'marker': {'symbol': 'url(https://tmssl.akamaized.net/images/wappen/verysmall/479.png?lm=1419786232)'}}, {'y': 275000, 'verein': 'Slezsky FC Opava', 'age': '19', 'mw': '€275Th.', 'datum_mw': 'Apr 15, 2017', 'x': 1492207200000, 'marker': {'symbol': 'url(https://tmssl.akamaized.net/images/wappen/verysmall/479.png?lm=1419786232)'}}, {'y': 325000, 'verein': 'Slezsky FC Opava', 'age': '19', 'mw': '€325Th.', 'datum_mw': 'Jun 10, 2017', 'x': 1497045600000, 'marker': {'symbol': 'url(https://tmssl.akamaized.net/images/wappen/verysmall/479.png?lm=1419786232)'}}, {'y': 300000, 'verein': 'FK Jablonec', 'age': '20', 'mw': '€300Th.', 'datum_mw': 'Dec 21, 2017', 'x': 1513810800000, 'marker': {'symbol': 'url(https://tmssl.akamaized.net/images/wappen/verysmall/1322.png?lm=1551278724)'}}, {'y': 250000, 'verein': 'Slezsky FC Opava', 'age': '21', 'mw': '€250Th.', 'datum_mw': 'Jul 14, 2018', 'x': 1531519200000, 'marker': {'symbol': 'url(https://tmssl.akamaized.net/images/wappen/verysmall/479.png?lm=1419786232)'}}, {'y': 250000, 'verein': 'Slezsky FC Opava', 'age': '21', 'mw': '€250Th.', 'datum_mw': 'Dec 30, 2018', 'x': 1546124400000, 'marker': {'symbol': 'url(https://tmssl.akamaized.net/images/wappen/verysmall/479.png?lm=1419786232)'}}, {'y': 300000, 'verein': 'Slezsky FC Opava', 'age': '21', 'mw': '€300Th.', 'datum_mw': 'Apr 30, 2019', 'x': 1556575200000, 'marker': {'symbol': 'url(https://tmssl.akamaized.net/images/wappen/verysmall/479.png?lm=1419786232)'}}, {'y': 300000, 'verein': 'Slezsky FC Opava', 'age': '22', 'mw': '€300Th.', 'datum_mw': 'Jun 25, 2019', 'x': 1561413600000, 'marker': {'symbol': 'url(https://tmssl.akamaized.net/images/wappen/verysmall/479.png?lm=1419786232)'}}, {'y': 300000, 'verein': 'FC Fastav Zlin', 'age': '22', 'mw': '€300Th.', 'datum_mw': 'Dec 7, 2019', 'x': 1575673200000, 'marker': {'symbol': 'url(https://tmssl.akamaized.net/images/wappen/verysmall/5545.png?lm=1419785784)'}}, {'y': 300000, 'verein': 'FC Fastav Zlin', 'age': '23', 'mw': '€300Th.', 'datum_mw': 'Jul 10, 2020', 'x': 1594332000000, 'marker': {'symbol': 'url(https://tmssl.akamaized.net/images/wappen/verysmall/5545.png?lm=1419785784)'}}, {'y': 300000, 'verein': 'FC Fastav Zlin', 'age': '23', 'mw': '€300Th.', 'datum_mw': 'Dec 27, 2020', 'x': 1609023600000, 'marker': {'symbol': 'url(https://tmssl.akamaized.net/images/wappen/verysmall/5545.png?lm=1419785784)'}}, {'y': 300000, 'verein': 'FC Fastav Zlin', 'age': '24', 'mw': '€300Th.', 'datum_mw': 'Jun 25, 2021', 'x': 1624572000000, 'marker': {'symbol': 'url(https://tmssl.akamaized.net/images/wappen/verysmall/5545.png?lm=1419785784)'}}, {'y': 250000, 'verein': 'FC Fastav Zlin', 'age': '24', 'mw': '€250Th.', 'datum_mw': 'Dec 26, 2021', 'x': 1640473200000, 'marker': {'symbol': 'url(https://tmssl.akamaized.net/images/wappen/verysmall/5545.png?lm=1419785784)'}}, {'y': 250000, 'verein': 'FC Fastav Zlin', 'age': '25', 'mw': '€250Th.', 'datum_mw': 'Jun 22, 2022', 'x': 1655848800000, 'marker': {'symbol': 'url(https://tmssl.akamaized.net/images/wappen/verysmall/5545.png?lm=1419785784)'}}]}]	-	-	568'				
Vukadin Vukadinovic	Вукадин Вукадиновић	Dec 14, 1990	Belgrad	31	1,82 m	Serbia	attack - Right Winger	right	S & E Management	FC Fastav Zlin	Jan 21, 2022	Jun 30, 2024	May 20, 2022	0.0	29	27	1.00	3	3	10	11	2	-	-			1.519'	[{'type': 'line', 'name': 'Market value', 'data': [{'y': 75000, 'verein': 'FK PKB Padinska Skela', 'age': '18', 'mw': '€75Th.', 'datum_mw': 'Feb 22, 2009', 'x': 1235257200000, 'marker': {'symbol': 'url(https://tmssl.akamaized.net/images/wappen/verysmall/22420.png?lm=1475237405)'}}, {'y': 100000, 'verein': 'FK Baumit Jablonec', 'age': '21', 'mw': '€100Th.', 'datum_mw': 'Feb 2, 2012', 'x': 1328137200000, 'marker': {'symbol': 'url(https://tmssl.akamaized.net/images/wappen/verysmall/1322_1551278701.png?lm=1551278701)'}}, {'y': 200000, 'verein': 'FK Baumit Jablonec', 'age': '22', 'mw': '€200Th.', 'datum_mw': 'Aug 19, 2013', 'x': 1376863200000, 'marker': {'symbol': 'url(https://tmssl.akamaized.net/images/wappen/verysmall/1322_1551278701.png?lm=1551278701)'}}, {'y': 250000, 'verein': 'SK Slavia Prague', 'age': '23', 'mw': '€250Th.', 'datum_mw': 'Sep 1, 2014', 'x': 1409522400000, 'marker': {'symbol': 'url(https://tmssl.akamaized.net/images/wappen/verysmall/62_1615070453.png?lm=1615070453)'}}, {'y': 250000, 'verein': 'SK Slavia Prague', 'age': '24', 'mw': '€250Th.', 'datum_mw': 'Jan 17, 2015', 'x': 1421449200000, 'marker': {'symbol': 'url(https://tmssl.akamaized.net/images/wappen/verysmall/62_1615070453.png?lm=1615070453)'}}, {'y': 200000, 'verein': 'FC Fastav Zlin', 'age': '24', 'mw': '€200Th.', 'datum_mw': 'Oct 15, 2015', 'x': 1444860000000, 'marker': {'symbol': 'url(https://tmssl.akamaized.net/images/wappen/verysmall/5545.png?lm=1419785784)'}}, {'y': 300000, 'verein': 'FC Fastav Zlin', 'age': '25', 'mw': '€300Th.', 'datum_mw': 'Mar 18, 2016', 'x': 1458255600000, 'marker': {'symbol': 'url(https://tmssl.akamaized.net/images/wappen/verysmall/5545.png?lm=1419785784)'}}, {'y': 300000, 'verein': 'FC Fastav Zlin', 'age': '25', 'mw': '€300Th.', 'datum_mw': 'Aug 3, 2016', 'x': 1470175200000, 'marker': {'symbol': 'url(https://tmssl.akamaized.net/images/wappen/verysmall/5545.png?lm=1419785784)'}}, {'y': 500000, 'verein': 'FC Fastav Zlin', 'age': '25', 'mw': '€500Th.', 'datum_mw': 'Oct 16, 2016', 'x': 1476568800000, 'marker': {'symbol': 'url(https://tmssl.akamaized.net/images/wappen/verysmall/5545.png?lm=1419785784)'}}, {'y': 700000, 'verein': 'FC Fastav Zlin', 'age': '26', 'mw': '€700Th.', 'datum_mw': 'Dec 19, 2016', 'x': 1482102000000, 'marker': {'symbol': 'url(https://tmssl.akamaized.net/images/wappen/verysmall/5545.png?lm=1419785784)'}}, {'y': 800000, 'verein': 'FC Fastav Zlin', 'age': '26', 'mw': '€800Th.', 'datum_mw': 'Jun 10, 2017', 'x': 1497045600000, 'marker': {'symbol': 'url(https://tmssl.akamaized.net/images/wappen/verysmall/5545.png?lm=1419785784)'}}, {'y': 750000, 'verein': 'FC Fastav Zlin', 'age': '27', 'mw': '€750Th.', 'datum_mw': 'Dec 21, 2017', 'x': 1513810800000, 'marker': {'symbol': 'url(https://tmssl.akamaized.net/images/wappen/verysmall/5545.png?lm=1419785784)'}}, {'y': 750000, 'verein': 'AC Sparta Prague', 'age': '27', 'mw': '€750Th.', 'datum_mw': 'Jul 14, 2018', 'x': 1531519200000, 'marker': {'symbol': 'url(https://tmssl.akamaized.net/images/wappen/verysmall/197_1623871780.png?lm=1623871781)'}}, {'y': 750000, 'verein': 'AC Sparta Prague', 'age': '28', 'mw': '€750Th.', 'datum_mw': 'Dec 30, 2018', 'x': 1546124400000, 'marker': {'symbol': 'url(https://tmssl.akamaized.net/images/wappen/verysmall/197_1623871780.png?lm=1623871781)'}}, {'y': 400000, 'verein': 'AC Sparta Prague B', 'age': '28', 'mw': '€400Th.', 'datum_mw': 'Jun 25, 2019', 'x': 1561413600000, 'marker': {'symbol': 'url(https://tmssl.akamaized.net/images/wappen/verysmall/197_1623871780.png?lm=1623871781)'}}, {'y': 300000, 'verein': 'MFK Karvina', 'age': '28', 'mw': '€300Th.', 'datum_mw': 'Dec 7, 2019', 'x': 1575673200000, 'marker': {'symbol': 'url(https://tmssl.akamaized.net/images/wappen/verysmall/13726.png?lm=1419785681)'}}, {'y': 250000, 'verein': 'MFK Karvina', 'age': '29', 'mw': '€250Th.', 'datum_mw': 'Jul 10, 2020', 'x': 1594332000000, 'marker': {'symbol': 'url(https://tmssl.akamaized.net/images/wappen/verysmall/13726.png?lm=1419785681)'}}, {'y': 250000, 'verein': 'FK Teplice', 'age': '30', 'mw': '€250Th.', 'datum_mw': 'Dec 27, 2020', 'x': 1609023600000, 'marker': {'symbol': 'url(https://tmssl.akamaized.net/images/wappen/verysmall/814.png?lm=1419784933)'}}, {'y': 250000, 'verein': 'FK Teplice', 'age': '30', 'mw': '€250Th.', 'datum_mw': 'Jun 25, 2021', 'x': 1624572000000, 'marker': {'symbol': 'url(https://tmssl.akamaized.net/images/wappen/verysmall/814.png?lm=1419784933)'}}, {'y': 150000, 'verein': 'FK Radnicki Nis', 'age': '31', 'mw': '€150Th.', 'datum_mw': 'Dec 25, 2021', 'x': 1640386800000, 'marker': {'symbol': 'url(https://tmssl.akamaized.net/images/wappen/verysmall/7567.png?lm=1420204988)'}}, {'y': 200000, 'verein': 'FC Fastav Zlin', 'age': '31', 'mw': '€200Th.', 'datum_mw': 'Jun 22, 2022', 'x': 1655848800000, 'marker': {'symbol': 'url(https://tmssl.akamaized.net/images/wappen/verysmall/5545.png?lm=1419785784)'}}]}]	-	-	506'				
Lamin Jawo		Mar 15, 1995	Banjoul	27	1,94 m	The Gambia	attack - Centre-Forward	right	1K Sportmanagement	FC Fastav Zlin	Jan 21, 2020	Dec 31, 2022		0.0	29	29	0.86	1	6	12	11	5	1	-			1.746'	[{'type': 'line', 'name': 'Market value', 'data': [{'y': 75000, 'verein': 'FBC Finale 1908', 'age': '21', 'mw': '€75Th.', 'datum_mw': 'Jul 1, 2016', 'x': 1467324000000, 'marker': {'symbol': 'url(https://tmssl.akamaized.net/images/wappen/verysmall/50724.png?lm=1490864599)'}}, {'y': 75000, 'verein': 'Carpi FC 1909', 'age': '21', 'mw': '€75Th.', 'datum_mw': 'Dec 19, 2016', 'x': 1482102000000, 'marker': {'symbol': 'url(https://tmssl.akamaized.net/images/wappen/verysmall/4102_1631169567.png?lm=1631169567)'}}, {'y': 75000, 'verein': 'Robur Siena', 'age': '22', 'mw': '€75Th.', 'datum_mw': 'Jun 20, 2017', 'x': 1497909600000, 'marker': {'symbol': 'url(https://tmssl.akamaized.net/images/wappen/verysmall/1387_1601728894.png?lm=1601728894)'}}, {'y': 75000, 'verein': 'Feralpisalò', 'age': '22', 'mw': '€75Th.', 'datum_mw': 'Dec 19, 2017', 'x': 1513638000000, 'marker': {'symbol': 'url(https://tmssl.akamaized.net/images/wappen/verysmall/9439_1563800095.png?lm=1563800095)'}}, {'y': 50000, 'verein': 'Sanremese Calcio', 'age': '23', 'mw': '€50Th.', 'datum_mw': 'Jun 26, 2018', 'x': 1529964000000, 'marker': {'symbol': 'url(https://tmssl.akamaized.net/images/wappen/verysmall/10390.png?lm=1495907499)'}}, {'y': 75000, 'verein': 'Olympia Agnonese', 'age': '23', 'mw': '€75Th.', 'datum_mw': 'Nov 2, 2018', 'x': 1541113200000, 'marker': {'symbol': 'url(https://tmssl.akamaized.net/images/wappen/verysmall/36807.png?lm=1451412741)'}}, {'y': 100000, 'verein': 'FC Vysocina Jihlava', 'age': '24', 'mw': '€100Th.', 'datum_mw': 'Jun 25, 2019', 'x': 1561413600000, 'marker': {'symbol': 'url(https://tmssl.akamaized.net/images/wappen/verysmall/7975.png?lm=1565421712)'}}, {'y': 250000, 'verein': 'FC Vysocina Jihlava', 'age': '24', 'mw': '€250Th.', 'datum_mw': 'Dec 7, 2019', 'x': 1575673200000, 'marker': {'symbol': 'url(https://tmssl.akamaized.net/images/wappen/verysmall/7975.png?lm=1565421712)'}}, {'y': 250000, 'verein': 'FC Fastav Zlin', 'age': '25', 'mw': '€250Th.', 'datum_mw': 'Jul 10, 2020', 'x': 1594332000000, 'marker': {'symbol': 'url(https://tmssl.akamaized.net/images/wappen/verysmall/5545.png?lm=1419785784)'}}, {'y': 350000, 'verein': 'FC Fastav Zlin', 'age': '25', 'mw': '€350Th.', 'datum_mw': 'Dec 27, 2020', 'x': 1609023600000, 'marker': {'symbol': 'url(https://tmssl.akamaized.net/images/wappen/verysmall/5545.png?lm=1419785784)'}}, {'y': 350000, 'verein': 'FC Fastav Zlin', 'age': '26', 'mw': '€350Th.', 'datum_mw': 'Jun 25, 2021', 'x': 1624572000000, 'marker': {'symbol': 'url(https://tmssl.akamaized.net/images/wappen/verysmall/5545.png?lm=1419785784)'}}, {'y': 300000, 'verein': 'FC Fastav Zlin', 'age': '26', 'mw': '€300Th.', 'datum_mw': 'Oct 12, 2021', 'x': 1633989600000, 'marker': {'symbol': 'url(https://tmssl.akamaized.net/images/wappen/verysmall/5545.png?lm=1419785784)'}}, {'y': 250000, 'verein': 'FC Fastav Zlin', 'age': '26', 'mw': '€250Th.', 'datum_mw': 'Dec 26, 2021', 'x': 1640473200000, 'marker': {'symbol': 'url(https://tmssl.akamaized.net/images/wappen/verysmall/5545.png?lm=1419785784)'}}, {'y': 200000, 'verein': 'FC Fastav Zlin', 'age': '27', 'mw': '€200Th.', 'datum_mw': 'Jun 22, 2022', 'x': 1655848800000, 'marker': {'symbol': 'url(https://tmssl.akamaized.net/images/wappen/verysmall/5545.png?lm=1419785784)'}}]}]	-	-	1.746'				
Simon Chwaszcz																																			
Libor Bobcik																																			
