Name	Date of birth	Place of birth	Age	Height	Citizenship	Position	Foot	Current club	Joined	Contract expires	On loan from	Contract there expires	CL Appearances	Squad	Appearances	PPG	Goals	Assists	Sub on	Sub off	Yellow cards	Seccond Yellow Cards	Red cards	Goals conceded	Clean sheets	Minutes played	Market Values	Player agent	Own goals	Penalty goals	Minutes per goal	Date of last contract extension	Name in home country
Kristen Lapa	Feb 11, 2000	Tallinn	22	1,90 m	Estonia	Goalkeeper	left	FC Kuressaare	Feb 10, 2022	Dec 31, 2022	FC Flora Tallinn	Dec 31, 2023	0	25	16	1.50	-	-	-	-	-	-	-	19	6	1.440'	[{'type': 'line', 'name': 'Market value', 'data': [{'y': 25000, 'verein': 'FC Flora Tallinn', 'age': '18', 'mw': '€25Th.', 'datum_mw': 'Feb 20, 2018', 'x': 1519081200000, 'marker': {'symbol': 'url(https://tmssl.akamaized.net/images/wappen/verysmall/1002.png?lm=1580891303)'}}, {'y': 25000, 'verein': 'FC Flora Tallinn', 'age': '18', 'mw': '€25Th.', 'datum_mw': 'Jun 26, 2018', 'x': 1529964000000, 'marker': {'symbol': 'url(https://tmssl.akamaized.net/images/wappen/verysmall/1002.png?lm=1580891303)'}}, {'y': 25000, 'verein': 'FC Flora Tallinn', 'age': '18', 'mw': '€25Th.', 'datum_mw': 'Nov 14, 2018', 'x': 1542150000000, 'marker': {'symbol': 'url(https://tmssl.akamaized.net/images/wappen/verysmall/1002.png?lm=1580891303)'}}, {'y': 25000, 'verein': 'FC Flora Tallinn', 'age': '19', 'mw': '€25Th.', 'datum_mw': 'Jun 11, 2019', 'x': 1560204000000, 'marker': {'symbol': 'url(https://tmssl.akamaized.net/images/wappen/verysmall/1002.png?lm=1580891303)'}}, {'y': 25000, 'verein': 'FC Flora Tallinn', 'age': '19', 'mw': '€25Th.', 'datum_mw': 'Oct 9, 2019', 'x': 1570572000000, 'marker': {'symbol': 'url(https://tmssl.akamaized.net/images/wappen/verysmall/1002.png?lm=1580891303)'}}, {'y': 25000, 'verein': 'FC Flora Tallinn', 'age': '20', 'mw': '€25Th.', 'datum_mw': 'Jul 21, 2020', 'x': 1595282400000, 'marker': {'symbol': 'url(https://tmssl.akamaized.net/images/wappen/verysmall/1002.png?lm=1580891303)'}}, {'y': 50000, 'verein': 'FC Flora Tallinn', 'age': '20', 'mw': '€50Th.', 'datum_mw': 'Dec 6, 2020', 'x': 1607209200000, 'marker': {'symbol': 'url(https://tmssl.akamaized.net/images/wappen/verysmall/1002.png?lm=1580891303)'}}, {'y': 50000, 'verein': 'FC Kuressaare', 'age': '21', 'mw': '€50Th.', 'datum_mw': 'Apr 21, 2021', 'x': 1618956000000, 'marker': {'symbol': 'url(https://tmssl.akamaized.net/images/wappen/verysmall/23368.png?lm=1517156958)'}}, {'y': 50000, 'verein': 'FC Kuressaare', 'age': '21', 'mw': '€50Th.', 'datum_mw': 'Jun 30, 2021', 'x': 1625004000000, 'marker': {'symbol': 'url(https://tmssl.akamaized.net/images/wappen/verysmall/23368.png?lm=1517156958)'}}, {'y': 100000, 'verein': 'FC Kuressaare', 'age': '21', 'mw': '€100Th.', 'datum_mw': 'Dec 9, 2021', 'x': 1639004400000, 'marker': {'symbol': 'url(https://tmssl.akamaized.net/images/wappen/verysmall/23368.png?lm=1517156958)'}}, {'y': 150000, 'verein': 'FC Kuressaare', 'age': '22', 'mw': '€150Th.', 'datum_mw': 'May 13, 2022', 'x': 1652392800000, 'marker': {'symbol': 'url(https://tmssl.akamaized.net/images/wappen/verysmall/23368.png?lm=1517156958)'}}]}]						
Magnus Karofeld	Aug 20, 1996	Rakvere	25	1,87 m	Estonia	Goalkeeper	right	FC Kuressaare	Feb 19, 2020	Dec 31, 2022			0	34	18	1.06	-	-	-	-	2	-	-	35	3	1.650'	[{'type': 'line', 'name': 'Market value', 'data': [{'y': 25000, 'verein': 'FC Flora Tallinn', 'age': '18', 'mw': '€25Th.', 'datum_mw': 'Nov 11, 2014', 'x': 1415660400000, 'marker': {'symbol': 'url(https://tmssl.akamaized.net/images/wappen/verysmall/1002.png?lm=1580891303)'}}, {'y': 25000, 'verein': 'FC Flora Tallinn', 'age': '18', 'mw': '€25Th.', 'datum_mw': 'Mar 10, 2015', 'x': 1425942000000, 'marker': {'symbol': 'url(https://tmssl.akamaized.net/images/wappen/verysmall/1002.png?lm=1580891303)'}}, {'y': 25000, 'verein': 'FC Flora Tallinn', 'age': '18', 'mw': '€25Th.', 'datum_mw': 'Jun 25, 2015', 'x': 1435183200000, 'marker': {'symbol': 'url(https://tmssl.akamaized.net/images/wappen/verysmall/1002.png?lm=1580891303)'}}, {'y': 25000, 'verein': 'FC Flora Tallinn', 'age': '19', 'mw': '€25Th.', 'datum_mw': 'Nov 13, 2015', 'x': 1447369200000, 'marker': {'symbol': 'url(https://tmssl.akamaized.net/images/wappen/verysmall/1002.png?lm=1580891303)'}}, {'y': 25000, 'verein': 'FC Flora Tallinn', 'age': '19', 'mw': '€25Th.', 'datum_mw': 'Jul 9, 2016', 'x': 1468015200000, 'marker': {'symbol': 'url(https://tmssl.akamaized.net/images/wappen/verysmall/1002.png?lm=1580891303)'}}, {'y': 25000, 'verein': 'FC Flora Tallinn', 'age': '20', 'mw': '€25Th.', 'datum_mw': 'Nov 7, 2016', 'x': 1478473200000, 'marker': {'symbol': 'url(https://tmssl.akamaized.net/images/wappen/verysmall/1002.png?lm=1580891303)'}}, {'y': 50000, 'verein': 'Paide Linnameeskond', 'age': '20', 'mw': '€50Th.', 'datum_mw': 'Jun 20, 2017', 'x': 1497909600000, 'marker': {'symbol': 'url(https://tmssl.akamaized.net/images/wappen/verysmall/23371.png?lm=1471892177)'}}, {'y': 50000, 'verein': 'Paide Linnameeskond', 'age': '21', 'mw': '€50Th.', 'datum_mw': 'Dec 4, 2017', 'x': 1512342000000, 'marker': {'symbol': 'url(https://tmssl.akamaized.net/images/wappen/verysmall/23371.png?lm=1471892177)'}}, {'y': 50000, 'verein': 'FC Flora Tallinn', 'age': '21', 'mw': '€50Th.', 'datum_mw': 'Jun 26, 2018', 'x': 1529964000000, 'marker': {'symbol': 'url(https://tmssl.akamaized.net/images/wappen/verysmall/1002.png?lm=1580891303)'}}, {'y': 100000, 'verein': 'FC Flora Tallinn', 'age': '22', 'mw': '€100Th.', 'datum_mw': 'Nov 14, 2018', 'x': 1542150000000, 'marker': {'symbol': 'url(https://tmssl.akamaized.net/images/wappen/verysmall/1002.png?lm=1580891303)'}}, {'y': 100000, 'verein': 'FC Kuressaare', 'age': '22', 'mw': '€100Th.', 'datum_mw': 'Jun 11, 2019', 'x': 1560204000000, 'marker': {'symbol': 'url(https://tmssl.akamaized.net/images/wappen/verysmall/23368.png?lm=1517156958)'}}, {'y': 100000, 'verein': 'FC Kuressaare', 'age': '23', 'mw': '€100Th.', 'datum_mw': 'Oct 9, 2019', 'x': 1570572000000, 'marker': {'symbol': 'url(https://tmssl.akamaized.net/images/wappen/verysmall/23368.png?lm=1517156958)'}}, {'y': 100000, 'verein': 'FC Kuressaare', 'age': '23', 'mw': '€100Th.', 'datum_mw': 'Jul 21, 2020', 'x': 1595282400000, 'marker': {'symbol': 'url(https://tmssl.akamaized.net/images/wappen/verysmall/23368.png?lm=1517156958)'}}, {'y': 75000, 'verein': 'FC Kuressaare', 'age': '24', 'mw': '€75Th.', 'datum_mw': 'Dec 6, 2020', 'x': 1607209200000, 'marker': {'symbol': 'url(https://tmssl.akamaized.net/images/wappen/verysmall/23368.png?lm=1517156958)'}}, {'y': 75000, 'verein': 'FC Kuressaare', 'age': '24', 'mw': '€75Th.', 'datum_mw': 'Apr 21, 2021', 'x': 1618956000000, 'marker': {'symbol': 'url(https://tmssl.akamaized.net/images/wappen/verysmall/23368.png?lm=1517156958)'}}, {'y': 75000, 'verein': 'FC Kuressaare', 'age': '24', 'mw': '€75Th.', 'datum_mw': 'Jun 30, 2021', 'x': 1625004000000, 'marker': {'symbol': 'url(https://tmssl.akamaized.net/images/wappen/verysmall/23368.png?lm=1517156958)'}}, {'y': 75000, 'verein': 'FC Kuressaare', 'age': '25', 'mw': '€75Th.', 'datum_mw': 'Dec 9, 2021', 'x': 1639004400000, 'marker': {'symbol': 'url(https://tmssl.akamaized.net/images/wappen/verysmall/23368.png?lm=1517156958)'}}, {'y': 50000, 'verein': 'FC Kuressaare', 'age': '25', 'mw': '€50Th.', 'datum_mw': 'May 13, 2022', 'x': 1652392800000, 'marker': {'symbol': 'url(https://tmssl.akamaized.net/images/wappen/verysmall/23368.png?lm=1517156958)'}}]}]						
Märten Pajunurm	Apr 29, 1993	Rapla	29	1,87 m	Estonia	Defender - Centre-Back	both	FC Kuressaare	Jan 30, 2019	Dec 31, 2022			0	32	32	1.16	9	2	-	-	3	-	-			2.910'	[{'type': 'line', 'name': 'Market value', 'data': [{'y': 50000, 'verein': 'FC Kuressaare', 'age': '18', 'mw': '€50Th.', 'datum_mw': 'Dec 15, 2011', 'x': 1323903600000, 'marker': {'symbol': 'url(https://tmssl.akamaized.net/images/wappen/verysmall/23368_1517156991.png?lm=1517156991)'}}, {'y': 50000, 'verein': 'FC Kuressaare', 'age': '19', 'mw': '€50Th.', 'datum_mw': 'Jul 18, 2012', 'x': 1342562400000, 'marker': {'symbol': 'url(https://tmssl.akamaized.net/images/wappen/verysmall/23368_1517156991.png?lm=1517156991)'}}, {'y': 50000, 'verein': 'FC Flora Tallinn', 'age': '19', 'mw': '€50Th.', 'datum_mw': 'Jan 27, 2013', 'x': 1359241200000, 'marker': {'symbol': 'url(https://tmssl.akamaized.net/images/wappen/verysmall/1002.png?lm=1580891303)'}}, {'y': 0, 'verein': 'FC Kuressaare', 'age': '20', 'mw': '-', 'datum_mw': 'Mar 12, 2014', 'x': 1394578800000, 'marker': {'symbol': 'url(https://tmssl.akamaized.net/images/wappen/verysmall/23368_1517156991.png?lm=1517156991)'}}, {'y': 50000, 'verein': 'FC Kuressaare', 'age': '22', 'mw': '€50Th.', 'datum_mw': 'Jun 28, 2015', 'x': 1435442400000, 'marker': {'symbol': 'url(https://tmssl.akamaized.net/images/wappen/verysmall/23368_1517156991.png?lm=1517156991)'}}, {'y': 50000, 'verein': 'Paide Linnameeskond', 'age': '22', 'mw': '€50Th.', 'datum_mw': 'Nov 13, 2015', 'x': 1447369200000, 'marker': {'symbol': 'url(https://tmssl.akamaized.net/images/wappen/verysmall/23371.png?lm=1471892177)'}}, {'y': 50000, 'verein': 'Longwood University Lancers (Longwood University)', 'age': '23', 'mw': '€50Th.', 'datum_mw': 'Jul 9, 2016', 'x': 1468015200000, 'marker': {'symbol': 'url(https://tmssl.akamaized.net/images/wappen/verysmall/12723.png?lm=1525101814)'}}, {'y': 25000, 'verein': 'Paide Linnameeskond', 'age': '25', 'mw': '€25Th.', 'datum_mw': 'Jun 26, 2018', 'x': 1529964000000, 'marker': {'symbol': 'url(https://tmssl.akamaized.net/images/wappen/verysmall/23371.png?lm=1471892177)'}}, {'y': 25000, 'verein': 'Paide Linnameeskond', 'age': '25', 'mw': '€25Th.', 'datum_mw': 'Nov 14, 2018', 'x': 1542150000000, 'marker': {'symbol': 'url(https://tmssl.akamaized.net/images/wappen/verysmall/23371.png?lm=1471892177)'}}, {'y': 50000, 'verein': 'FC Kuressaare', 'age': '26', 'mw': '€50Th.', 'datum_mw': 'Jun 11, 2019', 'x': 1560204000000, 'marker': {'symbol': 'url(https://tmssl.akamaized.net/images/wappen/verysmall/23368.png?lm=1517156958)'}}, {'y': 75000, 'verein': 'FC Kuressaare', 'age': '26', 'mw': '€75Th.', 'datum_mw': 'Oct 9, 2019', 'x': 1570572000000, 'marker': {'symbol': 'url(https://tmssl.akamaized.net/images/wappen/verysmall/23368.png?lm=1517156958)'}}, {'y': 75000, 'verein': 'FC Kuressaare', 'age': '27', 'mw': '€75Th.', 'datum_mw': 'Jul 21, 2020', 'x': 1595282400000, 'marker': {'symbol': 'url(https://tmssl.akamaized.net/images/wappen/verysmall/23368.png?lm=1517156958)'}}, {'y': 75000, 'verein': 'FC Kuressaare', 'age': '27', 'mw': '€75Th.', 'datum_mw': 'Dec 6, 2020', 'x': 1607209200000, 'marker': {'symbol': 'url(https://tmssl.akamaized.net/images/wappen/verysmall/23368.png?lm=1517156958)'}}, {'y': 75000, 'verein': 'FC Kuressaare', 'age': '27', 'mw': '€75Th.', 'datum_mw': 'Apr 21, 2021', 'x': 1618956000000, 'marker': {'symbol': 'url(https://tmssl.akamaized.net/images/wappen/verysmall/23368.png?lm=1517156958)'}}, {'y': 75000, 'verein': 'FC Kuressaare', 'age': '28', 'mw': '€75Th.', 'datum_mw': 'Jun 30, 2021', 'x': 1625004000000, 'marker': {'symbol': 'url(https://tmssl.akamaized.net/images/wappen/verysmall/23368.png?lm=1517156958)'}}, {'y': 100000, 'verein': 'FC Kuressaare', 'age': '28', 'mw': '€100Th.', 'datum_mw': 'Dec 9, 2021', 'x': 1639004400000, 'marker': {'symbol': 'url(https://tmssl.akamaized.net/images/wappen/verysmall/23368.png?lm=1517156958)'}}, {'y': 100000, 'verein': 'FC Kuressaare', 'age': '29', 'mw': '€100Th.', 'datum_mw': 'May 13, 2022', 'x': 1652392800000, 'marker': {'symbol': 'url(https://tmssl.akamaized.net/images/wappen/verysmall/23368.png?lm=1517156958)'}}]}]	Nobel Artists Agency	-	7	323'		
Markus Allast	Sep 5, 2000	Tallinn	21		Estonia	Defender - Centre-Back		FC Kuressaare	Jan 1, 2021	Dec 31, 2022			0	17	14	1.36	1	-	1	-	3	-	-			1.212'	[{'type': 'line', 'name': 'Market value', 'data': [{'y': 25000, 'verein': 'Paide Linnameeskond', 'age': '17', 'mw': '€25Th.', 'datum_mw': 'Feb 28, 2018', 'x': 1519772400000, 'marker': {'symbol': 'url(https://tmssl.akamaized.net/images/wappen/verysmall/23371.png?lm=1471892177)'}}, {'y': 25000, 'verein': 'Paide Linnameeskond', 'age': '17', 'mw': '€25Th.', 'datum_mw': 'Jun 26, 2018', 'x': 1529964000000, 'marker': {'symbol': 'url(https://tmssl.akamaized.net/images/wappen/verysmall/23371.png?lm=1471892177)'}}, {'y': 25000, 'verein': 'Kalev Tallinn', 'age': '18', 'mw': '€25Th.', 'datum_mw': 'Nov 14, 2018', 'x': 1542150000000, 'marker': {'symbol': 'url(https://tmssl.akamaized.net/images/wappen/verysmall/23370.png?lm=1423674638)'}}, {'y': 25000, 'verein': 'Kalev Tallinn', 'age': '18', 'mw': '€25Th.', 'datum_mw': 'Jun 11, 2019', 'x': 1560204000000, 'marker': {'symbol': 'url(https://tmssl.akamaized.net/images/wappen/verysmall/23370.png?lm=1423674638)'}}, {'y': 25000, 'verein': 'Kalev Tallinn', 'age': '19', 'mw': '€25Th.', 'datum_mw': 'Oct 9, 2019', 'x': 1570572000000, 'marker': {'symbol': 'url(https://tmssl.akamaized.net/images/wappen/verysmall/23370.png?lm=1423674638)'}}, {'y': 25000, 'verein': 'Kalev Tallinn', 'age': '19', 'mw': '€25Th.', 'datum_mw': 'Jul 21, 2020', 'x': 1595282400000, 'marker': {'symbol': 'url(https://tmssl.akamaized.net/images/wappen/verysmall/23370.png?lm=1423674638)'}}, {'y': 50000, 'verein': 'FC Kuressaare', 'age': '20', 'mw': '€50Th.', 'datum_mw': 'Apr 21, 2021', 'x': 1618956000000, 'marker': {'symbol': 'url(https://tmssl.akamaized.net/images/wappen/verysmall/23368.png?lm=1517156958)'}}, {'y': 50000, 'verein': 'FC Kuressaare', 'age': '20', 'mw': '€50Th.', 'datum_mw': 'Jun 30, 2021', 'x': 1625004000000, 'marker': {'symbol': 'url(https://tmssl.akamaized.net/images/wappen/verysmall/23368.png?lm=1517156958)'}}, {'y': 50000, 'verein': 'FC Kuressaare', 'age': '21', 'mw': '€50Th.', 'datum_mw': 'Dec 9, 2021', 'x': 1639004400000, 'marker': {'symbol': 'url(https://tmssl.akamaized.net/images/wappen/verysmall/23368.png?lm=1517156958)'}}, {'y': 75000, 'verein': 'FC Kuressaare', 'age': '21', 'mw': '€75Th.', 'datum_mw': 'May 13, 2022', 'x': 1652392800000, 'marker': {'symbol': 'url(https://tmssl.akamaized.net/images/wappen/verysmall/23368.png?lm=1517156958)'}}]}]		-	-	1.212'	Dec 18, 2019	
Sander Alex Liit	Apr 11, 2003	Tallinn	19		Estonia	Defender - Centre-Back	right	FC Kuressaare	Jan 28, 2022	Dec 31, 2022			0	35	34	1.35	2	-	1	5	-	-	-			2.861'	[{'type': 'line', 'name': 'Market value', 'data': [{'y': 25000, 'verein': 'FC Kuressaare', 'age': '18', 'mw': '€25Th.', 'datum_mw': 'Mar 2, 2022', 'x': 1646175600000, 'marker': {'symbol': 'url(https://tmssl.akamaized.net/images/wappen/verysmall/23368.png?lm=1517156958)'}}, {'y': 75000, 'verein': 'FC Kuressaare', 'age': '19', 'mw': '€75Th.', 'datum_mw': 'May 13, 2022', 'x': 1652392800000, 'marker': {'symbol': 'url(https://tmssl.akamaized.net/images/wappen/verysmall/23368.png?lm=1517156958)'}}]}]		1	-	1.431'		
Moorits Veering	Dec 26, 1999	Tallinn	22		Estonia	Defender - Centre-Back		FC Kuressaare	Feb 6, 2022	Dec 31, 2022	FCI Levadia U21	Dec 31, 2023	0	8	6	1.67	-	-	3	2	1	-	-			333'	[{'type': 'line', 'name': 'Market value', 'data': [{'y': 25000, 'verein': 'FCI Levadia', 'age': '19', 'mw': '€25Th.', 'datum_mw': 'Feb 16, 2019', 'x': 1550271600000, 'marker': {'symbol': 'url(https://tmssl.akamaized.net/images/wappen/verysmall/5771.png?lm=1645607598)'}}, {'y': 25000, 'verein': 'FCI Levadia', 'age': '19', 'mw': '€25Th.', 'datum_mw': 'Jun 11, 2019', 'x': 1560204000000, 'marker': {'symbol': 'url(https://tmssl.akamaized.net/images/wappen/verysmall/5771.png?lm=1645607598)'}}, {'y': 50000, 'verein': 'FCI Levadia', 'age': '19', 'mw': '€50Th.', 'datum_mw': 'Oct 9, 2019', 'x': 1570572000000, 'marker': {'symbol': 'url(https://tmssl.akamaized.net/images/wappen/verysmall/5771.png?lm=1645607598)'}}, {'y': 50000, 'verein': 'FCI Levadia', 'age': '20', 'mw': '€50Th.', 'datum_mw': 'Jul 21, 2020', 'x': 1595282400000, 'marker': {'symbol': 'url(https://tmssl.akamaized.net/images/wappen/verysmall/5771.png?lm=1645607598)'}}, {'y': 25000, 'verein': 'FCI Levadia', 'age': '20', 'mw': '€25Th.', 'datum_mw': 'Dec 6, 2020', 'x': 1607209200000, 'marker': {'symbol': 'url(https://tmssl.akamaized.net/images/wappen/verysmall/5771.png?lm=1645607598)'}}, {'y': 50000, 'verein': 'FC Kuressaare', 'age': '22', 'mw': '€50Th.', 'datum_mw': 'May 13, 2022', 'x': 1652392800000, 'marker': {'symbol': 'url(https://tmssl.akamaized.net/images/wappen/verysmall/23368.png?lm=1517156958)'}}]}]		-	-	-		
Tristan Teeväli	May 19, 2003	Tallinn	19	1,84 m	Estonia	Defender - Centre-Back	right	FC Kuressaare	Feb 25, 2022	Dec 31, 2022			0	25	24	1.54	1	-	-	5	6	-	-			2.013'	[{'type': 'line', 'name': 'Market value', 'data': [{'y': 50000, 'verein': 'Kalev Tallinn', 'age': '16', 'mw': '€50Th.', 'datum_mw': 'Feb 26, 2020', 'x': 1582671600000, 'marker': {'symbol': 'url(https://tmssl.akamaized.net/images/wappen/verysmall/23370.png?lm=1423674638)'}}, {'y': 150000, 'verein': 'Kalev Tallinn', 'age': '17', 'mw': '€150Th.', 'datum_mw': 'Jul 21, 2020', 'x': 1595282400000, 'marker': {'symbol': 'url(https://tmssl.akamaized.net/images/wappen/verysmall/23370.png?lm=1423674638)'}}, {'y': 0, 'verein': 'FC Flora Tallinn U21', 'age': '17', 'mw': '-', 'datum_mw': 'May 17, 2021', 'x': 1621202400000, 'marker': {'symbol': 'url(https://tmssl.akamaized.net/images/wappen/verysmall/52310.png?lm=1580891303)'}}, {'y': 50000, 'verein': 'FC Kuressaare', 'age': '18', 'mw': '€50Th.', 'datum_mw': 'Mar 2, 2022', 'x': 1646175600000, 'marker': {'symbol': 'url(https://tmssl.akamaized.net/images/wappen/verysmall/23368.png?lm=1517156958)'}}, {'y': 50000, 'verein': 'FC Kuressaare', 'age': '18', 'mw': '€50Th.', 'datum_mw': 'May 13, 2022', 'x': 1652392800000, 'marker': {'symbol': 'url(https://tmssl.akamaized.net/images/wappen/verysmall/23368.png?lm=1517156958)'}}]}]	XI Sport Management	-	-	2.013'		Tristan Toomas Teeväli
Ralf-Sander Suvinomm	Oct 29, 2001	Tallinn	20		Estonia	Defender - Centre-Back		FC Kuressaare	Jan 1, 2021	Dec 31, 2022			0	17	6	1.00	-	-	5	1	-	-	-			200'	[{'type': 'line', 'name': 'Market value', 'data': [{'y': 50000, 'verein': 'FC Flora Tallinn U21', 'age': '18', 'mw': '€50Th.', 'datum_mw': 'Feb 25, 2020', 'x': 1582585200000, 'marker': {'symbol': 'url(https://tmssl.akamaized.net/images/wappen/verysmall/52310.png?lm=1580891303)'}}, {'y': 50000, 'verein': 'FC Flora Tallinn U21', 'age': '18', 'mw': '€50Th.', 'datum_mw': 'Jul 21, 2020', 'x': 1595282400000, 'marker': {'symbol': 'url(https://tmssl.akamaized.net/images/wappen/verysmall/52310.png?lm=1580891303)'}}, {'y': 25000, 'verein': 'FC Kuressaare', 'age': '19', 'mw': '€25Th.', 'datum_mw': 'Apr 21, 2021', 'x': 1618956000000, 'marker': {'symbol': 'url(https://tmssl.akamaized.net/images/wappen/verysmall/23368.png?lm=1517156958)'}}, {'y': 25000, 'verein': 'FC Kuressaare', 'age': '19', 'mw': '€25Th.', 'datum_mw': 'Jun 30, 2021', 'x': 1625004000000, 'marker': {'symbol': 'url(https://tmssl.akamaized.net/images/wappen/verysmall/23368.png?lm=1517156958)'}}, {'y': 25000, 'verein': 'FC Kuressaare', 'age': '20', 'mw': '€25Th.', 'datum_mw': 'Dec 9, 2021', 'x': 1639004400000, 'marker': {'symbol': 'url(https://tmssl.akamaized.net/images/wappen/verysmall/23368.png?lm=1517156958)'}}, {'y': 50000, 'verein': 'FC Kuressaare', 'age': '20', 'mw': '€50Th.', 'datum_mw': 'May 13, 2022', 'x': 1652392800000, 'marker': {'symbol': 'url(https://tmssl.akamaized.net/images/wappen/verysmall/23368.png?lm=1517156958)'}}]}]		-	-	-	Mar 2, 2022	Ralf-Sander Suvinõmm
Kristjan Kurim	Aug 10, 1998	Tallinn	23		Estonia	Defender - Centre-Back	right	FC Kuressaare	Jan 1, 2022	Dec 31, 2022			0	5	-			-	-	-	-	-	-			-	[{'type': 'line', 'name': 'Market value', 'data': [{'y': 25000, 'verein': 'Paide Linnameeskond', 'age': '18', 'mw': '€25Th.', 'datum_mw': 'Mar 3, 2017', 'x': 1488495600000, 'marker': {'symbol': 'url(https://tmssl.akamaized.net/images/wappen/verysmall/23371.png?lm=1471892177)'}}, {'y': 25000, 'verein': 'Paide Linnameeskond', 'age': '18', 'mw': '€25Th.', 'datum_mw': 'Jun 20, 2017', 'x': 1497909600000, 'marker': {'symbol': 'url(https://tmssl.akamaized.net/images/wappen/verysmall/23371.png?lm=1471892177)'}}, {'y': 25000, 'verein': 'Paide Linnameeskond', 'age': '19', 'mw': '€25Th.', 'datum_mw': 'Dec 4, 2017', 'x': 1512342000000, 'marker': {'symbol': 'url(https://tmssl.akamaized.net/images/wappen/verysmall/23371.png?lm=1471892177)'}}, {'y': 25000, 'verein': 'Kalju FC', 'age': '20', 'mw': '€25Th.', 'datum_mw': 'Jun 11, 2019', 'x': 1560204000000, 'marker': {'symbol': 'url(https://tmssl.akamaized.net/images/wappen/verysmall/22783.png?lm=1543846607)'}}, {'y': 25000, 'verein': 'Kalju FC', 'age': '21', 'mw': '€25Th.', 'datum_mw': 'Oct 9, 2019', 'x': 1570572000000, 'marker': {'symbol': 'url(https://tmssl.akamaized.net/images/wappen/verysmall/22783.png?lm=1543846607)'}}, {'y': 0, 'verein': 'JK Tabasalu', 'age': '22', 'mw': '-', 'datum_mw': 'Mar 9, 2021', 'x': 1615244400000, 'marker': {'symbol': 'url(https://tmssl.akamaized.net/images/wappen/verysmall/29213.png?lm=1519746846)'}}, {'y': 10000, 'verein': 'FC Kuressaare', 'age': '23', 'mw': '€10Th.', 'datum_mw': 'Mar 2, 2022', 'x': 1646175600000, 'marker': {'symbol': 'url(https://tmssl.akamaized.net/images/wappen/verysmall/23368.png?lm=1517156958)'}}, {'y': 10000, 'verein': 'FC Kuressaare', 'age': '23', 'mw': '€10Th.', 'datum_mw': 'May 13, 2022', 'x': 1652392800000, 'marker': {'symbol': 'url(https://tmssl.akamaized.net/images/wappen/verysmall/23368.png?lm=1517156958)'}}]}]		-	-	-		
Mairo Miil	Feb 15, 2000	Tallinn	22		Estonia	Defender - Right-Back	right	FC Kuressaare	Jan 1, 2019	Dec 31, 2022			0	30	28	1.43	1	2	1	2	3	-	-			2.390'	[{'type': 'line', 'name': 'Market value', 'data': [{'y': 25000, 'verein': 'FC Flora Tallinn', 'age': '17', 'mw': '€25Th.', 'datum_mw': 'Feb 21, 2017', 'x': 1487631600000, 'marker': {'symbol': 'url(https://tmssl.akamaized.net/images/wappen/verysmall/1002.png?lm=1580891303)'}}, {'y': 25000, 'verein': 'FC Flora Tallinn', 'age': '17', 'mw': '€25Th.', 'datum_mw': 'Jun 20, 2017', 'x': 1497909600000, 'marker': {'symbol': 'url(https://tmssl.akamaized.net/images/wappen/verysmall/1002.png?lm=1580891303)'}}, {'y': 25000, 'verein': 'FC Flora Tallinn', 'age': '17', 'mw': '€25Th.', 'datum_mw': 'Dec 4, 2017', 'x': 1512342000000, 'marker': {'symbol': 'url(https://tmssl.akamaized.net/images/wappen/verysmall/1002.png?lm=1580891303)'}}, {'y': 50000, 'verein': 'FC Kuressaare', 'age': '18', 'mw': '€50Th.', 'datum_mw': 'Jun 26, 2018', 'x': 1529964000000, 'marker': {'symbol': 'url(https://tmssl.akamaized.net/images/wappen/verysmall/23368.png?lm=1517156958)'}}, {'y': 25000, 'verein': 'FC Kuressaare', 'age': '18', 'mw': '€25Th.', 'datum_mw': 'Nov 14, 2018', 'x': 1542150000000, 'marker': {'symbol': 'url(https://tmssl.akamaized.net/images/wappen/verysmall/23368.png?lm=1517156958)'}}, {'y': 50000, 'verein': 'FC Kuressaare', 'age': '19', 'mw': '€50Th.', 'datum_mw': 'Jun 11, 2019', 'x': 1560204000000, 'marker': {'symbol': 'url(https://tmssl.akamaized.net/images/wappen/verysmall/23368.png?lm=1517156958)'}}, {'y': 50000, 'verein': 'FC Kuressaare', 'age': '19', 'mw': '€50Th.', 'datum_mw': 'Oct 9, 2019', 'x': 1570572000000, 'marker': {'symbol': 'url(https://tmssl.akamaized.net/images/wappen/verysmall/23368.png?lm=1517156958)'}}, {'y': 50000, 'verein': 'FC Kuressaare', 'age': '20', 'mw': '€50Th.', 'datum_mw': 'Jul 21, 2020', 'x': 1595282400000, 'marker': {'symbol': 'url(https://tmssl.akamaized.net/images/wappen/verysmall/23368.png?lm=1517156958)'}}, {'y': 75000, 'verein': 'FC Kuressaare', 'age': '20', 'mw': '€75Th.', 'datum_mw': 'Dec 6, 2020', 'x': 1607209200000, 'marker': {'symbol': 'url(https://tmssl.akamaized.net/images/wappen/verysmall/23368.png?lm=1517156958)'}}, {'y': 75000, 'verein': 'FC Kuressaare', 'age': '21', 'mw': '€75Th.', 'datum_mw': 'Apr 21, 2021', 'x': 1618956000000, 'marker': {'symbol': 'url(https://tmssl.akamaized.net/images/wappen/verysmall/23368.png?lm=1517156958)'}}, {'y': 75000, 'verein': 'FC Kuressaare', 'age': '21', 'mw': '€75Th.', 'datum_mw': 'Jun 30, 2021', 'x': 1625004000000, 'marker': {'symbol': 'url(https://tmssl.akamaized.net/images/wappen/verysmall/23368.png?lm=1517156958)'}}, {'y': 100000, 'verein': 'FC Kuressaare', 'age': '21', 'mw': '€100Th.', 'datum_mw': 'Dec 9, 2021', 'x': 1639004400000, 'marker': {'symbol': 'url(https://tmssl.akamaized.net/images/wappen/verysmall/23368.png?lm=1517156958)'}}, {'y': 150000, 'verein': 'FC Kuressaare', 'age': '22', 'mw': '€150Th.', 'datum_mw': 'May 13, 2022', 'x': 1652392800000, 'marker': {'symbol': 'url(https://tmssl.akamaized.net/images/wappen/verysmall/23368.png?lm=1517156958)'}}]}]		-	-	2.390'		
Rasmus Saar	Mar 2, 2000	Kuressaare	22		Estonia	Defender - Right-Back	right	FC Kuressaare	Jan 4, 2019	Dec 31, 2022			0	31	29	1.21	4	1	6	6	1	-	-			2.029'	[{'type': 'line', 'name': 'Market value', 'data': [{'y': 25000, 'verein': 'FC Kuressaare', 'age': '17', 'mw': '€25Th.', 'datum_mw': 'Feb 26, 2018', 'x': 1519599600000, 'marker': {'symbol': 'url(https://tmssl.akamaized.net/images/wappen/verysmall/23368.png?lm=1517156958)'}}, {'y': 25000, 'verein': 'FC Kuressaare', 'age': '18', 'mw': '€25Th.', 'datum_mw': 'Jun 26, 2018', 'x': 1529964000000, 'marker': {'symbol': 'url(https://tmssl.akamaized.net/images/wappen/verysmall/23368.png?lm=1517156958)'}}, {'y': 50000, 'verein': 'FC Kuressaare', 'age': '18', 'mw': '€50Th.', 'datum_mw': 'Nov 14, 2018', 'x': 1542150000000, 'marker': {'symbol': 'url(https://tmssl.akamaized.net/images/wappen/verysmall/23368.png?lm=1517156958)'}}, {'y': 50000, 'verein': 'FC Kuressaare', 'age': '19', 'mw': '€50Th.', 'datum_mw': 'Jun 11, 2019', 'x': 1560204000000, 'marker': {'symbol': 'url(https://tmssl.akamaized.net/images/wappen/verysmall/23368.png?lm=1517156958)'}}, {'y': 50000, 'verein': 'FC Kuressaare', 'age': '19', 'mw': '€50Th.', 'datum_mw': 'Oct 9, 2019', 'x': 1570572000000, 'marker': {'symbol': 'url(https://tmssl.akamaized.net/images/wappen/verysmall/23368.png?lm=1517156958)'}}, {'y': 50000, 'verein': 'FC Kuressaare', 'age': '20', 'mw': '€50Th.', 'datum_mw': 'Jul 21, 2020', 'x': 1595282400000, 'marker': {'symbol': 'url(https://tmssl.akamaized.net/images/wappen/verysmall/23368.png?lm=1517156958)'}}, {'y': 50000, 'verein': 'FC Kuressaare', 'age': '20', 'mw': '€50Th.', 'datum_mw': 'Dec 6, 2020', 'x': 1607209200000, 'marker': {'symbol': 'url(https://tmssl.akamaized.net/images/wappen/verysmall/23368.png?lm=1517156958)'}}, {'y': 50000, 'verein': 'FC Kuressaare', 'age': '21', 'mw': '€50Th.', 'datum_mw': 'Apr 21, 2021', 'x': 1618956000000, 'marker': {'symbol': 'url(https://tmssl.akamaized.net/images/wappen/verysmall/23368.png?lm=1517156958)'}}, {'y': 50000, 'verein': 'FC Kuressaare', 'age': '21', 'mw': '€50Th.', 'datum_mw': 'Jun 30, 2021', 'x': 1625004000000, 'marker': {'symbol': 'url(https://tmssl.akamaized.net/images/wappen/verysmall/23368.png?lm=1517156958)'}}, {'y': 75000, 'verein': 'FC Kuressaare', 'age': '21', 'mw': '€75Th.', 'datum_mw': 'Dec 9, 2021', 'x': 1639004400000, 'marker': {'symbol': 'url(https://tmssl.akamaized.net/images/wappen/verysmall/23368.png?lm=1517156958)'}}, {'y': 75000, 'verein': 'FC Kuressaare', 'age': '22', 'mw': '€75Th.', 'datum_mw': 'May 13, 2022', 'x': 1652392800000, 'marker': {'symbol': 'url(https://tmssl.akamaized.net/images/wappen/verysmall/23368.png?lm=1517156958)'}}]}]		-	-	507'		
Oliver Rass	May 25, 2000	Tallinn	22		Estonia	midfield - Defensive Midfield	left	FC Kuressaare	Jan 4, 2019	Dec 31, 2022			0	34	24	0.92	2	3	7	9	1	-	-			1.447'	[{'type': 'line', 'name': 'Market value', 'data': [{'y': 25000, 'verein': 'FC Kuressaare', 'age': '17', 'mw': '€25Th.', 'datum_mw': 'Feb 26, 2018', 'x': 1519599600000, 'marker': {'symbol': 'url(https://tmssl.akamaized.net/images/wappen/verysmall/23368.png?lm=1517156958)'}}, {'y': 50000, 'verein': 'FC Kuressaare', 'age': '18', 'mw': '€50Th.', 'datum_mw': 'Jun 26, 2018', 'x': 1529964000000, 'marker': {'symbol': 'url(https://tmssl.akamaized.net/images/wappen/verysmall/23368.png?lm=1517156958)'}}, {'y': 50000, 'verein': 'FC Kuressaare', 'age': '18', 'mw': '€50Th.', 'datum_mw': 'Nov 14, 2018', 'x': 1542150000000, 'marker': {'symbol': 'url(https://tmssl.akamaized.net/images/wappen/verysmall/23368.png?lm=1517156958)'}}, {'y': 50000, 'verein': 'FC Kuressaare', 'age': '19', 'mw': '€50Th.', 'datum_mw': 'Jun 11, 2019', 'x': 1560204000000, 'marker': {'symbol': 'url(https://tmssl.akamaized.net/images/wappen/verysmall/23368.png?lm=1517156958)'}}, {'y': 50000, 'verein': 'FC Kuressaare', 'age': '19', 'mw': '€50Th.', 'datum_mw': 'Oct 9, 2019', 'x': 1570572000000, 'marker': {'symbol': 'url(https://tmssl.akamaized.net/images/wappen/verysmall/23368.png?lm=1517156958)'}}, {'y': 50000, 'verein': 'FC Kuressaare', 'age': '20', 'mw': '€50Th.', 'datum_mw': 'Jul 21, 2020', 'x': 1595282400000, 'marker': {'symbol': 'url(https://tmssl.akamaized.net/images/wappen/verysmall/23368.png?lm=1517156958)'}}, {'y': 75000, 'verein': 'FC Kuressaare', 'age': '20', 'mw': '€75Th.', 'datum_mw': 'Dec 6, 2020', 'x': 1607209200000, 'marker': {'symbol': 'url(https://tmssl.akamaized.net/images/wappen/verysmall/23368.png?lm=1517156958)'}}, {'y': 75000, 'verein': 'FC Kuressaare', 'age': '20', 'mw': '€75Th.', 'datum_mw': 'Apr 21, 2021', 'x': 1618956000000, 'marker': {'symbol': 'url(https://tmssl.akamaized.net/images/wappen/verysmall/23368.png?lm=1517156958)'}}, {'y': 75000, 'verein': 'FC Kuressaare', 'age': '21', 'mw': '€75Th.', 'datum_mw': 'Jun 30, 2021', 'x': 1625004000000, 'marker': {'symbol': 'url(https://tmssl.akamaized.net/images/wappen/verysmall/23368.png?lm=1517156958)'}}, {'y': 75000, 'verein': 'FC Kuressaare', 'age': '21', 'mw': '€75Th.', 'datum_mw': 'Dec 9, 2021', 'x': 1639004400000, 'marker': {'symbol': 'url(https://tmssl.akamaized.net/images/wappen/verysmall/23368.png?lm=1517156958)'}}, {'y': 75000, 'verein': 'FC Kuressaare', 'age': '21', 'mw': '€75Th.', 'datum_mw': 'May 13, 2022', 'x': 1652392800000, 'marker': {'symbol': 'url(https://tmssl.akamaized.net/images/wappen/verysmall/23368.png?lm=1517156958)'}}]}]		-	-	724'		
Sander Seeman	Sep 12, 1992	Salme	29	1,78 m	Estonia	midfield - Defensive Midfield	right	FC Kuressaare	Jul 1, 2017	Dec 31, 2022			0	30	27	1.07	-	1	5	3	4	-	-			2.036'	[{'type': 'line', 'name': 'Market value', 'data': [{'y': 25000, 'verein': 'FC Kuressaare', 'age': '19', 'mw': '€25Th.', 'datum_mw': 'Jan 10, 2012', 'x': 1326150000000, 'marker': {'symbol': 'url(https://tmssl.akamaized.net/images/wappen/verysmall/23368_1517156991.png?lm=1517156991)'}}, {'y': 25000, 'verein': 'FC Kuressaare', 'age': '19', 'mw': '€25Th.', 'datum_mw': 'Jul 18, 2012', 'x': 1342562400000, 'marker': {'symbol': 'url(https://tmssl.akamaized.net/images/wappen/verysmall/23368_1517156991.png?lm=1517156991)'}}, {'y': 0, 'verein': 'FC Kuressaare', 'age': '21', 'mw': '-', 'datum_mw': 'Mar 12, 2014', 'x': 1394578800000, 'marker': {'symbol': 'url(https://tmssl.akamaized.net/images/wappen/verysmall/23368_1517156991.png?lm=1517156991)'}}, {'y': 25000, 'verein': 'FC Kuressaare', 'age': '25', 'mw': '€25Th.', 'datum_mw': 'Feb 26, 2018', 'x': 1519599600000, 'marker': {'symbol': 'url(https://tmssl.akamaized.net/images/wappen/verysmall/23368.png?lm=1517156958)'}}, {'y': 25000, 'verein': 'FC Kuressaare', 'age': '25', 'mw': '€25Th.', 'datum_mw': 'Jun 26, 2018', 'x': 1529964000000, 'marker': {'symbol': 'url(https://tmssl.akamaized.net/images/wappen/verysmall/23368.png?lm=1517156958)'}}, {'y': 25000, 'verein': 'FC Kuressaare', 'age': '26', 'mw': '€25Th.', 'datum_mw': 'Nov 14, 2018', 'x': 1542150000000, 'marker': {'symbol': 'url(https://tmssl.akamaized.net/images/wappen/verysmall/23368.png?lm=1517156958)'}}, {'y': 50000, 'verein': 'FC Kuressaare', 'age': '26', 'mw': '€50Th.', 'datum_mw': 'Jun 11, 2019', 'x': 1560204000000, 'marker': {'symbol': 'url(https://tmssl.akamaized.net/images/wappen/verysmall/23368.png?lm=1517156958)'}}, {'y': 50000, 'verein': 'FC Kuressaare', 'age': '27', 'mw': '€50Th.', 'datum_mw': 'Oct 9, 2019', 'x': 1570572000000, 'marker': {'symbol': 'url(https://tmssl.akamaized.net/images/wappen/verysmall/23368.png?lm=1517156958)'}}, {'y': 50000, 'verein': 'FC Kuressaare', 'age': '27', 'mw': '€50Th.', 'datum_mw': 'Jul 21, 2020', 'x': 1595282400000, 'marker': {'symbol': 'url(https://tmssl.akamaized.net/images/wappen/verysmall/23368.png?lm=1517156958)'}}, {'y': 50000, 'verein': 'FC Kuressaare', 'age': '28', 'mw': '€50Th.', 'datum_mw': 'Dec 6, 2020', 'x': 1607209200000, 'marker': {'symbol': 'url(https://tmssl.akamaized.net/images/wappen/verysmall/23368.png?lm=1517156958)'}}, {'y': 50000, 'verein': 'FC Kuressaare', 'age': '28', 'mw': '€50Th.', 'datum_mw': 'Apr 21, 2021', 'x': 1618956000000, 'marker': {'symbol': 'url(https://tmssl.akamaized.net/images/wappen/verysmall/23368.png?lm=1517156958)'}}, {'y': 50000, 'verein': 'FC Kuressaare', 'age': '28', 'mw': '€50Th.', 'datum_mw': 'Jun 30, 2021', 'x': 1625004000000, 'marker': {'symbol': 'url(https://tmssl.akamaized.net/images/wappen/verysmall/23368.png?lm=1517156958)'}}, {'y': 50000, 'verein': 'FC Kuressaare', 'age': '29', 'mw': '€50Th.', 'datum_mw': 'Dec 9, 2021', 'x': 1639004400000, 'marker': {'symbol': 'url(https://tmssl.akamaized.net/images/wappen/verysmall/23368.png?lm=1517156958)'}}, {'y': 50000, 'verein': 'FC Kuressaare', 'age': '29', 'mw': '€50Th.', 'datum_mw': 'May 13, 2022', 'x': 1652392800000, 'marker': {'symbol': 'url(https://tmssl.akamaized.net/images/wappen/verysmall/23368.png?lm=1517156958)'}}]}]		-	-	-	Feb 16, 2022	
Rauno Tutk	Apr 10, 1988	Lohu	34	1,90 m	Estonia	midfield - Defensive Midfield	right	FC Kuressaare	Feb 19, 2019	Dec 31, 2022			0	26	24	1.25	-	1	6	7	2	-	-			1.645'	[{'type': 'line', 'name': 'Market value', 'data': [{'y': 50000, 'verein': 'JK Viljandi Tulevik', 'age': '21', 'mw': '€50Th.', 'datum_mw': 'Aug 27, 2009', 'x': 1251324000000, 'marker': {'symbol': 'url(https://tmssl.akamaized.net/images/wappen/verysmall/32395.png?lm=1423674327)'}}, {'y': 75000, 'verein': 'JK Viljandi Tulevik', 'age': '22', 'mw': '€75Th.', 'datum_mw': 'Jul 13, 2010', 'x': 1278972000000, 'marker': {'symbol': 'url(https://tmssl.akamaized.net/images/wappen/verysmall/32395.png?lm=1423674327)'}}, {'y': 75000, 'verein': 'FC Viljandi', 'age': '23', 'mw': '€75Th.', 'datum_mw': 'May 1, 2011', 'x': 1304200800000, 'marker': {'symbol': 'url(https://tmssl.akamaized.net/images/wappen/verysmall/19330.png?lm=1457444228)'}}, {'y': 100000, 'verein': 'FC Viljandi', 'age': '23', 'mw': '€100Th.', 'datum_mw': 'Dec 8, 2011', 'x': 1323298800000, 'marker': {'symbol': 'url(https://tmssl.akamaized.net/images/wappen/verysmall/19330.png?lm=1457444228)'}}, {'y': 75000, 'verein': 'JK Tammeka Tartu', 'age': '24', 'mw': '€75Th.', 'datum_mw': 'Jul 18, 2012', 'x': 1342562400000, 'marker': {'symbol': 'url(https://tmssl.akamaized.net/images/wappen/verysmall/23369.png?lm=1423674114)'}}, {'y': 100000, 'verein': 'JK Tammeka Tartu', 'age': '24', 'mw': '€100Th.', 'datum_mw': 'Feb 6, 2013', 'x': 1360105200000, 'marker': {'symbol': 'url(https://tmssl.akamaized.net/images/wappen/verysmall/23369.png?lm=1423674114)'}}, {'y': 0, 'verein': 'JK Tammeka Tartu', 'age': '25', 'mw': '-', 'datum_mw': 'Jul 27, 2013', 'x': 1374876000000, 'marker': {'symbol': 'url(https://tmssl.akamaized.net/images/wappen/verysmall/23369.png?lm=1423674114)'}}, {'y': 100000, 'verein': 'Paide Linnameeskond', 'age': '25', 'mw': '€100Th.', 'datum_mw': 'Aug 7, 2013', 'x': 1375826400000, 'marker': {'symbol': 'url(https://tmssl.akamaized.net/images/wappen/verysmall/23371.png?lm=1471892177)'}}, {'y': 75000, 'verein': 'Paide Linnameeskond', 'age': '25', 'mw': '€75Th.', 'datum_mw': 'Nov 25, 2013', 'x': 1385334000000, 'marker': {'symbol': 'url(https://tmssl.akamaized.net/images/wappen/verysmall/23371.png?lm=1471892177)'}}, {'y': 25000, 'verein': 'Paide Linnameeskond', 'age': '26', 'mw': '€25Th.', 'datum_mw': 'Jul 1, 2014', 'x': 1404165600000, 'marker': {'symbol': 'url(https://tmssl.akamaized.net/images/wappen/verysmall/23371.png?lm=1471892177)'}}, {'y': 25000, 'verein': 'Jalgpallikool Tammeka', 'age': '26', 'mw': '€25Th.', 'datum_mw': 'Nov 11, 2014', 'x': 1415660400000, 'marker': {'symbol': 'url(https://tmssl.akamaized.net/images/wappen/verysmall/43214.png?lm=1548950482)'}}, {'y': 50000, 'verein': 'Pärnu Linnameeskond', 'age': '26', 'mw': '€50Th.', 'datum_mw': 'Mar 10, 2015', 'x': 1425942000000, 'marker': {'symbol': 'url(https://tmssl.akamaized.net/images/wappen/verysmall/25408.png?lm=1423674192)'}}, {'y': 50000, 'verein': 'Pärnu Linnameeskond', 'age': '27', 'mw': '€50Th.', 'datum_mw': 'Jun 25, 2015', 'x': 1435183200000, 'marker': {'symbol': 'url(https://tmssl.akamaized.net/images/wappen/verysmall/25408.png?lm=1423674192)'}}, {'y': 75000, 'verein': 'Pärnu Linnameeskond', 'age': '27', 'mw': '€75Th.', 'datum_mw': 'Nov 13, 2015', 'x': 1447369200000, 'marker': {'symbol': 'url(https://tmssl.akamaized.net/images/wappen/verysmall/25408.png?lm=1423674192)'}}, {'y': 75000, 'verein': 'Pärnu Linnameeskond', 'age': '28', 'mw': '€75Th.', 'datum_mw': 'Jul 9, 2016', 'x': 1468015200000, 'marker': {'symbol': 'url(https://tmssl.akamaized.net/images/wappen/verysmall/25408.png?lm=1423674192)'}}, {'y': 75000, 'verein': 'Pärnu Linnameeskond', 'age': '28', 'mw': '€75Th.', 'datum_mw': 'Nov 7, 2016', 'x': 1478473200000, 'marker': {'symbol': 'url(https://tmssl.akamaized.net/images/wappen/verysmall/25408.png?lm=1423674192)'}}, {'y': 75000, 'verein': 'Pärnu JK Vaprus', 'age': '28', 'mw': '€75Th.', 'datum_mw': 'Mar 3, 2017', 'x': 1488495600000, 'marker': {'symbol': 'url(https://tmssl.akamaized.net/images/wappen/verysmall/33579.png?lm=1488963181)'}}, {'y': 50000, 'verein': 'Pärnu JK Vaprus', 'age': '29', 'mw': '€50Th.', 'datum_mw': 'Jun 20, 2017', 'x': 1497909600000, 'marker': {'symbol': 'url(https://tmssl.akamaized.net/images/wappen/verysmall/33579.png?lm=1488963181)'}}, {'y': 50000, 'verein': 'Pärnu JK Vaprus', 'age': '29', 'mw': '€50Th.', 'datum_mw': 'Dec 4, 2017', 'x': 1512342000000, 'marker': {'symbol': 'url(https://tmssl.akamaized.net/images/wappen/verysmall/33579.png?lm=1488963181)'}}, {'y': 50000, 'verein': 'Pärnu JK Vaprus', 'age': '30', 'mw': '€50Th.', 'datum_mw': 'Jun 26, 2018', 'x': 1529964000000, 'marker': {'symbol': 'url(https://tmssl.akamaized.net/images/wappen/verysmall/33579.png?lm=1488963181)'}}, {'y': 50000, 'verein': 'Pärnu JK Vaprus', 'age': '30', 'mw': '€50Th.', 'datum_mw': 'Nov 14, 2018', 'x': 1542150000000, 'marker': {'symbol': 'url(https://tmssl.akamaized.net/images/wappen/verysmall/33579.png?lm=1488963181)'}}, {'y': 50000, 'verein': 'FC Kuressaare', 'age': '31', 'mw': '€50Th.', 'datum_mw': 'Jun 11, 2019', 'x': 1560204000000, 'marker': {'symbol': 'url(https://tmssl.akamaized.net/images/wappen/verysmall/23368.png?lm=1517156958)'}}, {'y': 50000, 'verein': 'FC Kuressaare', 'age': '31', 'mw': '€50Th.', 'datum_mw': 'Oct 9, 2019', 'x': 1570572000000, 'marker': {'symbol': 'url(https://tmssl.akamaized.net/images/wappen/verysmall/23368.png?lm=1517156958)'}}, {'y': 50000, 'verein': 'FC Kuressaare', 'age': '32', 'mw': '€50Th.', 'datum_mw': 'Jul 21, 2020', 'x': 1595282400000, 'marker': {'symbol': 'url(https://tmssl.akamaized.net/images/wappen/verysmall/23368.png?lm=1517156958)'}}, {'y': 50000, 'verein': 'FC Kuressaare', 'age': '32', 'mw': '€50Th.', 'datum_mw': 'Dec 6, 2020', 'x': 1607209200000, 'marker': {'symbol': 'url(https://tmssl.akamaized.net/images/wappen/verysmall/23368.png?lm=1517156958)'}}, {'y': 25000, 'verein': 'FC Kuressaare', 'age': '33', 'mw': '€25Th.', 'datum_mw': 'Apr 21, 2021', 'x': 1618956000000, 'marker': {'symbol': 'url(https://tmssl.akamaized.net/images/wappen/verysmall/23368.png?lm=1517156958)'}}, {'y': 25000, 'verein': 'FC Kuressaare', 'age': '33', 'mw': '€25Th.', 'datum_mw': 'Jun 30, 2021', 'x': 1625004000000, 'marker': {'symbol': 'url(https://tmssl.akamaized.net/images/wappen/verysmall/23368.png?lm=1517156958)'}}, {'y': 25000, 'verein': 'FC Kuressaare', 'age': '33', 'mw': '€25Th.', 'datum_mw': 'Dec 9, 2021', 'x': 1639004400000, 'marker': {'symbol': 'url(https://tmssl.akamaized.net/images/wappen/verysmall/23368.png?lm=1517156958)'}}, {'y': 25000, 'verein': 'FC Kuressaare', 'age': '34', 'mw': '€25Th.', 'datum_mw': 'May 13, 2022', 'x': 1652392800000, 'marker': {'symbol': 'url(https://tmssl.akamaized.net/images/wappen/verysmall/23368.png?lm=1517156958)'}}]}]		1	-	-		
Sten-Egert Paap	Jan 12, 2003	Tallinn	19		Estonia	midfield - Defensive Midfield		FC Kuressaare	Jan 1, 2022	Dec 31, 2022			0	23	23	1.65	-	-	11	12	3	-	-			967'	[{'type': 'line', 'name': 'Market value', 'data': [{'y': 25000, 'verein': 'FC Kuressaare', 'age': '19', 'mw': '€25Th.', 'datum_mw': 'Mar 2, 2022', 'x': 1646175600000, 'marker': {'symbol': 'url(https://tmssl.akamaized.net/images/wappen/verysmall/23368.png?lm=1517156958)'}}, {'y': 25000, 'verein': 'FC Kuressaare', 'age': '19', 'mw': '€25Th.', 'datum_mw': 'May 13, 2022', 'x': 1652392800000, 'marker': {'symbol': 'url(https://tmssl.akamaized.net/images/wappen/verysmall/23368.png?lm=1517156958)'}}]}]		-	-	-		
Silver Alex Kelder	Oct 22, 1995	Tallinn	26		Estonia	midfield - Central Midfield	right	FC Kuressaare	Feb 16, 2019	Dec 31, 2022			0	30	29	1.38	11	4	1	4	9	2	-			2.415'	[{'type': 'line', 'name': 'Market value', 'data': [{'y': 0, 'verein': 'Kalev Tallinn', 'age': '21', 'mw': '-', 'datum_mw': 'Mar 3, 2017', 'x': 1488495600000, 'marker': {'symbol': 'url(https://tmssl.akamaized.net/images/wappen/verysmall/23370.png?lm=1423674638)'}}, {'y': 25000, 'verein': 'FC Kuressaare', 'age': '23', 'mw': '€25Th.', 'datum_mw': 'Feb 26, 2019', 'x': 1551135600000, 'marker': {'symbol': 'url(https://tmssl.akamaized.net/images/wappen/verysmall/23368.png?lm=1517156958)'}}, {'y': 25000, 'verein': 'FC Kuressaare', 'age': '23', 'mw': '€25Th.', 'datum_mw': 'Jun 11, 2019', 'x': 1560204000000, 'marker': {'symbol': 'url(https://tmssl.akamaized.net/images/wappen/verysmall/23368.png?lm=1517156958)'}}, {'y': 25000, 'verein': 'FC Kuressaare', 'age': '23', 'mw': '€25Th.', 'datum_mw': 'Oct 9, 2019', 'x': 1570572000000, 'marker': {'symbol': 'url(https://tmssl.akamaized.net/images/wappen/verysmall/23368.png?lm=1517156958)'}}, {'y': 50000, 'verein': 'FC Kuressaare', 'age': '24', 'mw': '€50Th.', 'datum_mw': 'Jul 21, 2020', 'x': 1595282400000, 'marker': {'symbol': 'url(https://tmssl.akamaized.net/images/wappen/verysmall/23368.png?lm=1517156958)'}}, {'y': 50000, 'verein': 'FC Kuressaare', 'age': '25', 'mw': '€50Th.', 'datum_mw': 'Dec 6, 2020', 'x': 1607209200000, 'marker': {'symbol': 'url(https://tmssl.akamaized.net/images/wappen/verysmall/23368.png?lm=1517156958)'}}, {'y': 50000, 'verein': 'FC Kuressaare', 'age': '25', 'mw': '€50Th.', 'datum_mw': 'Apr 21, 2021', 'x': 1618956000000, 'marker': {'symbol': 'url(https://tmssl.akamaized.net/images/wappen/verysmall/23368.png?lm=1517156958)'}}, {'y': 50000, 'verein': 'FC Kuressaare', 'age': '25', 'mw': '€50Th.', 'datum_mw': 'Jun 30, 2021', 'x': 1625004000000, 'marker': {'symbol': 'url(https://tmssl.akamaized.net/images/wappen/verysmall/23368.png?lm=1517156958)'}}, {'y': 100000, 'verein': 'FC Kuressaare', 'age': '26', 'mw': '€100Th.', 'datum_mw': 'Dec 9, 2021', 'x': 1639004400000, 'marker': {'symbol': 'url(https://tmssl.akamaized.net/images/wappen/verysmall/23368.png?lm=1517156958)'}}, {'y': 100000, 'verein': 'FC Kuressaare', 'age': '26', 'mw': '€100Th.', 'datum_mw': 'May 13, 2022', 'x': 1652392800000, 'marker': {'symbol': 'url(https://tmssl.akamaized.net/images/wappen/verysmall/23368.png?lm=1517156958)'}}]}]		-	-	220'		
Daniel Tuhkanen	Feb 26, 2001	Tallinn	21	1,80 m	Estonia	midfield - Central Midfield	right	FC Kuressaare	Feb 6, 2022	Dec 31, 2022			0	34	20	1.10	1	-	5	6	3	-	-			1.326'	[{'type': 'line', 'name': 'Market value', 'data': [{'y': 25000, 'verein': 'FC Kuressaare', 'age': '18', 'mw': '€25Th.', 'datum_mw': 'Feb 25, 2020', 'x': 1582585200000, 'marker': {'symbol': 'url(https://tmssl.akamaized.net/images/wappen/verysmall/23368.png?lm=1517156958)'}}, {'y': 50000, 'verein': 'FC Kuressaare', 'age': '19', 'mw': '€50Th.', 'datum_mw': 'Jul 21, 2020', 'x': 1595282400000, 'marker': {'symbol': 'url(https://tmssl.akamaized.net/images/wappen/verysmall/23368.png?lm=1517156958)'}}, {'y': 50000, 'verein': 'FC Kuressaare', 'age': '19', 'mw': '€50Th.', 'datum_mw': 'Dec 6, 2020', 'x': 1607209200000, 'marker': {'symbol': 'url(https://tmssl.akamaized.net/images/wappen/verysmall/23368.png?lm=1517156958)'}}, {'y': 50000, 'verein': 'JK Viljandi Tulevik', 'age': '20', 'mw': '€50Th.', 'datum_mw': 'Apr 21, 2021', 'x': 1618956000000, 'marker': {'symbol': 'url(https://tmssl.akamaized.net/images/wappen/verysmall/32395.png?lm=1423674327)'}}, {'y': 25000, 'verein': 'JK Viljandi Tulevik', 'age': '20', 'mw': '€25Th.', 'datum_mw': 'Jun 30, 2021', 'x': 1625004000000, 'marker': {'symbol': 'url(https://tmssl.akamaized.net/images/wappen/verysmall/32395.png?lm=1423674327)'}}, {'y': 50000, 'verein': 'JK Viljandi Tulevik', 'age': '20', 'mw': '€50Th.', 'datum_mw': 'Dec 9, 2021', 'x': 1639004400000, 'marker': {'symbol': 'url(https://tmssl.akamaized.net/images/wappen/verysmall/32395.png?lm=1423674327)'}}, {'y': 25000, 'verein': 'FC Kuressaare', 'age': '21', 'mw': '€25Th.', 'datum_mw': 'May 13, 2022', 'x': 1652392800000, 'marker': {'symbol': 'url(https://tmssl.akamaized.net/images/wappen/verysmall/23368.png?lm=1517156958)'}}]}]		-	-	1.326'		
Aleksander Iljin	Sep 5, 2002	Tartu	19	1,77 m	Estonia	midfield - Central Midfield		FC Kuressaare	Jan 1, 2021	Dec 31, 2022	FC Flora Tallinn U21	Dec 31, 2023	0	23	6	1.33	-	-	4	-	1	-	-			289'	[{'type': 'line', 'name': 'Market value', 'data': [{'y': 25000, 'verein': 'FC Kuressaare', 'age': '18', 'mw': '€25Th.', 'datum_mw': 'Feb 25, 2021', 'x': 1614207600000, 'marker': {'symbol': 'url(https://tmssl.akamaized.net/images/wappen/verysmall/23368.png?lm=1517156958)'}}, {'y': 25000, 'verein': 'FC Kuressaare', 'age': '18', 'mw': '€25Th.', 'datum_mw': 'Apr 21, 2021', 'x': 1618956000000, 'marker': {'symbol': 'url(https://tmssl.akamaized.net/images/wappen/verysmall/23368.png?lm=1517156958)'}}, {'y': 25000, 'verein': 'FC Kuressaare', 'age': '18', 'mw': '€25Th.', 'datum_mw': 'Jun 30, 2021', 'x': 1625004000000, 'marker': {'symbol': 'url(https://tmssl.akamaized.net/images/wappen/verysmall/23368.png?lm=1517156958)'}}, {'y': 25000, 'verein': 'FC Kuressaare', 'age': '19', 'mw': '€25Th.', 'datum_mw': 'Dec 9, 2021', 'x': 1639004400000, 'marker': {'symbol': 'url(https://tmssl.akamaized.net/images/wappen/verysmall/23368.png?lm=1517156958)'}}, {'y': 25000, 'verein': 'FC Kuressaare', 'age': '19', 'mw': '€25Th.', 'datum_mw': 'May 13, 2022', 'x': 1652392800000, 'marker': {'symbol': 'url(https://tmssl.akamaized.net/images/wappen/verysmall/23368.png?lm=1517156958)'}}]}]		-	-	-		
Sten Penzev	Dec 13, 2001	Tallinn	20		Estonia	midfield - Right Midfield		FC Kuressaare	Jan 1, 2022	Dec 31, 2022			0	20	5	1.20	-	-	4	2	2	-	-			128'	[{'type': 'line', 'name': 'Market value', 'data': [{'y': 25000, 'verein': 'FC Kuressaare', 'age': '18', 'mw': '€25Th.', 'datum_mw': 'Feb 25, 2020', 'x': 1582585200000, 'marker': {'symbol': 'url(https://tmssl.akamaized.net/images/wappen/verysmall/23368.png?lm=1517156958)'}}, {'y': 25000, 'verein': 'FC Kuressaare', 'age': '18', 'mw': '€25Th.', 'datum_mw': 'Jul 21, 2020', 'x': 1595282400000, 'marker': {'symbol': 'url(https://tmssl.akamaized.net/images/wappen/verysmall/23368.png?lm=1517156958)'}}, {'y': 25000, 'verein': 'FC Kuressaare', 'age': '18', 'mw': '€25Th.', 'datum_mw': 'Dec 6, 2020', 'x': 1607209200000, 'marker': {'symbol': 'url(https://tmssl.akamaized.net/images/wappen/verysmall/23368.png?lm=1517156958)'}}, {'y': 25000, 'verein': 'FC Kuressaare', 'age': '19', 'mw': '€25Th.', 'datum_mw': 'Apr 21, 2021', 'x': 1618956000000, 'marker': {'symbol': 'url(https://tmssl.akamaized.net/images/wappen/verysmall/23368.png?lm=1517156958)'}}, {'y': 25000, 'verein': 'FC Kuressaare', 'age': '19', 'mw': '€25Th.', 'datum_mw': 'Jun 30, 2021', 'x': 1625004000000, 'marker': {'symbol': 'url(https://tmssl.akamaized.net/images/wappen/verysmall/23368.png?lm=1517156958)'}}, {'y': 25000, 'verein': 'FC Kuressaare', 'age': '19', 'mw': '€25Th.', 'datum_mw': 'Dec 9, 2021', 'x': 1639004400000, 'marker': {'symbol': 'url(https://tmssl.akamaized.net/images/wappen/verysmall/23368.png?lm=1517156958)'}}, {'y': 10000, 'verein': 'FC Kuressaare', 'age': '20', 'mw': '€10Th.', 'datum_mw': 'May 13, 2022', 'x': 1652392800000, 'marker': {'symbol': 'url(https://tmssl.akamaized.net/images/wappen/verysmall/23368.png?lm=1517156958)'}}]}]		-	-	-		
Artjom Jermatsenko	Nov 14, 2001	Tallinn	20		Estonia	midfield - Attacking Midfield	right	FC Kuressaare	Jan 1, 2022	Dec 31, 2022			0	25	23	1.17	2	2	12	10	-	-	-			1.040'	[{'type': 'line', 'name': 'Market value', 'data': [{'y': 25000, 'verein': 'FC Kuressaare', 'age': '19', 'mw': '€25Th.', 'datum_mw': 'Feb 25, 2021', 'x': 1614207600000, 'marker': {'symbol': 'url(https://tmssl.akamaized.net/images/wappen/verysmall/23368.png?lm=1517156958)'}}, {'y': 25000, 'verein': 'FC Kuressaare', 'age': '19', 'mw': '€25Th.', 'datum_mw': 'Apr 21, 2021', 'x': 1618956000000, 'marker': {'symbol': 'url(https://tmssl.akamaized.net/images/wappen/verysmall/23368.png?lm=1517156958)'}}, {'y': 25000, 'verein': 'FC Kuressaare', 'age': '19', 'mw': '€25Th.', 'datum_mw': 'Jun 30, 2021', 'x': 1625004000000, 'marker': {'symbol': 'url(https://tmssl.akamaized.net/images/wappen/verysmall/23368.png?lm=1517156958)'}}, {'y': 50000, 'verein': 'FC Kuressaare', 'age': '20', 'mw': '€50Th.', 'datum_mw': 'Dec 9, 2021', 'x': 1639004400000, 'marker': {'symbol': 'url(https://tmssl.akamaized.net/images/wappen/verysmall/23368.png?lm=1517156958)'}}, {'y': 25000, 'verein': 'FC Kuressaare', 'age': '20', 'mw': '€25Th.', 'datum_mw': 'May 13, 2022', 'x': 1652392800000, 'marker': {'symbol': 'url(https://tmssl.akamaized.net/images/wappen/verysmall/23368.png?lm=1517156958)'}}]}]		-	-	520'		Artjom Jermatšenko
Michael Schjönning-Larsen	Feb 2, 2001	Stenløse	21	1,87 m	"Estonia
  Denmark"	attack - Left Winger	both	FC Kuressaare	Jan 1, 2021	Dec 31, 2022			0	32	29	1.07	-	3	1	8	8	-	-			2.393'	[{'type': 'line', 'name': 'Market value', 'data': [{'y': 25000, 'verein': 'FC Kuressaare', 'age': '19', 'mw': '€25Th.', 'datum_mw': 'Feb 25, 2020', 'x': 1582585200000, 'marker': {'symbol': 'url(https://tmssl.akamaized.net/images/wappen/verysmall/23368.png?lm=1517156958)'}}, {'y': 25000, 'verein': 'FC Kuressaare', 'age': '19', 'mw': '€25Th.', 'datum_mw': 'Jul 21, 2020', 'x': 1595282400000, 'marker': {'symbol': 'url(https://tmssl.akamaized.net/images/wappen/verysmall/23368.png?lm=1517156958)'}}, {'y': 25000, 'verein': 'FC Kuressaare', 'age': '19', 'mw': '€25Th.', 'datum_mw': 'Dec 6, 2020', 'x': 1607209200000, 'marker': {'symbol': 'url(https://tmssl.akamaized.net/images/wappen/verysmall/23368.png?lm=1517156958)'}}, {'y': 50000, 'verein': 'FC Kuressaare', 'age': '20', 'mw': '€50Th.', 'datum_mw': 'Apr 21, 2021', 'x': 1618956000000, 'marker': {'symbol': 'url(https://tmssl.akamaized.net/images/wappen/verysmall/23368.png?lm=1517156958)'}}, {'y': 75000, 'verein': 'FC Kuressaare', 'age': '20', 'mw': '€75Th.', 'datum_mw': 'Jun 30, 2021', 'x': 1625004000000, 'marker': {'symbol': 'url(https://tmssl.akamaized.net/images/wappen/verysmall/23368.png?lm=1517156958)'}}, {'y': 100000, 'verein': 'FC Kuressaare', 'age': '20', 'mw': '€100Th.', 'datum_mw': 'Dec 9, 2021', 'x': 1639004400000, 'marker': {'symbol': 'url(https://tmssl.akamaized.net/images/wappen/verysmall/23368.png?lm=1517156958)'}}, {'y': 100000, 'verein': 'FC Kuressaare', 'age': '21', 'mw': '€100Th.', 'datum_mw': 'May 13, 2022', 'x': 1652392800000, 'marker': {'symbol': 'url(https://tmssl.akamaized.net/images/wappen/verysmall/23368.png?lm=1517156958)'}}]}]	in4 sports	-	-	-		Michael Schjønning-Larsen
Joonas Soomre	May 17, 2000	Märjamaa	22		Estonia	attack - Right Winger	right	FC Kuressaare	Jan 1, 2020	Dec 31, 2022			0	13	13	1.46	2	-	6	4	2	-	-			719'	[{'type': 'line', 'name': 'Market value', 'data': [{'y': 25000, 'verein': 'FC Kuressaare', 'age': '19', 'mw': '€25Th.', 'datum_mw': 'Jul 19, 2019', 'x': 1563487200000, 'marker': {'symbol': 'url(https://tmssl.akamaized.net/images/wappen/verysmall/23368.png?lm=1517156958)'}}, {'y': 50000, 'verein': 'FC Kuressaare', 'age': '19', 'mw': '€50Th.', 'datum_mw': 'Oct 9, 2019', 'x': 1570572000000, 'marker': {'symbol': 'url(https://tmssl.akamaized.net/images/wappen/verysmall/23368.png?lm=1517156958)'}}, {'y': 75000, 'verein': 'FC Kuressaare', 'age': '20', 'mw': '€75Th.', 'datum_mw': 'Jul 21, 2020', 'x': 1595282400000, 'marker': {'symbol': 'url(https://tmssl.akamaized.net/images/wappen/verysmall/23368.png?lm=1517156958)'}}, {'y': 75000, 'verein': 'FC Kuressaare', 'age': '20', 'mw': '€75Th.', 'datum_mw': 'Dec 6, 2020', 'x': 1607209200000, 'marker': {'symbol': 'url(https://tmssl.akamaized.net/images/wappen/verysmall/23368.png?lm=1517156958)'}}, {'y': 75000, 'verein': 'FC Kuressaare', 'age': '20', 'mw': '€75Th.', 'datum_mw': 'Apr 21, 2021', 'x': 1618956000000, 'marker': {'symbol': 'url(https://tmssl.akamaized.net/images/wappen/verysmall/23368.png?lm=1517156958)'}}, {'y': 75000, 'verein': 'FC Kuressaare', 'age': '21', 'mw': '€75Th.', 'datum_mw': 'Jun 30, 2021', 'x': 1625004000000, 'marker': {'symbol': 'url(https://tmssl.akamaized.net/images/wappen/verysmall/23368.png?lm=1517156958)'}}, {'y': 75000, 'verein': 'FC Kuressaare', 'age': '21', 'mw': '€75Th.', 'datum_mw': 'Dec 9, 2021', 'x': 1639004400000, 'marker': {'symbol': 'url(https://tmssl.akamaized.net/images/wappen/verysmall/23368.png?lm=1517156958)'}}, {'y': 50000, 'verein': 'FC Kuressaare', 'age': '21', 'mw': '€50Th.', 'datum_mw': 'May 13, 2022', 'x': 1652392800000, 'marker': {'symbol': 'url(https://tmssl.akamaized.net/images/wappen/verysmall/23368.png?lm=1517156958)'}}]}]		-	-	360'		
Mattias Männilaan	Sep 8, 2001	Tallinn	20	1,89 m	Estonia	attack - Centre-Forward	right	FC Kuressaare	Feb 26, 2022	Jun 30, 2022	FC Flora Tallinn U21	Dec 31, 2024	0	29	29	1.28	19	2	2	8	3	-	-			2.355'	[{'type': 'line', 'name': 'Market value', 'data': [{'y': 50000, 'verein': 'FC Kuressaare', 'age': '18', 'mw': '€50Th.', 'datum_mw': 'Jul 21, 2020', 'x': 1595282400000, 'marker': {'symbol': 'url(https://tmssl.akamaized.net/images/wappen/verysmall/23368.png?lm=1517156958)'}}, {'y': 75000, 'verein': 'FC Kuressaare', 'age': '19', 'mw': '€75Th.', 'datum_mw': 'Dec 6, 2020', 'x': 1607209200000, 'marker': {'symbol': 'url(https://tmssl.akamaized.net/images/wappen/verysmall/23368.png?lm=1517156958)'}}, {'y': 75000, 'verein': 'FC Kuressaare', 'age': '19', 'mw': '€75Th.', 'datum_mw': 'Apr 21, 2021', 'x': 1618956000000, 'marker': {'symbol': 'url(https://tmssl.akamaized.net/images/wappen/verysmall/23368.png?lm=1517156958)'}}, {'y': 100000, 'verein': 'FC Kuressaare', 'age': '19', 'mw': '€100Th.', 'datum_mw': 'Jun 30, 2021', 'x': 1625004000000, 'marker': {'symbol': 'url(https://tmssl.akamaized.net/images/wappen/verysmall/23368.png?lm=1517156958)'}}, {'y': 150000, 'verein': 'FC Kuressaare', 'age': '20', 'mw': '€150Th.', 'datum_mw': 'Dec 9, 2021', 'x': 1639004400000, 'marker': {'symbol': 'url(https://tmssl.akamaized.net/images/wappen/verysmall/23368.png?lm=1517156958)'}}, {'y': 200000, 'verein': 'FC Kuressaare', 'age': '20', 'mw': '€200Th.', 'datum_mw': 'May 13, 2022', 'x': 1652392800000, 'marker': {'symbol': 'url(https://tmssl.akamaized.net/images/wappen/verysmall/23368.png?lm=1517156958)'}}]}]	Trequartista Football Man.	-	-	124'		
Sten Reinkort	Apr 29, 1998	Tartu	24		Estonia	attack - Centre-Forward	right	FC Kuressaare	Jan 18, 2022	Dec 31, 2022	FC Flora Tallinn	Dec 31, 2023	0	33	27	2.04	2	5	15	7	1	-	-			1.026'	[{'type': 'line', 'name': 'Market value', 'data': [{'y': 50000, 'verein': 'Jalgpallikool Tammeka', 'age': '20', 'mw': '€50Th.', 'datum_mw': 'Feb 25, 2019', 'x': 1551049200000, 'marker': {'symbol': 'url(https://tmssl.akamaized.net/images/wappen/verysmall/43214.png?lm=1548950482)'}}, {'y': 50000, 'verein': 'Jalgpallikool Tammeka', 'age': '21', 'mw': '€50Th.', 'datum_mw': 'Jun 11, 2019', 'x': 1560204000000, 'marker': {'symbol': 'url(https://tmssl.akamaized.net/images/wappen/verysmall/43214.png?lm=1548950482)'}}, {'y': 100000, 'verein': 'Jalgpallikool Tammeka', 'age': '21', 'mw': '€100Th.', 'datum_mw': 'Oct 9, 2019', 'x': 1570572000000, 'marker': {'symbol': 'url(https://tmssl.akamaized.net/images/wappen/verysmall/43214.png?lm=1548950482)'}}, {'y': 100000, 'verein': 'Jalgpallikool Tammeka', 'age': '22', 'mw': '€100Th.', 'datum_mw': 'Jul 21, 2020', 'x': 1595282400000, 'marker': {'symbol': 'url(https://tmssl.akamaized.net/images/wappen/verysmall/43214.png?lm=1548950482)'}}, {'y': 150000, 'verein': 'Jalgpallikool Tammeka', 'age': '22', 'mw': '€150Th.', 'datum_mw': 'Dec 6, 2020', 'x': 1607209200000, 'marker': {'symbol': 'url(https://tmssl.akamaized.net/images/wappen/verysmall/43214.png?lm=1548950482)'}}, {'y': 150000, 'verein': 'FC Flora Tallinn', 'age': '22', 'mw': '€150Th.', 'datum_mw': 'Apr 21, 2021', 'x': 1618956000000, 'marker': {'symbol': 'url(https://tmssl.akamaized.net/images/wappen/verysmall/1002.png?lm=1580891303)'}}, {'y': 150000, 'verein': 'FC Flora Tallinn', 'age': '23', 'mw': '€150Th.', 'datum_mw': 'Jun 30, 2021', 'x': 1625004000000, 'marker': {'symbol': 'url(https://tmssl.akamaized.net/images/wappen/verysmall/1002.png?lm=1580891303)'}}, {'y': 150000, 'verein': 'FC Flora Tallinn', 'age': '23', 'mw': '€150Th.', 'datum_mw': 'Dec 9, 2021', 'x': 1639004400000, 'marker': {'symbol': 'url(https://tmssl.akamaized.net/images/wappen/verysmall/1002.png?lm=1580891303)'}}, {'y': 150000, 'verein': 'FC Kuressaare', 'age': '24', 'mw': '€150Th.', 'datum_mw': 'May 13, 2022', 'x': 1652392800000, 'marker': {'symbol': 'url(https://tmssl.akamaized.net/images/wappen/verysmall/23368.png?lm=1517156958)'}}]}]	Trequartista Football Man.	-	-	513'		
Sander Laht	Sep 26, 1991	Kuressaare	30	1,83 m	Estonia	attack - Centre-Forward	left	FC Kuressaare	Jul 1, 2016	Dec 31, 2022			0	33	31	1.29	5	5	1	12	3	-	-			2.483'	[{'type': 'line', 'name': 'Market value', 'data': [{'y': 25000, 'verein': 'FC Kuressaare', 'age': '17', 'mw': '€25Th.', 'datum_mw': 'Sep 21, 2009', 'x': 1253484000000, 'marker': {'symbol': 'url(https://tmssl.akamaized.net/images/wappen/verysmall/23368_1517156991.png?lm=1517156991)'}}, {'y': 50000, 'verein': 'FC Kuressaare', 'age': '18', 'mw': '€50Th.', 'datum_mw': 'Jan 7, 2010', 'x': 1262818800000, 'marker': {'symbol': 'url(https://tmssl.akamaized.net/images/wappen/verysmall/23368_1517156991.png?lm=1517156991)'}}, {'y': 75000, 'verein': 'FC Kuressaare', 'age': '18', 'mw': '€75Th.', 'datum_mw': 'Mar 28, 2010', 'x': 1269730800000, 'marker': {'symbol': 'url(https://tmssl.akamaized.net/images/wappen/verysmall/23368_1517156991.png?lm=1517156991)'}}, {'y': 50000, 'verein': 'FC Kuressaare', 'age': '18', 'mw': '€50Th.', 'datum_mw': 'Mar 29, 2010', 'x': 1269813600000, 'marker': {'symbol': 'url(https://tmssl.akamaized.net/images/wappen/verysmall/23368_1517156991.png?lm=1517156991)'}}, {'y': 75000, 'verein': 'FC Kuressaare', 'age': '18', 'mw': '€75Th.', 'datum_mw': 'Jul 13, 2010', 'x': 1278972000000, 'marker': {'symbol': 'url(https://tmssl.akamaized.net/images/wappen/verysmall/23368_1517156991.png?lm=1517156991)'}}, {'y': 50000, 'verein': 'FC Flora Tallinn', 'age': '19', 'mw': '€50Th.', 'datum_mw': 'May 1, 2011', 'x': 1304200800000, 'marker': {'symbol': 'url(https://tmssl.akamaized.net/images/wappen/verysmall/1002.png?lm=1580891303)'}}, {'y': 50000, 'verein': 'FC Viljandi', 'age': '20', 'mw': '€50Th.', 'datum_mw': 'Jul 18, 2012', 'x': 1342562400000, 'marker': {'symbol': 'url(https://tmssl.akamaized.net/images/wappen/verysmall/19330.png?lm=1457444228)'}}, {'y': 50000, 'verein': 'FC Kuressaare', 'age': '21', 'mw': '€50Th.', 'datum_mw': 'Feb 6, 2013', 'x': 1360105200000, 'marker': {'symbol': 'url(https://tmssl.akamaized.net/images/wappen/verysmall/23368_1517156991.png?lm=1517156991)'}}, {'y': 0, 'verein': 'FC Kuressaare', 'age': '22', 'mw': '-', 'datum_mw': 'Mar 12, 2014', 'x': 1394578800000, 'marker': {'symbol': 'url(https://tmssl.akamaized.net/images/wappen/verysmall/23368_1517156991.png?lm=1517156991)'}}, {'y': 25000, 'verein': 'FC Flora Tallinn', 'age': '24', 'mw': '€25Th.', 'datum_mw': 'Feb 26, 2016', 'x': 1456441200000, 'marker': {'symbol': 'url(https://tmssl.akamaized.net/images/wappen/verysmall/1002.png?lm=1580891303)'}}, {'y': 0, 'verein': 'FC Kuressaare', 'age': '25', 'mw': '-', 'datum_mw': 'Jan 2, 2017', 'x': 1483311600000, 'marker': {'symbol': 'url(https://tmssl.akamaized.net/images/wappen/verysmall/23368_1517156991.png?lm=1517156991)'}}, {'y': 50000, 'verein': 'FC Kuressaare', 'age': '26', 'mw': '€50Th.', 'datum_mw': 'Feb 26, 2018', 'x': 1519599600000, 'marker': {'symbol': 'url(https://tmssl.akamaized.net/images/wappen/verysmall/23368.png?lm=1517156958)'}}, {'y': 75000, 'verein': 'FC Kuressaare', 'age': '26', 'mw': '€75Th.', 'datum_mw': 'Jun 26, 2018', 'x': 1529964000000, 'marker': {'symbol': 'url(https://tmssl.akamaized.net/images/wappen/verysmall/23368.png?lm=1517156958)'}}, {'y': 100000, 'verein': 'FC Kuressaare', 'age': '27', 'mw': '€100Th.', 'datum_mw': 'Nov 14, 2018', 'x': 1542150000000, 'marker': {'symbol': 'url(https://tmssl.akamaized.net/images/wappen/verysmall/23368.png?lm=1517156958)'}}, {'y': 100000, 'verein': 'FC Kuressaare', 'age': '27', 'mw': '€100Th.', 'datum_mw': 'Jun 11, 2019', 'x': 1560204000000, 'marker': {'symbol': 'url(https://tmssl.akamaized.net/images/wappen/verysmall/23368.png?lm=1517156958)'}}, {'y': 100000, 'verein': 'FC Kuressaare', 'age': '28', 'mw': '€100Th.', 'datum_mw': 'Oct 9, 2019', 'x': 1570572000000, 'marker': {'symbol': 'url(https://tmssl.akamaized.net/images/wappen/verysmall/23368.png?lm=1517156958)'}}, {'y': 100000, 'verein': 'FC Kuressaare', 'age': '28', 'mw': '€100Th.', 'datum_mw': 'Jul 21, 2020', 'x': 1595282400000, 'marker': {'symbol': 'url(https://tmssl.akamaized.net/images/wappen/verysmall/23368.png?lm=1517156958)'}}, {'y': 100000, 'verein': 'FC Kuressaare', 'age': '29', 'mw': '€100Th.', 'datum_mw': 'Dec 6, 2020', 'x': 1607209200000, 'marker': {'symbol': 'url(https://tmssl.akamaized.net/images/wappen/verysmall/23368.png?lm=1517156958)'}}, {'y': 100000, 'verein': 'FC Kuressaare', 'age': '29', 'mw': '€100Th.', 'datum_mw': 'Apr 21, 2021', 'x': 1618956000000, 'marker': {'symbol': 'url(https://tmssl.akamaized.net/images/wappen/verysmall/23368.png?lm=1517156958)'}}, {'y': 100000, 'verein': 'FC Kuressaare', 'age': '29', 'mw': '€100Th.', 'datum_mw': 'Jun 30, 2021', 'x': 1625004000000, 'marker': {'symbol': 'url(https://tmssl.akamaized.net/images/wappen/verysmall/23368.png?lm=1517156958)'}}, {'y': 100000, 'verein': 'FC Kuressaare', 'age': '30', 'mw': '€100Th.', 'datum_mw': 'Dec 9, 2021', 'x': 1639004400000, 'marker': {'symbol': 'url(https://tmssl.akamaized.net/images/wappen/verysmall/23368.png?lm=1517156958)'}}, {'y': 100000, 'verein': 'FC Kuressaare', 'age': '30', 'mw': '€100Th.', 'datum_mw': 'May 13, 2022', 'x': 1652392800000, 'marker': {'symbol': 'url(https://tmssl.akamaized.net/images/wappen/verysmall/23368.png?lm=1517156958)'}}]}]		-	-	497'	Feb 3, 2019	
Otto-Robert Lipp	Dec 2, 2000	Tallinn	21		Estonia	attack - Centre-Forward	right	FC Kuressaare	Mar 5, 2022	Dec 31, 2022	FC Flora Tallinn	Dec 31, 2023	0	17	15	1.60	6	1	10	5	4	-	-			568'	[{'type': 'line', 'name': 'Market value', 'data': [{'y': 25000, 'verein': 'FC Kuressaare', 'age': '18', 'mw': '€25Th.', 'datum_mw': 'Feb 26, 2019', 'x': 1551135600000, 'marker': {'symbol': 'url(https://tmssl.akamaized.net/images/wappen/verysmall/23368.png?lm=1517156958)'}}, {'y': 25000, 'verein': 'FC Kuressaare', 'age': '18', 'mw': '€25Th.', 'datum_mw': 'Jun 11, 2019', 'x': 1560204000000, 'marker': {'symbol': 'url(https://tmssl.akamaized.net/images/wappen/verysmall/23368.png?lm=1517156958)'}}, {'y': 50000, 'verein': 'FC Kuressaare', 'age': '18', 'mw': '€50Th.', 'datum_mw': 'Oct 9, 2019', 'x': 1570572000000, 'marker': {'symbol': 'url(https://tmssl.akamaized.net/images/wappen/verysmall/23368.png?lm=1517156958)'}}, {'y': 50000, 'verein': 'FC Kuressaare', 'age': '19', 'mw': '€50Th.', 'datum_mw': 'Jul 21, 2020', 'x': 1595282400000, 'marker': {'symbol': 'url(https://tmssl.akamaized.net/images/wappen/verysmall/23368.png?lm=1517156958)'}}, {'y': 50000, 'verein': 'FC Kuressaare', 'age': '20', 'mw': '€50Th.', 'datum_mw': 'Dec 6, 2020', 'x': 1607209200000, 'marker': {'symbol': 'url(https://tmssl.akamaized.net/images/wappen/verysmall/23368.png?lm=1517156958)'}}, {'y': 50000, 'verein': 'FC Kuressaare', 'age': '20', 'mw': '€50Th.', 'datum_mw': 'Apr 21, 2021', 'x': 1618956000000, 'marker': {'symbol': 'url(https://tmssl.akamaized.net/images/wappen/verysmall/23368.png?lm=1517156958)'}}, {'y': 25000, 'verein': 'FC Kuressaare', 'age': '20', 'mw': '€25Th.', 'datum_mw': 'Jun 30, 2021', 'x': 1625004000000, 'marker': {'symbol': 'url(https://tmssl.akamaized.net/images/wappen/verysmall/23368.png?lm=1517156958)'}}, {'y': 75000, 'verein': 'FC Kuressaare', 'age': '21', 'mw': '€75Th.', 'datum_mw': 'Dec 9, 2021', 'x': 1639004400000, 'marker': {'symbol': 'url(https://tmssl.akamaized.net/images/wappen/verysmall/23368.png?lm=1517156958)'}}, {'y': 100000, 'verein': 'FC Kuressaare', 'age': '21', 'mw': '€100Th.', 'datum_mw': 'May 13, 2022', 'x': 1652392800000, 'marker': {'symbol': 'url(https://tmssl.akamaized.net/images/wappen/verysmall/23368.png?lm=1517156958)'}}]}]	HRA	-	-	95'		
