Name	Name in home country	Date of birth	Place of birth	Age	Height	Citizenship	Position	Foot	Player agent	Current club	Joined	Contract expires	Social-Media	CL Appearances	Squad	Appearances	PPG	Goals	Assists	Sub on	Sub off	Yellow cards	Seccond Yellow Cards	Red cards	Goals conceded	Clean sheets	Minutes played	Market Values	Full name	Date of last contract extension	On loan from	Contract there expires	Own goals	Penalty goals	Minutes per goal	Outfitter	Contract option
André Ferreira	André Filipe Magalhães Ribeiro Ferreira	May 29, 1996	Vila Nova de Gaia	26	1,93 m	Portugal	Goalkeeper	right	BTS Sports	FC Paços de Ferreira	Jul 1, 2021	Jun 30, 2024		0.0	35	5	2.40	-	-	-	-	-	-	-	4	2	450'	[{'type': 'line', 'name': 'Market value', 'data': [{'y': 25000, 'verein': 'SL Benfica B', 'age': '19', 'mw': '€25Th.', 'datum_mw': 'Jul 31, 2015', 'x': 1438293600000, 'marker': {'symbol': 'url(https://tmssl.akamaized.net/images/wappen/verysmall/10330.png?lm=1535908439)'}}, {'y': 50000, 'verein': 'SL Benfica B', 'age': '19', 'mw': '€50Th.', 'datum_mw': 'Mar 14, 2016', 'x': 1457910000000, 'marker': {'symbol': 'url(https://tmssl.akamaized.net/images/wappen/verysmall/10330.png?lm=1535908439)'}}, {'y': 150000, 'verein': 'SL Benfica B', 'age': '20', 'mw': '€150Th.', 'datum_mw': 'Sep 30, 2016', 'x': 1475186400000, 'marker': {'symbol': 'url(https://tmssl.akamaized.net/images/wappen/verysmall/10330.png?lm=1535908439)'}}, {'y': 350000, 'verein': 'SL Benfica B', 'age': '21', 'mw': '€350Th.', 'datum_mw': 'Jun 30, 2017', 'x': 1498773600000, 'marker': {'symbol': 'url(https://tmssl.akamaized.net/images/wappen/verysmall/10330.png?lm=1535908439)'}}, {'y': 350000, 'verein': 'Leixões SC', 'age': '21', 'mw': '€350Th.', 'datum_mw': 'Sep 8, 2017', 'x': 1504821600000, 'marker': {'symbol': 'url(https://tmssl.akamaized.net/images/wappen/verysmall/3345.png?lm=1508851080)'}}, {'y': 500000, 'verein': 'Leixões SC', 'age': '21', 'mw': '€500Th.', 'datum_mw': 'Feb 23, 2018', 'x': 1519340400000, 'marker': {'symbol': 'url(https://tmssl.akamaized.net/images/wappen/verysmall/3345.png?lm=1508851080)'}}, {'y': 500000, 'verein': 'Leixões SC', 'age': '22', 'mw': '€500Th.', 'datum_mw': 'Jun 29, 2018', 'x': 1530223200000, 'marker': {'symbol': 'url(https://tmssl.akamaized.net/images/wappen/verysmall/3345.png?lm=1508851080)'}}, {'y': 500000, 'verein': 'Desportivo Aves (- 2020)', 'age': '22', 'mw': '€500Th.', 'datum_mw': 'Jan 11, 2019', 'x': 1547161200000, 'marker': {'symbol': 'url(https://tmssl.akamaized.net/images/wappen/verysmall/3336.png?lm=1534502701)'}}, {'y': 300000, 'verein': 'Desportivo Aves (- 2020)', 'age': '23', 'mw': '€300Th.', 'datum_mw': 'Jun 7, 2019', 'x': 1559858400000, 'marker': {'symbol': 'url(https://tmssl.akamaized.net/images/wappen/verysmall/3336.png?lm=1534502701)'}}, {'y': 300000, 'verein': 'CD Santa Clara', 'age': '23', 'mw': '€300Th.', 'datum_mw': 'Dec 30, 2019', 'x': 1577660400000, 'marker': {'symbol': 'url(https://tmssl.akamaized.net/images/wappen/verysmall/2423.png?lm=1564481385)'}}, {'y': 200000, 'verein': 'CD Santa Clara', 'age': '24', 'mw': '€200Th.', 'datum_mw': 'Aug 17, 2020', 'x': 1597615200000, 'marker': {'symbol': 'url(https://tmssl.akamaized.net/images/wappen/verysmall/2423.png?lm=1564481385)'}}, {'y': 200000, 'verein': 'CD Santa Clara', 'age': '24', 'mw': '€200Th.', 'datum_mw': 'Jan 28, 2021', 'x': 1611788400000, 'marker': {'symbol': 'url(https://tmssl.akamaized.net/images/wappen/verysmall/2423.png?lm=1564481385)'}}, {'y': 200000, 'verein': 'CD Santa Clara', 'age': '24', 'mw': '€200Th.', 'datum_mw': 'May 21, 2021', 'x': 1621548000000, 'marker': {'symbol': 'url(https://tmssl.akamaized.net/images/wappen/verysmall/2423.png?lm=1564481385)'}}, {'y': 600000, 'verein': 'FC Paços de Ferreira', 'age': '25', 'mw': '€600Th.', 'datum_mw': 'Dec 27, 2021', 'x': 1640559600000, 'marker': {'symbol': 'url(https://tmssl.akamaized.net/images/wappen/verysmall/2995.png?lm=1578477741)'}}, {'y': 900000, 'verein': 'FC Paços de Ferreira', 'age': '26', 'mw': '€900Th.', 'datum_mw': 'May 31, 2022', 'x': 1653948000000, 'marker': {'symbol': 'url(https://tmssl.akamaized.net/images/wappen/verysmall/2995.png?lm=1578477741)'}}]}]									
Jordi	Jordi Martins Almeida	Sep 3, 1993	Rio de Janeiro	28	1,92 m	Brazil	Goalkeeper	right	Avid Sports Group	FC Paços de Ferreira	Aug 24, 2020	Jun 30, 2024		0.0	36	34	1.47	-	-	-	-	1	-	-	42	9	3.060'	[{'type': 'line', 'name': 'Market value', 'data': [{'y': 50000, 'verein': 'Club de Regatas Vasco da Gama', 'age': '19', 'mw': '€50Th.', 'datum_mw': 'May 30, 2013', 'x': 1369864800000, 'marker': {'symbol': 'url(https://tmssl.akamaized.net/images/wappen/verysmall/978.png?lm=1651168164)'}}, {'y': 100000, 'verein': 'Club de Regatas Vasco da Gama', 'age': '21', 'mw': '€100Th.', 'datum_mw': 'Feb 1, 2015', 'x': 1422745200000, 'marker': {'symbol': 'url(https://tmssl.akamaized.net/images/wappen/verysmall/978.png?lm=1651168164)'}}, {'y': 250000, 'verein': 'Club de Regatas Vasco da Gama', 'age': '21', 'mw': '€250Th.', 'datum_mw': 'May 31, 2015', 'x': 1433023200000, 'marker': {'symbol': 'url(https://tmssl.akamaized.net/images/wappen/verysmall/978.png?lm=1651168164)'}}, {'y': 500000, 'verein': 'Club de Regatas Vasco da Gama', 'age': '22', 'mw': '€500Th.', 'datum_mw': 'Dec 15, 2015', 'x': 1450134000000, 'marker': {'symbol': 'url(https://tmssl.akamaized.net/images/wappen/verysmall/978.png?lm=1651168164)'}}, {'y': 400000, 'verein': 'Club de Regatas Vasco da Gama', 'age': '22', 'mw': '€400Th.', 'datum_mw': 'May 27, 2016', 'x': 1464300000000, 'marker': {'symbol': 'url(https://tmssl.akamaized.net/images/wappen/verysmall/978.png?lm=1651168164)'}}, {'y': 350000, 'verein': 'Club de Regatas Vasco da Gama', 'age': '22', 'mw': '€350Th.', 'datum_mw': 'Jul 23, 2016', 'x': 1469224800000, 'marker': {'symbol': 'url(https://tmssl.akamaized.net/images/wappen/verysmall/978.png?lm=1651168164)'}}, {'y': 450000, 'verein': 'Club de Regatas Vasco da Gama', 'age': '23', 'mw': '€450Th.', 'datum_mw': 'Nov 28, 2016', 'x': 1480287600000, 'marker': {'symbol': 'url(https://tmssl.akamaized.net/images/wappen/verysmall/978.png?lm=1651168164)'}}, {'y': 200000, 'verein': 'Club de Regatas Vasco da Gama', 'age': '24', 'mw': '€200Th.', 'datum_mw': 'Dec 7, 2017', 'x': 1512601200000, 'marker': {'symbol': 'url(https://tmssl.akamaized.net/images/wappen/verysmall/978.png?lm=1651168164)'}}, {'y': 250000, 'verein': 'Club de Regatas Vasco da Gama', 'age': '24', 'mw': '€250Th.', 'datum_mw': 'May 23, 2018', 'x': 1527026400000, 'marker': {'symbol': 'url(https://tmssl.akamaized.net/images/wappen/verysmall/978.png?lm=1651168164)'}}, {'y': 250000, 'verein': 'Club de Regatas Vasco da Gama', 'age': '25', 'mw': '€250Th.', 'datum_mw': 'Feb 18, 2019', 'x': 1550444400000, 'marker': {'symbol': 'url(https://tmssl.akamaized.net/images/wappen/verysmall/978.png?lm=1651168164)'}}, {'y': 600000, 'verein': 'Centro Sportivo Alagoano (AL)', 'age': '26', 'mw': '€600Th.', 'datum_mw': 'Nov 27, 2019', 'x': 1574809200000, 'marker': {'symbol': 'url(https://tmssl.akamaized.net/images/wappen/verysmall/18545.png?lm=1445634683)'}}, {'y': 475000, 'verein': 'Club de Regatas Vasco da Gama', 'age': '26', 'mw': '€475Th.', 'datum_mw': 'Apr 8, 2020', 'x': 1586296800000, 'marker': {'symbol': 'url(https://tmssl.akamaized.net/images/wappen/verysmall/978.png?lm=1651168164)'}}, {'y': 475000, 'verein': 'FC Paços de Ferreira', 'age': '27', 'mw': '€475Th.', 'datum_mw': 'Oct 22, 2020', 'x': 1603317600000, 'marker': {'symbol': 'url(https://tmssl.akamaized.net/images/wappen/verysmall/2995.png?lm=1578477741)'}}, {'y': 800000, 'verein': 'FC Paços de Ferreira', 'age': '27', 'mw': '€800Th.', 'datum_mw': 'Jan 28, 2021', 'x': 1611788400000, 'marker': {'symbol': 'url(https://tmssl.akamaized.net/images/wappen/verysmall/2995.png?lm=1578477741)'}}, {'y': 1000000, 'verein': 'FC Paços de Ferreira', 'age': '27', 'mw': '€1.00m', 'datum_mw': 'May 21, 2021', 'x': 1621548000000, 'marker': {'symbol': 'url(https://tmssl.akamaized.net/images/wappen/verysmall/2995.png?lm=1578477741)'}}, {'y': 800000, 'verein': 'FC Paços de Ferreira', 'age': '28', 'mw': '€800Th.', 'datum_mw': 'Dec 27, 2021', 'x': 1640559600000, 'marker': {'symbol': 'url(https://tmssl.akamaized.net/images/wappen/verysmall/2995.png?lm=1578477741)'}}, {'y': 800000, 'verein': 'FC Paços de Ferreira', 'age': '28', 'mw': '€800Th.', 'datum_mw': 'May 31, 2022', 'x': 1653948000000, 'marker': {'symbol': 'url(https://tmssl.akamaized.net/images/wappen/verysmall/2995.png?lm=1578477741)'}}]}]	Jordi Martins Almeida	Nov 25, 2021							
Igor Vekic	Igor Vekič	May 6, 1998		24	1,92 m	Slovenia	Goalkeeper	right		FC Paços de Ferreira	Aug 31, 2021	Jun 30, 2022		0.0	34	34	1.29	-	-	-	-	-	-	-	36	12	3.060'	[{'type': 'line', 'name': 'Market value', 'data': [{'y': 100000, 'verein': 'NK Bravo', 'age': '19', 'mw': '€100Th.', 'datum_mw': 'Aug 17, 2017', 'x': 1502920800000, 'marker': {'symbol': 'url(https://tmssl.akamaized.net/images/wappen/verysmall/26985.png?lm=1501500525)'}}, {'y': 100000, 'verein': 'NK Bravo', 'age': '19', 'mw': '€100Th.', 'datum_mw': 'Mar 9, 2018', 'x': 1520550000000, 'marker': {'symbol': 'url(https://tmssl.akamaized.net/images/wappen/verysmall/26985.png?lm=1501500525)'}}, {'y': 200000, 'verein': 'NK Bravo', 'age': '20', 'mw': '€200Th.', 'datum_mw': 'Sep 17, 2018', 'x': 1537135200000, 'marker': {'symbol': 'url(https://tmssl.akamaized.net/images/wappen/verysmall/26985.png?lm=1501500525)'}}, {'y': 150000, 'verein': 'NK Bravo', 'age': '20', 'mw': '€150Th.', 'datum_mw': 'Mar 30, 2019', 'x': 1553900400000, 'marker': {'symbol': 'url(https://tmssl.akamaized.net/images/wappen/verysmall/26985.png?lm=1501500525)'}}, {'y': 150000, 'verein': 'NK Bravo', 'age': '21', 'mw': '€150Th.', 'datum_mw': 'Dec 27, 2019', 'x': 1577401200000, 'marker': {'symbol': 'url(https://tmssl.akamaized.net/images/wappen/verysmall/26985.png?lm=1501500525)'}}, {'y': 300000, 'verein': 'NK Bravo', 'age': '22', 'mw': '€300Th.', 'datum_mw': 'Jul 30, 2020', 'x': 1596060000000, 'marker': {'symbol': 'url(https://tmssl.akamaized.net/images/wappen/verysmall/26985.png?lm=1501500525)'}}, {'y': 300000, 'verein': 'NK Bravo', 'age': '22', 'mw': '€300Th.', 'datum_mw': 'Jan 6, 2021', 'x': 1609887600000, 'marker': {'symbol': 'url(https://tmssl.akamaized.net/images/wappen/verysmall/26985.png?lm=1501500525)'}}, {'y': 300000, 'verein': 'NK Bravo', 'age': '23', 'mw': '€300Th.', 'datum_mw': 'Jun 8, 2021', 'x': 1623103200000, 'marker': {'symbol': 'url(https://tmssl.akamaized.net/images/wappen/verysmall/26985.png?lm=1501500525)'}}, {'y': 300000, 'verein': 'FC Paços de Ferreira', 'age': '23', 'mw': '€300Th.', 'datum_mw': 'Dec 27, 2021', 'x': 1640559600000, 'marker': {'symbol': 'url(https://tmssl.akamaized.net/images/wappen/verysmall/2995.png?lm=1578477741)'}}, {'y': 300000, 'verein': 'FC Paços de Ferreira', 'age': '24', 'mw': '€300Th.', 'datum_mw': 'May 31, 2022', 'x': 1653948000000, 'marker': {'symbol': 'url(https://tmssl.akamaized.net/images/wappen/verysmall/2995.png?lm=1578477741)'}}]}]			NK Bravo	-					
Jeimes																																					
Maracás		Apr 27, 1994	Itiruçu (BA)	28	1,84 m	Brazil	Defender - Centre-Back	right	CTS-SMI	FC Paços de Ferreira	Jul 1, 2019	Jun 30, 2022		0.0	37	25	1.56	-	-	-	5	5	-	-			2.161'	[{'type': 'line', 'name': 'Market value', 'data': [{'y': 75000, 'verein': 'Unknown', 'age': '21', 'mw': '€75Th.', 'datum_mw': 'May 31, 2015', 'x': 1433023200000, 'marker': {'symbol': 'url(https://tmssl.akamaized.net/images/wappen/verysmall/75.png?lm=1456997316)'}}, {'y': 75000, 'verein': 'Unknown', 'age': '21', 'mw': '€75Th.', 'datum_mw': 'Sep 11, 2015', 'x': 1441922400000, 'marker': {'symbol': 'url(https://tmssl.akamaized.net/images/wappen/verysmall/75.png?lm=1456997316)'}}, {'y': 75000, 'verein': 'Unknown', 'age': '21', 'mw': '€75Th.', 'datum_mw': 'Dec 15, 2015', 'x': 1450134000000, 'marker': {'symbol': 'url(https://tmssl.akamaized.net/images/wappen/verysmall/75.png?lm=1456997316)'}}, {'y': 300000, 'verein': 'FC Paços de Ferreira', 'age': '25', 'mw': '€300Th.', 'datum_mw': 'Oct 11, 2019', 'x': 1570744800000, 'marker': {'symbol': 'url(https://tmssl.akamaized.net/images/wappen/verysmall/2995.png?lm=1578477741)'}}, {'y': 300000, 'verein': 'FC Paços de Ferreira', 'age': '25', 'mw': '€300Th.', 'datum_mw': 'Dec 30, 2019', 'x': 1577660400000, 'marker': {'symbol': 'url(https://tmssl.akamaized.net/images/wappen/verysmall/2995.png?lm=1578477741)'}}, {'y': 400000, 'verein': 'FC Paços de Ferreira', 'age': '26', 'mw': '€400Th.', 'datum_mw': 'Aug 17, 2020', 'x': 1597615200000, 'marker': {'symbol': 'url(https://tmssl.akamaized.net/images/wappen/verysmall/2995.png?lm=1578477741)'}}, {'y': 700000, 'verein': 'FC Paços de Ferreira', 'age': '26', 'mw': '€700Th.', 'datum_mw': 'Jan 28, 2021', 'x': 1611788400000, 'marker': {'symbol': 'url(https://tmssl.akamaized.net/images/wappen/verysmall/2995.png?lm=1578477741)'}}, {'y': 700000, 'verein': 'FC Paços de Ferreira', 'age': '27', 'mw': '€700Th.', 'datum_mw': 'May 21, 2021', 'x': 1621548000000, 'marker': {'symbol': 'url(https://tmssl.akamaized.net/images/wappen/verysmall/2995.png?lm=1578477741)'}}, {'y': 700000, 'verein': 'FC Paços de Ferreira', 'age': '27', 'mw': '€700Th.', 'datum_mw': 'May 21, 2021', 'x': 1621548000000, 'marker': {'symbol': 'url(https://tmssl.akamaized.net/images/wappen/verysmall/2995.png?lm=1578477741)'}}, {'y': 1000000, 'verein': 'FC Paços de Ferreira', 'age': '27', 'mw': '€1.00m', 'datum_mw': 'Dec 27, 2021', 'x': 1640559600000, 'marker': {'symbol': 'url(https://tmssl.akamaized.net/images/wappen/verysmall/2995.png?lm=1578477741)'}}, {'y': 900000, 'verein': 'FC Paços de Ferreira', 'age': '28', 'mw': '€900Th.', 'datum_mw': 'May 31, 2022', 'x': 1653948000000, 'marker': {'symbol': 'url(https://tmssl.akamaized.net/images/wappen/verysmall/2995.png?lm=1578477741)'}}]}]	Jóbson de Brito Gonzaga				-	-	-		
Marco Baixinho	Marco João Costa Baixinho	Jul 11, 1989	Arruda dos Vinhos	32	1,87 m	Portugal	Defender - Centre-Back	right		FC Paços de Ferreira	Jul 1, 2015	Jun 30, 2022		0.0	31	26	1.81	-	-	5	1	2	-	-			2.023'	[{'type': 'line', 'name': 'Market value', 'data': [{'y': 50000, 'verein': 'AD Carregado', 'age': '20', 'mw': '€50Th.', 'datum_mw': 'Jan 27, 2010', 'x': 1264546800000, 'marker': {'symbol': 'url(https://tmssl.akamaized.net/images/wappen/verysmall/10919.png?lm=1615321418)'}}, {'y': 100000, 'verein': 'FC Paços de Ferreira', 'age': '25', 'mw': '€100Th.', 'datum_mw': 'Jul 1, 2015', 'x': 1435701600000, 'marker': {'symbol': 'url(https://tmssl.akamaized.net/images/wappen/verysmall/2995.png?lm=1578477741)'}}, {'y': 400000, 'verein': 'FC Paços de Ferreira', 'age': '26', 'mw': '€400Th.', 'datum_mw': 'Oct 7, 2015', 'x': 1444168800000, 'marker': {'symbol': 'url(https://tmssl.akamaized.net/images/wappen/verysmall/2995.png?lm=1578477741)'}}, {'y': 750000, 'verein': 'FC Paços de Ferreira', 'age': '26', 'mw': '€750Th.', 'datum_mw': 'Feb 24, 2016', 'x': 1456268400000, 'marker': {'symbol': 'url(https://tmssl.akamaized.net/images/wappen/verysmall/2995.png?lm=1578477741)'}}, {'y': 1000000, 'verein': 'FC Paços de Ferreira', 'age': '27', 'mw': '€1.00m', 'datum_mw': 'Jul 29, 2016', 'x': 1469743200000, 'marker': {'symbol': 'url(https://tmssl.akamaized.net/images/wappen/verysmall/2995.png?lm=1578477741)'}}, {'y': 800000, 'verein': 'FC Paços de Ferreira', 'age': '27', 'mw': '€800Th.', 'datum_mw': 'Feb 22, 2017', 'x': 1487718000000, 'marker': {'symbol': 'url(https://tmssl.akamaized.net/images/wappen/verysmall/2995.png?lm=1578477741)'}}, {'y': 1000000, 'verein': 'FC Paços de Ferreira', 'age': '27', 'mw': '€1.00m', 'datum_mw': 'Jun 26, 2017', 'x': 1498428000000, 'marker': {'symbol': 'url(https://tmssl.akamaized.net/images/wappen/verysmall/2995.png?lm=1578477741)'}}, {'y': 800000, 'verein': 'FC Paços de Ferreira', 'age': '28', 'mw': '€800Th.', 'datum_mw': 'Feb 7, 2018', 'x': 1517958000000, 'marker': {'symbol': 'url(https://tmssl.akamaized.net/images/wappen/verysmall/2995.png?lm=1578477741)'}}, {'y': 500000, 'verein': 'FC Paços de Ferreira', 'age': '28', 'mw': '€500Th.', 'datum_mw': 'Jun 13, 2018', 'x': 1528840800000, 'marker': {'symbol': 'url(https://tmssl.akamaized.net/images/wappen/verysmall/2995.png?lm=1578477741)'}}, {'y': 550000, 'verein': 'FC Paços de Ferreira', 'age': '29', 'mw': '€550Th.', 'datum_mw': 'Feb 12, 2019', 'x': 1549926000000, 'marker': {'symbol': 'url(https://tmssl.akamaized.net/images/wappen/verysmall/2995.png?lm=1578477741)'}}, {'y': 600000, 'verein': 'FC Paços de Ferreira', 'age': '29', 'mw': '€600Th.', 'datum_mw': 'Jun 29, 2019', 'x': 1561759200000, 'marker': {'symbol': 'url(https://tmssl.akamaized.net/images/wappen/verysmall/2995.png?lm=1578477741)'}}, {'y': 600000, 'verein': 'FC Paços de Ferreira', 'age': '30', 'mw': '€600Th.', 'datum_mw': 'Dec 30, 2019', 'x': 1577660400000, 'marker': {'symbol': 'url(https://tmssl.akamaized.net/images/wappen/verysmall/2995.png?lm=1578477741)'}}, {'y': 475000, 'verein': 'FC Paços de Ferreira', 'age': '30', 'mw': '€475Th.', 'datum_mw': 'Apr 8, 2020', 'x': 1586296800000, 'marker': {'symbol': 'url(https://tmssl.akamaized.net/images/wappen/verysmall/2995.png?lm=1578477741)'}}, {'y': 400000, 'verein': 'FC Paços de Ferreira', 'age': '31', 'mw': '€400Th.', 'datum_mw': 'Aug 17, 2020', 'x': 1597615200000, 'marker': {'symbol': 'url(https://tmssl.akamaized.net/images/wappen/verysmall/2995.png?lm=1578477741)'}}, {'y': 500000, 'verein': 'FC Paços de Ferreira', 'age': '31', 'mw': '€500Th.', 'datum_mw': 'Jan 28, 2021', 'x': 1611788400000, 'marker': {'symbol': 'url(https://tmssl.akamaized.net/images/wappen/verysmall/2995.png?lm=1578477741)'}}, {'y': 500000, 'verein': 'FC Paços de Ferreira', 'age': '31', 'mw': '€500Th.', 'datum_mw': 'May 21, 2021', 'x': 1621548000000, 'marker': {'symbol': 'url(https://tmssl.akamaized.net/images/wappen/verysmall/2995.png?lm=1578477741)'}}, {'y': 500000, 'verein': 'FC Paços de Ferreira', 'age': '31', 'mw': '€500Th.', 'datum_mw': 'May 21, 2021', 'x': 1621548000000, 'marker': {'symbol': 'url(https://tmssl.akamaized.net/images/wappen/verysmall/2995.png?lm=1578477741)'}}, {'y': 400000, 'verein': 'FC Paços de Ferreira', 'age': '32', 'mw': '€400Th.', 'datum_mw': 'Dec 27, 2021', 'x': 1640559600000, 'marker': {'symbol': 'url(https://tmssl.akamaized.net/images/wappen/verysmall/2995.png?lm=1578477741)'}}, {'y': 400000, 'verein': 'FC Paços de Ferreira', 'age': '32', 'mw': '€400Th.', 'datum_mw': 'May 31, 2022', 'x': 1653948000000, 'marker': {'symbol': 'url(https://tmssl.akamaized.net/images/wappen/verysmall/2995.png?lm=1578477741)'}}]}]		Jun 5, 2019			-	-	-		
Pedro Ganchas																																					
Flávio Ramos		May 12, 1994	Santa Maria da Boa Vista	28	1,91 m	Brazil	Defender - Centre-Back	right	GR2	FC Paços de Ferreira	Jul 14, 2021	Jun 30, 2023		0.0	2	-			-	-	-	-	-	-			-	[{'type': 'line', 'name': 'Market value', 'data': [{'y': 100000, 'verein': 'Clube Náutico Capibaribe', 'age': '21', 'mw': '€100Th.', 'datum_mw': 'May 31, 2015', 'x': 1433023200000, 'marker': {'symbol': 'url(https://tmssl.akamaized.net/images/wappen/verysmall/2646.png?lm=1429043382)'}}, {'y': 150000, 'verein': 'Clube Náutico Capibaribe', 'age': '21', 'mw': '€150Th.', 'datum_mw': 'Sep 11, 2015', 'x': 1441922400000, 'marker': {'symbol': 'url(https://tmssl.akamaized.net/images/wappen/verysmall/2646.png?lm=1429043382)'}}, {'y': 125000, 'verein': 'Clube Náutico Capibaribe', 'age': '21', 'mw': '€125Th.', 'datum_mw': 'Dec 15, 2015', 'x': 1450134000000, 'marker': {'symbol': 'url(https://tmssl.akamaized.net/images/wappen/verysmall/2646.png?lm=1429043382)'}}, {'y': 125000, 'verein': 'Paysandu Sport Club (PA)', 'age': '22', 'mw': '€125Th.', 'datum_mw': 'May 27, 2016', 'x': 1464300000000, 'marker': {'symbol': 'url(https://tmssl.akamaized.net/images/wappen/verysmall/6347.png?lm=1596631029)'}}, {'y': 125000, 'verein': 'Paysandu Sport Club (PA)', 'age': '22', 'mw': '€125Th.', 'datum_mw': 'Jul 23, 2016', 'x': 1469224800000, 'marker': {'symbol': 'url(https://tmssl.akamaized.net/images/wappen/verysmall/6347.png?lm=1596631029)'}}, {'y': 350000, 'verein': 'CD Feirense', 'age': '22', 'mw': '€350Th.', 'datum_mw': 'Feb 22, 2017', 'x': 1487718000000, 'marker': {'symbol': 'url(https://tmssl.akamaized.net/images/wappen/verysmall/3349.png?lm=1469968627)'}}, {'y': 600000, 'verein': 'CD Feirense', 'age': '23', 'mw': '€600Th.', 'datum_mw': 'Jun 26, 2017', 'x': 1498428000000, 'marker': {'symbol': 'url(https://tmssl.akamaized.net/images/wappen/verysmall/3349.png?lm=1469968627)'}}, {'y': 900000, 'verein': 'CD Feirense', 'age': '23', 'mw': '€900Th.', 'datum_mw': 'Feb 7, 2018', 'x': 1517958000000, 'marker': {'symbol': 'url(https://tmssl.akamaized.net/images/wappen/verysmall/3349.png?lm=1469968627)'}}, {'y': 900000, 'verein': 'CD Feirense', 'age': '24', 'mw': '€900Th.', 'datum_mw': 'Jun 13, 2018', 'x': 1528840800000, 'marker': {'symbol': 'url(https://tmssl.akamaized.net/images/wappen/verysmall/3349.png?lm=1469968627)'}}, {'y': 600000, 'verein': 'CD Feirense', 'age': '24', 'mw': '€600Th.', 'datum_mw': 'Jan 11, 2019', 'x': 1547161200000, 'marker': {'symbol': 'url(https://tmssl.akamaized.net/images/wappen/verysmall/3349.png?lm=1469968627)'}}, {'y': 500000, 'verein': 'CD Feirense', 'age': '25', 'mw': '€500Th.', 'datum_mw': 'Jun 7, 2019', 'x': 1559858400000, 'marker': {'symbol': 'url(https://tmssl.akamaized.net/images/wappen/verysmall/3349.png?lm=1469968627)'}}, {'y': 500000, 'verein': 'Genclerbirligi Ankara', 'age': '25', 'mw': '€500Th.', 'datum_mw': 'Jan 3, 2020', 'x': 1578006000000, 'marker': {'symbol': 'url(https://tmssl.akamaized.net/images/wappen/verysmall/820.png?lm=1408653608)'}}, {'y': 400000, 'verein': 'Genclerbirligi Ankara', 'age': '25', 'mw': '€400Th.', 'datum_mw': 'Apr 8, 2020', 'x': 1586296800000, 'marker': {'symbol': 'url(https://tmssl.akamaized.net/images/wappen/verysmall/820.png?lm=1408653608)'}}, {'y': 700000, 'verein': 'CD Feirense', 'age': '26', 'mw': '€700Th.', 'datum_mw': 'Aug 4, 2020', 'x': 1596492000000, 'marker': {'symbol': 'url(https://tmssl.akamaized.net/images/wappen/verysmall/3349.png?lm=1469968627)'}}, {'y': 400000, 'verein': 'CD Feirense', 'age': '26', 'mw': '€400Th.', 'datum_mw': 'Nov 2, 2020', 'x': 1604271600000, 'marker': {'symbol': 'url(https://tmssl.akamaized.net/images/wappen/verysmall/3349.png?lm=1469968627)'}}, {'y': 100000, 'verein': 'CD Feirense', 'age': '27', 'mw': '€100Th.', 'datum_mw': 'Jun 29, 2021', 'x': 1624917600000, 'marker': {'symbol': 'url(https://tmssl.akamaized.net/images/wappen/verysmall/3349.png?lm=1469968627)'}}, {'y': 400000, 'verein': 'FC Paços de Ferreira', 'age': '27', 'mw': '€400Th.', 'datum_mw': 'Sep 21, 2021', 'x': 1632175200000, 'marker': {'symbol': 'url(https://tmssl.akamaized.net/images/wappen/verysmall/2995.png?lm=1578477741)'}}, {'y': 400000, 'verein': 'FC Paços de Ferreira', 'age': '27', 'mw': '€400Th.', 'datum_mw': 'Dec 27, 2021', 'x': 1640559600000, 'marker': {'symbol': 'url(https://tmssl.akamaized.net/images/wappen/verysmall/2995.png?lm=1578477741)'}}, {'y': 400000, 'verein': 'FC Paços de Ferreira', 'age': '28', 'mw': '€400Th.', 'datum_mw': 'May 31, 2022', 'x': 1653948000000, 'marker': {'symbol': 'url(https://tmssl.akamaized.net/images/wappen/verysmall/2995.png?lm=1578477741)'}}]}]	Flávio da Silva Ramos				-	-	-		
Nuno Lima																																					
João Vigário 	João Miguel Ribeiro Vigário	Nov 20, 1995	Gondomar	26	1,80 m	Portugal	Defender - Left-Back	left	MNM Sports Management	FC Paços de Ferreira	Jul 6, 2021	Jun 30, 2023		0.0	27	23	0.61	1	3	3	9	1	-	-			1.727'	[{'type': 'line', 'name': 'Market value', 'data': [{'y': 75000, 'verein': 'Vitória Guimarães SC', 'age': '19', 'mw': '€75Th.', 'datum_mw': 'Oct 7, 2015', 'x': 1444168800000, 'marker': {'symbol': 'url(https://tmssl.akamaized.net/images/wappen/verysmall/2420.png?lm=1432894021)'}}, {'y': 150000, 'verein': 'Vitória Guimarães SC', 'age': '20', 'mw': '€150Th.', 'datum_mw': 'Feb 24, 2016', 'x': 1456268400000, 'marker': {'symbol': 'url(https://tmssl.akamaized.net/images/wappen/verysmall/2420.png?lm=1432894021)'}}, {'y': 150000, 'verein': 'Vitória Guimarães SC', 'age': '20', 'mw': '€150Th.', 'datum_mw': 'Jul 29, 2016', 'x': 1469743200000, 'marker': {'symbol': 'url(https://tmssl.akamaized.net/images/wappen/verysmall/2420.png?lm=1432894021)'}}, {'y': 350000, 'verein': 'Vitória Guimarães SC B', 'age': '21', 'mw': '€350Th.', 'datum_mw': 'Jun 30, 2017', 'x': 1498773600000, 'marker': {'symbol': 'url(https://tmssl.akamaized.net/images/wappen/verysmall/15136.png?lm=1416391455)'}}, {'y': 500000, 'verein': 'Vitória Guimarães SC', 'age': '22', 'mw': '€500Th.', 'datum_mw': 'Feb 7, 2018', 'x': 1517958000000, 'marker': {'symbol': 'url(https://tmssl.akamaized.net/images/wappen/verysmall/2420.png?lm=1432894021)'}}, {'y': 500000, 'verein': 'Vitória Guimarães SC', 'age': '22', 'mw': '€500Th.', 'datum_mw': 'Jun 13, 2018', 'x': 1528840800000, 'marker': {'symbol': 'url(https://tmssl.akamaized.net/images/wappen/verysmall/2420.png?lm=1432894021)'}}, {'y': 275000, 'verein': 'GD Estoril Praia', 'age': '23', 'mw': '€275Th.', 'datum_mw': 'Feb 12, 2019', 'x': 1549926000000, 'marker': {'symbol': 'url(https://tmssl.akamaized.net/images/wappen/verysmall/1465.png?lm=1534340702)'}}, {'y': 150000, 'verein': 'GD Estoril Praia', 'age': '23', 'mw': '€150Th.', 'datum_mw': 'Jun 29, 2019', 'x': 1561759200000, 'marker': {'symbol': 'url(https://tmssl.akamaized.net/images/wappen/verysmall/1465.png?lm=1534340702)'}}, {'y': 150000, 'verein': 'CD Tondela', 'age': '24', 'mw': '€150Th.', 'datum_mw': 'Dec 30, 2019', 'x': 1577660400000, 'marker': {'symbol': 'url(https://tmssl.akamaized.net/images/wappen/verysmall/7179.png?lm=1506427804)'}}, {'y': 200000, 'verein': 'CD Tondela', 'age': '24', 'mw': '€200Th.', 'datum_mw': 'Aug 17, 2020', 'x': 1597615200000, 'marker': {'symbol': 'url(https://tmssl.akamaized.net/images/wappen/verysmall/7179.png?lm=1506427804)'}}, {'y': 350000, 'verein': 'CD Nacional', 'age': '25', 'mw': '€350Th.', 'datum_mw': 'Jan 28, 2021', 'x': 1611788400000, 'marker': {'symbol': 'url(https://tmssl.akamaized.net/images/wappen/verysmall/982.png?lm=1549988602)'}}, {'y': 400000, 'verein': 'CD Nacional', 'age': '25', 'mw': '€400Th.', 'datum_mw': 'May 21, 2021', 'x': 1621548000000, 'marker': {'symbol': 'url(https://tmssl.akamaized.net/images/wappen/verysmall/982.png?lm=1549988602)'}}, {'y': 400000, 'verein': 'FC Paços de Ferreira', 'age': '26', 'mw': '€400Th.', 'datum_mw': 'Dec 27, 2021', 'x': 1640559600000, 'marker': {'symbol': 'url(https://tmssl.akamaized.net/images/wappen/verysmall/2995.png?lm=1578477741)'}}, {'y': 400000, 'verein': 'FC Paços de Ferreira', 'age': '26', 'mw': '€400Th.', 'datum_mw': 'May 31, 2022', 'x': 1653948000000, 'marker': {'symbol': 'url(https://tmssl.akamaized.net/images/wappen/verysmall/2995.png?lm=1578477741)'}}]}]					-	-	1.727'		
Vitorino Antunes	Vitorino Gabriel Pacheco Antunes	Apr 1, 1987	Freamunde	35	1,75 m	Portugal	Defender - Left-Back	left	Footconect Fma	FC Paços de Ferreira	Jul 28, 2021	Jun 30, 2023		0.0	33	13	2.62	-	1	6	6	4	-	-			567'	[{'type': 'line', 'name': 'Market value', 'data': [{'y': 1000000, 'verein': 'FC Paços de Ferreira', 'age': '20', 'mw': '€1.00m', 'datum_mw': 'Jun 5, 2007', 'x': 1180994400000, 'marker': {'symbol': 'url(https://tmssl.akamaized.net/images/wappen/verysmall/2995.png?lm=1578477741)'}}, {'y': 2000000, 'verein': 'AS Roma', 'age': '21', 'mw': '€2.00m', 'datum_mw': 'Jul 4, 2008', 'x': 1215122400000, 'marker': {'symbol': 'url(https://tmssl.akamaized.net/images/wappen/verysmall/12_1415885601.png?lm=1415885601)'}}, {'y': 1500000, 'verein': 'AS Roma', 'age': '22', 'mw': '€1.50m', 'datum_mw': 'Aug 6, 2009', 'x': 1249509600000, 'marker': {'symbol': 'url(https://tmssl.akamaized.net/images/wappen/verysmall/12_1415885601.png?lm=1415885601)'}}, {'y': 1000000, 'verein': 'AS Roma', 'age': '23', 'mw': '€1.00m', 'datum_mw': 'Jul 19, 2010', 'x': 1279490400000, 'marker': {'symbol': 'url(https://tmssl.akamaized.net/images/wappen/verysmall/12_1415885601.png?lm=1415885601)'}}, {'y': 700000, 'verein': 'AS Roma', 'age': '23', 'mw': '€700Th.', 'datum_mw': 'Jan 10, 2011', 'x': 1294614000000, 'marker': {'symbol': 'url(https://tmssl.akamaized.net/images/wappen/verysmall/12_1415885601.png?lm=1415885601)'}}, {'y': 400000, 'verein': 'AS Livorno', 'age': '24', 'mw': '€400Th.', 'datum_mw': 'Jun 17, 2011', 'x': 1308261600000, 'marker': {'symbol': 'url(https://tmssl.akamaized.net/images/wappen/verysmall/1210_1631009607.png?lm=1631009607)'}}, {'y': 200000, 'verein': 'AS Roma', 'age': '24', 'mw': '€200Th.', 'datum_mw': 'Jan 11, 2012', 'x': 1326236400000, 'marker': {'symbol': 'url(https://tmssl.akamaized.net/images/wappen/verysmall/12_1415885601.png?lm=1415885601)'}}, {'y': 1000000, 'verein': 'Málaga CF', 'age': '25', 'mw': '€1.00m', 'datum_mw': 'Feb 5, 2013', 'x': 1360018800000, 'marker': {'symbol': 'url(https://tmssl.akamaized.net/images/wappen/verysmall/1084.png?lm=1474921800)'}}, {'y': 3000000, 'verein': 'Málaga CF', 'age': '26', 'mw': '€3.00m', 'datum_mw': 'Jun 12, 2013', 'x': 1370988000000, 'marker': {'symbol': 'url(https://tmssl.akamaized.net/images/wappen/verysmall/1084.png?lm=1474921800)'}}, {'y': 3000000, 'verein': 'Málaga CF', 'age': '26', 'mw': '€3.00m', 'datum_mw': 'Jan 23, 2014', 'x': 1390431600000, 'marker': {'symbol': 'url(https://tmssl.akamaized.net/images/wappen/verysmall/1084.png?lm=1474921800)'}}, {'y': 3000000, 'verein': 'Málaga CF', 'age': '27', 'mw': '€3.00m', 'datum_mw': 'Jul 20, 2014', 'x': 1405807200000, 'marker': {'symbol': 'url(https://tmssl.akamaized.net/images/wappen/verysmall/1084.png?lm=1474921800)'}}, {'y': 3000000, 'verein': 'Málaga CF', 'age': '27', 'mw': '€3.00m', 'datum_mw': 'Jan 23, 2015', 'x': 1421967600000, 'marker': {'symbol': 'url(https://tmssl.akamaized.net/images/wappen/verysmall/1084.png?lm=1474921800)'}}, {'y': 5500000, 'verein': 'Dynamo Kyiv', 'age': '27', 'mw': '€5.50m', 'datum_mw': 'Mar 10, 2015', 'x': 1425942000000, 'marker': {'symbol': 'url(https://tmssl.akamaized.net/images/wappen/verysmall/338.png?lm=1442954715)'}}, {'y': 6000000, 'verein': 'Dynamo Kyiv', 'age': '28', 'mw': '€6.00m', 'datum_mw': 'Jun 7, 2015', 'x': 1433628000000, 'marker': {'symbol': 'url(https://tmssl.akamaized.net/images/wappen/verysmall/338.png?lm=1442954715)'}}, {'y': 6000000, 'verein': 'Dynamo Kyiv', 'age': '28', 'mw': '€6.00m', 'datum_mw': 'Dec 18, 2015', 'x': 1450393200000, 'marker': {'symbol': 'url(https://tmssl.akamaized.net/images/wappen/verysmall/338.png?lm=1442954715)'}}, {'y': 6000000, 'verein': 'Dynamo Kyiv', 'age': '29', 'mw': '€6.00m', 'datum_mw': 'Jul 21, 2016', 'x': 1469052000000, 'marker': {'symbol': 'url(https://tmssl.akamaized.net/images/wappen/verysmall/338.png?lm=1442954715)'}}, {'y': 4500000, 'verein': 'Dynamo Kyiv', 'age': '29', 'mw': '€4.50m', 'datum_mw': 'Jan 3, 2017', 'x': 1483398000000, 'marker': {'symbol': 'url(https://tmssl.akamaized.net/images/wappen/verysmall/338.png?lm=1442954715)'}}, {'y': 4000000, 'verein': 'Dynamo Kyiv', 'age': '30', 'mw': '€4.00m', 'datum_mw': 'Jun 26, 2017', 'x': 1498428000000, 'marker': {'symbol': 'url(https://tmssl.akamaized.net/images/wappen/verysmall/338.png?lm=1442954715)'}}, {'y': 4000000, 'verein': 'Getafe CF', 'age': '30', 'mw': '€4.00m', 'datum_mw': 'Jan 1, 2018', 'x': 1514761200000, 'marker': {'symbol': 'url(https://tmssl.akamaized.net/images/wappen/verysmall/3709.png?lm=1408655116)'}}, {'y': 3500000, 'verein': 'Getafe CF', 'age': '31', 'mw': '€3.50m', 'datum_mw': 'May 30, 2018', 'x': 1527631200000, 'marker': {'symbol': 'url(https://tmssl.akamaized.net/images/wappen/verysmall/3709.png?lm=1408655116)'}}, {'y': 2500000, 'verein': 'Getafe CF', 'age': '31', 'mw': '€2.50m', 'datum_mw': 'Jul 12, 2018', 'x': 1531346400000, 'marker': {'symbol': 'url(https://tmssl.akamaized.net/images/wappen/verysmall/3709.png?lm=1408655116)'}}, {'y': 3000000, 'verein': 'Getafe CF', 'age': '31', 'mw': '€3.00m', 'datum_mw': 'Dec 21, 2018', 'x': 1545346800000, 'marker': {'symbol': 'url(https://tmssl.akamaized.net/images/wappen/verysmall/3709.png?lm=1408655116)'}}, {'y': 2500000, 'verein': 'Getafe CF', 'age': '32', 'mw': '€2.50m', 'datum_mw': 'Jun 11, 2019', 'x': 1560204000000, 'marker': {'symbol': 'url(https://tmssl.akamaized.net/images/wappen/verysmall/3709.png?lm=1408655116)'}}, {'y': 2000000, 'verein': 'Getafe CF', 'age': '32', 'mw': '€2.00m', 'datum_mw': 'Dec 20, 2019', 'x': 1576796400000, 'marker': {'symbol': 'url(https://tmssl.akamaized.net/images/wappen/verysmall/3709.png?lm=1408655116)'}}, {'y': 1600000, 'verein': 'Getafe CF', 'age': '33', 'mw': '€1.60m', 'datum_mw': 'Apr 8, 2020', 'x': 1586296800000, 'marker': {'symbol': 'url(https://tmssl.akamaized.net/images/wappen/verysmall/3709.png?lm=1408655116)'}}, {'y': 1500000, 'verein': 'Sporting CP', 'age': '33', 'mw': '€1.50m', 'datum_mw': 'Oct 22, 2020', 'x': 1603317600000, 'marker': {'symbol': 'url(https://tmssl.akamaized.net/images/wappen/verysmall/336.png?lm=1621513752)'}}, {'y': 1500000, 'verein': 'Sporting CP', 'age': '33', 'mw': '€1.50m', 'datum_mw': 'Jan 28, 2021', 'x': 1611788400000, 'marker': {'symbol': 'url(https://tmssl.akamaized.net/images/wappen/verysmall/336.png?lm=1621513752)'}}, {'y': 1000000, 'verein': 'Sporting CP', 'age': '34', 'mw': '€1.00m', 'datum_mw': 'May 21, 2021', 'x': 1621548000000, 'marker': {'symbol': 'url(https://tmssl.akamaized.net/images/wappen/verysmall/336.png?lm=1621513752)'}}, {'y': 700000, 'verein': 'FC Paços de Ferreira', 'age': '34', 'mw': '€700Th.', 'datum_mw': 'Dec 27, 2021', 'x': 1640559600000, 'marker': {'symbol': 'url(https://tmssl.akamaized.net/images/wappen/verysmall/2995.png?lm=1578477741)'}}, {'y': 300000, 'verein': 'FC Paços de Ferreira', 'age': '35', 'mw': '€300Th.', 'datum_mw': 'May 31, 2022', 'x': 1653948000000, 'marker': {'symbol': 'url(https://tmssl.akamaized.net/images/wappen/verysmall/2995.png?lm=1578477741)'}}]}]					-	-	-		
Luís Bastos																																					
Fernando Fonseca	Fernando Manuel Ferreira Fonseca	Mar 14, 1997	Porto	25	1,83 m	Portugal	Defender - Right-Back	right	MRP.POSITIONUMBER	FC Paços de Ferreira	Sep 7, 2020	Jun 30, 2023		0.0	36	35	1.57	-	1	3	2	7	-	-			2.935'	[{'type': 'line', 'name': 'Market value', 'data': [{'y': 75000, 'verein': 'FC Porto B', 'age': '19', 'mw': '€75Th.', 'datum_mw': 'Sep 30, 2016', 'x': 1475186400000, 'marker': {'symbol': 'url(https://tmssl.akamaized.net/images/wappen/verysmall/10331.png?lm=1486310161)'}}, {'y': 650000, 'verein': 'FC Porto B', 'age': '20', 'mw': '€650Th.', 'datum_mw': 'Jun 30, 2017', 'x': 1498773600000, 'marker': {'symbol': 'url(https://tmssl.akamaized.net/images/wappen/verysmall/10331.png?lm=1486310161)'}}, {'y': 700000, 'verein': 'GD Estoril Praia', 'age': '20', 'mw': '€700Th.', 'datum_mw': 'Feb 7, 2018', 'x': 1517958000000, 'marker': {'symbol': 'url(https://tmssl.akamaized.net/images/wappen/verysmall/1465.png?lm=1534340702)'}}, {'y': 700000, 'verein': 'GD Estoril Praia', 'age': '21', 'mw': '€700Th.', 'datum_mw': 'Jun 13, 2018', 'x': 1528840800000, 'marker': {'symbol': 'url(https://tmssl.akamaized.net/images/wappen/verysmall/1465.png?lm=1534340702)'}}, {'y': 300000, 'verein': 'FC Porto B', 'age': '21', 'mw': '€300Th.', 'datum_mw': 'Feb 12, 2019', 'x': 1549926000000, 'marker': {'symbol': 'url(https://tmssl.akamaized.net/images/wappen/verysmall/10331.png?lm=1486310161)'}}, {'y': 100000, 'verein': 'FC Porto B', 'age': '22', 'mw': '€100Th.', 'datum_mw': 'Jun 29, 2019', 'x': 1561759200000, 'marker': {'symbol': 'url(https://tmssl.akamaized.net/images/wappen/verysmall/10331.png?lm=1486310161)'}}, {'y': 300000, 'verein': 'Gil Vicente FC', 'age': '22', 'mw': '€300Th.', 'datum_mw': 'Oct 11, 2019', 'x': 1570744800000, 'marker': {'symbol': 'url(https://tmssl.akamaized.net/images/wappen/verysmall/2424.png?lm=1624283300)'}}, {'y': 800000, 'verein': 'Gil Vicente FC', 'age': '22', 'mw': '€800Th.', 'datum_mw': 'Dec 30, 2019', 'x': 1577660400000, 'marker': {'symbol': 'url(https://tmssl.akamaized.net/images/wappen/verysmall/2424.png?lm=1624283300)'}}, {'y': 650000, 'verein': 'Gil Vicente FC', 'age': '23', 'mw': '€650Th.', 'datum_mw': 'Apr 8, 2020', 'x': 1586296800000, 'marker': {'symbol': 'url(https://tmssl.akamaized.net/images/wappen/verysmall/2424.png?lm=1624283300)'}}, {'y': 800000, 'verein': 'Gil Vicente FC', 'age': '23', 'mw': '€800Th.', 'datum_mw': 'Aug 17, 2020', 'x': 1597615200000, 'marker': {'symbol': 'url(https://tmssl.akamaized.net/images/wappen/verysmall/2424.png?lm=1624283300)'}}, {'y': 1300000, 'verein': 'FC Paços de Ferreira', 'age': '23', 'mw': '€1.30m', 'datum_mw': 'Jan 28, 2021', 'x': 1611788400000, 'marker': {'symbol': 'url(https://tmssl.akamaized.net/images/wappen/verysmall/2995.png?lm=1578477741)'}}, {'y': 1500000, 'verein': 'FC Paços de Ferreira', 'age': '24', 'mw': '€1.50m', 'datum_mw': 'May 21, 2021', 'x': 1621548000000, 'marker': {'symbol': 'url(https://tmssl.akamaized.net/images/wappen/verysmall/2995.png?lm=1578477741)'}}, {'y': 1200000, 'verein': 'FC Paços de Ferreira', 'age': '24', 'mw': '€1.20m', 'datum_mw': 'Dec 27, 2021', 'x': 1640559600000, 'marker': {'symbol': 'url(https://tmssl.akamaized.net/images/wappen/verysmall/2995.png?lm=1578477741)'}}, {'y': 900000, 'verein': 'FC Paços de Ferreira', 'age': '25', 'mw': '€900Th.', 'datum_mw': 'May 31, 2022', 'x': 1653948000000, 'marker': {'symbol': 'url(https://tmssl.akamaized.net/images/wappen/verysmall/2995.png?lm=1578477741)'}}]}]					-	-	-		
Jorge Silva 	Jorge Fernando dos Santos Silva	Mar 22, 1996	Porto	26	1,83 m	Portugal	Defender - Right-Back	right	Bruno Carvalho	FC Paços de Ferreira	Jul 1, 2019	Jun 30, 2022		0.0	9	2	0.50	-	-	-	-	1	-	-			180'	[{'type': 'line', 'name': 'Market value', 'data': [{'y': 25000, 'verein': 'Sporting CP B', 'age': '19', 'mw': '€25Th.', 'datum_mw': 'Jul 31, 2015', 'x': 1438293600000, 'marker': {'symbol': 'url(https://tmssl.akamaized.net/images/wappen/verysmall/10949.png?lm=1487424635)'}}, {'y': 75000, 'verein': 'Sporting CP B', 'age': '19', 'mw': '€75Th.', 'datum_mw': 'Mar 14, 2016', 'x': 1457910000000, 'marker': {'symbol': 'url(https://tmssl.akamaized.net/images/wappen/verysmall/10949.png?lm=1487424635)'}}, {'y': 75000, 'verein': 'Leixões SC', 'age': '20', 'mw': '€75Th.', 'datum_mw': 'Sep 30, 2016', 'x': 1475186400000, 'marker': {'symbol': 'url(https://tmssl.akamaized.net/images/wappen/verysmall/3345.png?lm=1508851080)'}}, {'y': 150000, 'verein': 'Leixões SC', 'age': '21', 'mw': '€150Th.', 'datum_mw': 'Jun 30, 2017', 'x': 1498773600000, 'marker': {'symbol': 'url(https://tmssl.akamaized.net/images/wappen/verysmall/3345.png?lm=1508851080)'}}, {'y': 225000, 'verein': 'Leixões SC', 'age': '21', 'mw': '€225Th.', 'datum_mw': 'Sep 8, 2017', 'x': 1504821600000, 'marker': {'symbol': 'url(https://tmssl.akamaized.net/images/wappen/verysmall/3345.png?lm=1508851080)'}}, {'y': 400000, 'verein': 'Leixões SC', 'age': '21', 'mw': '€400Th.', 'datum_mw': 'Feb 23, 2018', 'x': 1519340400000, 'marker': {'symbol': 'url(https://tmssl.akamaized.net/images/wappen/verysmall/3345.png?lm=1508851080)'}}, {'y': 550000, 'verein': 'Leixões SC', 'age': '22', 'mw': '€550Th.', 'datum_mw': 'Jun 29, 2018', 'x': 1530223200000, 'marker': {'symbol': 'url(https://tmssl.akamaized.net/images/wappen/verysmall/3345.png?lm=1508851080)'}}, {'y': 500000, 'verein': 'Leixões SC', 'age': '22', 'mw': '€500Th.', 'datum_mw': 'Feb 12, 2019', 'x': 1549926000000, 'marker': {'symbol': 'url(https://tmssl.akamaized.net/images/wappen/verysmall/3345.png?lm=1508851080)'}}, {'y': 550000, 'verein': 'Leixões SC', 'age': '23', 'mw': '€550Th.', 'datum_mw': 'Jun 29, 2019', 'x': 1561759200000, 'marker': {'symbol': 'url(https://tmssl.akamaized.net/images/wappen/verysmall/3345.png?lm=1508851080)'}}, {'y': 300000, 'verein': 'FC Paços de Ferreira', 'age': '23', 'mw': '€300Th.', 'datum_mw': 'Dec 30, 2019', 'x': 1577660400000, 'marker': {'symbol': 'url(https://tmssl.akamaized.net/images/wappen/verysmall/2995.png?lm=1578477741)'}}, {'y': 400000, 'verein': 'FC Paços de Ferreira', 'age': '24', 'mw': '€400Th.', 'datum_mw': 'Aug 17, 2020', 'x': 1597615200000, 'marker': {'symbol': 'url(https://tmssl.akamaized.net/images/wappen/verysmall/2995.png?lm=1578477741)'}}, {'y': 400000, 'verein': 'FC Paços de Ferreira', 'age': '24', 'mw': '€400Th.', 'datum_mw': 'Jan 28, 2021', 'x': 1611788400000, 'marker': {'symbol': 'url(https://tmssl.akamaized.net/images/wappen/verysmall/2995.png?lm=1578477741)'}}, {'y': 300000, 'verein': 'FC Paços de Ferreira', 'age': '25', 'mw': '€300Th.', 'datum_mw': 'May 21, 2021', 'x': 1621548000000, 'marker': {'symbol': 'url(https://tmssl.akamaized.net/images/wappen/verysmall/2995.png?lm=1578477741)'}}, {'y': 300000, 'verein': 'FC Paços de Ferreira', 'age': '25', 'mw': '€300Th.', 'datum_mw': 'May 21, 2021', 'x': 1621548000000, 'marker': {'symbol': 'url(https://tmssl.akamaized.net/images/wappen/verysmall/2995.png?lm=1578477741)'}}, {'y': 400000, 'verein': 'FC Paços de Ferreira', 'age': '25', 'mw': '€400Th.', 'datum_mw': 'Dec 27, 2021', 'x': 1640559600000, 'marker': {'symbol': 'url(https://tmssl.akamaized.net/images/wappen/verysmall/2995.png?lm=1578477741)'}}, {'y': 400000, 'verein': 'FC Paços de Ferreira', 'age': '26', 'mw': '€400Th.', 'datum_mw': 'May 31, 2022', 'x': 1653948000000, 'marker': {'symbol': 'url(https://tmssl.akamaized.net/images/wappen/verysmall/2995.png?lm=1578477741)'}}]}]					-	-	-		
Rui Pires	Rui Miguel Guerra Pires	Mar 22, 1998	Mirandela	24	1,82 m	Portugal	midfield - Defensive Midfield	right	PPSports	FC Paços de Ferreira	Jul 26, 2021	Jun 30, 2022		0.0	30	20	2.35	-	-	16	2	3	-	-			470'	[{'type': 'line', 'name': 'Market value', 'data': [{'y': 50000, 'verein': 'FC Porto U19', 'age': '18', 'mw': '€50Th.', 'datum_mw': 'Sep 30, 2016', 'x': 1475186400000, 'marker': {'symbol': 'url(https://tmssl.akamaized.net/images/wappen/verysmall/9844.png?lm=1486310161)'}}, {'y': 150000, 'verein': 'FC Porto U19', 'age': '19', 'mw': '€150Th.', 'datum_mw': 'Jun 30, 2017', 'x': 1498773600000, 'marker': {'symbol': 'url(https://tmssl.akamaized.net/images/wappen/verysmall/9844.png?lm=1486310161)'}}, {'y': 450000, 'verein': 'FC Porto B', 'age': '19', 'mw': '€450Th.', 'datum_mw': 'Sep 8, 2017', 'x': 1504821600000, 'marker': {'symbol': 'url(https://tmssl.akamaized.net/images/wappen/verysmall/10331.png?lm=1486310161)'}}, {'y': 600000, 'verein': 'FC Porto B', 'age': '19', 'mw': '€600Th.', 'datum_mw': 'Feb 23, 2018', 'x': 1519340400000, 'marker': {'symbol': 'url(https://tmssl.akamaized.net/images/wappen/verysmall/10331.png?lm=1486310161)'}}, {'y': 1000000, 'verein': 'FC Porto B', 'age': '20', 'mw': '€1.00m', 'datum_mw': 'Jun 29, 2018', 'x': 1530223200000, 'marker': {'symbol': 'url(https://tmssl.akamaized.net/images/wappen/verysmall/10331.png?lm=1486310161)'}}, {'y': 1000000, 'verein': 'FC Porto B', 'age': '20', 'mw': '€1.00m', 'datum_mw': 'Feb 12, 2019', 'x': 1549926000000, 'marker': {'symbol': 'url(https://tmssl.akamaized.net/images/wappen/verysmall/10331.png?lm=1486310161)'}}, {'y': 1000000, 'verein': 'FC Porto B', 'age': '21', 'mw': '€1.00m', 'datum_mw': 'Jun 29, 2019', 'x': 1561759200000, 'marker': {'symbol': 'url(https://tmssl.akamaized.net/images/wappen/verysmall/10331.png?lm=1486310161)'}}, {'y': 1000000, 'verein': 'ESTAC Troyes', 'age': '21', 'mw': '€1.00m', 'datum_mw': 'Jan 6, 2020', 'x': 1578265200000, 'marker': {'symbol': 'url(https://tmssl.akamaized.net/images/wappen/verysmall/1095.png?lm=1599945497)'}}, {'y': 900000, 'verein': 'ESTAC Troyes', 'age': '22', 'mw': '€900Th.', 'datum_mw': 'Apr 8, 2020', 'x': 1586296800000, 'marker': {'symbol': 'url(https://tmssl.akamaized.net/images/wappen/verysmall/1095.png?lm=1599945497)'}}, {'y': 900000, 'verein': 'ESTAC Troyes', 'age': '22', 'mw': '€900Th.', 'datum_mw': 'Nov 11, 2020', 'x': 1605049200000, 'marker': {'symbol': 'url(https://tmssl.akamaized.net/images/wappen/verysmall/1095.png?lm=1599945497)'}}, {'y': 800000, 'verein': 'ESTAC Troyes', 'age': '23', 'mw': '€800Th.', 'datum_mw': 'Jun 25, 2021', 'x': 1624572000000, 'marker': {'symbol': 'url(https://tmssl.akamaized.net/images/wappen/verysmall/1095.png?lm=1599945497)'}}, {'y': 600000, 'verein': 'FC Paços de Ferreira', 'age': '23', 'mw': '€600Th.', 'datum_mw': 'Dec 27, 2021', 'x': 1640559600000, 'marker': {'symbol': 'url(https://tmssl.akamaized.net/images/wappen/verysmall/2995.png?lm=1578477741)'}}, {'y': 600000, 'verein': 'FC Paços de Ferreira', 'age': '24', 'mw': '€600Th.', 'datum_mw': 'May 31, 2022', 'x': 1653948000000, 'marker': {'symbol': 'url(https://tmssl.akamaized.net/images/wappen/verysmall/2995.png?lm=1578477741)'}}]}]			ESTAC Troyes	Jun 30, 2022	-	-	-		
Mohamed Diaby		Sep 3, 1996	Grasse	25	1,88 m	France	midfield - Defensive Midfield	right	Yes Sports, Lda.	FC Paços de Ferreira	Jul 1, 2018	Jun 30, 2024		0.0	20	19	2.00	1	1	15	2	4	-	-			600'	[{'type': 'line', 'name': 'Market value', 'data': [{'y': 300000, 'verein': 'FC Paços de Ferreira', 'age': '22', 'mw': '€300Th.', 'datum_mw': 'Feb 12, 2019', 'x': 1549926000000, 'marker': {'symbol': 'url(https://tmssl.akamaized.net/images/wappen/verysmall/2995.png?lm=1578477741)'}}, {'y': 500000, 'verein': 'FC Paços de Ferreira', 'age': '22', 'mw': '€500Th.', 'datum_mw': 'Jun 29, 2019', 'x': 1561759200000, 'marker': {'symbol': 'url(https://tmssl.akamaized.net/images/wappen/verysmall/2995.png?lm=1578477741)'}}, {'y': 800000, 'verein': 'FC Paços de Ferreira', 'age': '23', 'mw': '€800Th.', 'datum_mw': 'Dec 30, 2019', 'x': 1577660400000, 'marker': {'symbol': 'url(https://tmssl.akamaized.net/images/wappen/verysmall/2995.png?lm=1578477741)'}}, {'y': 650000, 'verein': 'FC Paços de Ferreira', 'age': '23', 'mw': '€650Th.', 'datum_mw': 'Apr 8, 2020', 'x': 1586296800000, 'marker': {'symbol': 'url(https://tmssl.akamaized.net/images/wappen/verysmall/2995.png?lm=1578477741)'}}, {'y': 500000, 'verein': 'FC Paços de Ferreira', 'age': '23', 'mw': '€500Th.', 'datum_mw': 'Aug 17, 2020', 'x': 1597615200000, 'marker': {'symbol': 'url(https://tmssl.akamaized.net/images/wappen/verysmall/2995.png?lm=1578477741)'}}, {'y': 500000, 'verein': 'FC Paços de Ferreira', 'age': '24', 'mw': '€500Th.', 'datum_mw': 'Jan 28, 2021', 'x': 1611788400000, 'marker': {'symbol': 'url(https://tmssl.akamaized.net/images/wappen/verysmall/2995.png?lm=1578477741)'}}, {'y': 500000, 'verein': 'FC Paços de Ferreira', 'age': '24', 'mw': '€500Th.', 'datum_mw': 'May 21, 2021', 'x': 1621548000000, 'marker': {'symbol': 'url(https://tmssl.akamaized.net/images/wappen/verysmall/2995.png?lm=1578477741)'}}, {'y': 500000, 'verein': 'FC Paços de Ferreira', 'age': '24', 'mw': '€500Th.', 'datum_mw': 'May 21, 2021', 'x': 1621548000000, 'marker': {'symbol': 'url(https://tmssl.akamaized.net/images/wappen/verysmall/2995.png?lm=1578477741)'}}, {'y': 400000, 'verein': 'FC Paços de Ferreira', 'age': '25', 'mw': '€400Th.', 'datum_mw': 'Dec 27, 2021', 'x': 1640559600000, 'marker': {'symbol': 'url(https://tmssl.akamaized.net/images/wappen/verysmall/2995.png?lm=1578477741)'}}, {'y': 400000, 'verein': 'FC Paços de Ferreira', 'age': '25', 'mw': '€400Th.', 'datum_mw': 'May 31, 2022', 'x': 1653948000000, 'marker': {'symbol': 'url(https://tmssl.akamaized.net/images/wappen/verysmall/2995.png?lm=1578477741)'}}]}]	Mohamed Lamine Diaby	Nov 25, 2021			-	-	600'		
Abbas Ibrahim		Jan 2, 1998	Idah	24	1,71 m	Nigeria	midfield - Central Midfield	right		FC Paços de Ferreira	Jul 1, 2019	Jun 30, 2024		0.0	28	11	1.82	-	-	8	3	-	-	-			285'	[{'type': 'line', 'name': 'Market value', 'data': [{'y': 0, 'verein': 'FC Paços de Ferreira', 'age': '21', 'mw': '-', 'datum_mw': 'Jul 1, 2019', 'x': 1561932000000, 'marker': {'symbol': 'url(https://tmssl.akamaized.net/images/wappen/verysmall/2995.png?lm=1578477741)'}}, {'y': 100000, 'verein': 'FC Paços de Ferreira', 'age': '22', 'mw': '€100Th.', 'datum_mw': 'Oct 22, 2020', 'x': 1603317600000, 'marker': {'symbol': 'url(https://tmssl.akamaized.net/images/wappen/verysmall/2995.png?lm=1578477741)'}}, {'y': 150000, 'verein': 'FC Paços de Ferreira', 'age': '23', 'mw': '€150Th.', 'datum_mw': 'Jan 28, 2021', 'x': 1611788400000, 'marker': {'symbol': 'url(https://tmssl.akamaized.net/images/wappen/verysmall/2995.png?lm=1578477741)'}}, {'y': 250000, 'verein': 'FC Paços de Ferreira', 'age': '23', 'mw': '€250Th.', 'datum_mw': 'May 21, 2021', 'x': 1621548000000, 'marker': {'symbol': 'url(https://tmssl.akamaized.net/images/wappen/verysmall/2995.png?lm=1578477741)'}}, {'y': 200000, 'verein': 'FC Paços de Ferreira', 'age': '23', 'mw': '€200Th.', 'datum_mw': 'Dec 27, 2021', 'x': 1640559600000, 'marker': {'symbol': 'url(https://tmssl.akamaized.net/images/wappen/verysmall/2995.png?lm=1578477741)'}}, {'y': 200000, 'verein': 'FC Paços de Ferreira', 'age': '24', 'mw': '€200Th.', 'datum_mw': 'May 31, 2022', 'x': 1653948000000, 'marker': {'symbol': 'url(https://tmssl.akamaized.net/images/wappen/verysmall/2995.png?lm=1578477741)'}}]}]		Jun 16, 2021			-	-	-		
Luíz Carlos		Feb 5, 1985	Itaguai	37	1,75 m	Brazil	midfield - Central Midfield	right	Footconect Fma	FC Paços de Ferreira	Aug 9, 2018	Jun 30, 2023		0.0	37	37	1.51	3	4	3	24	2	-	-			2.750'	[{'type': 'line', 'name': 'Market value', 'data': [{'y': 50000, 'verein': 'SC Freamunde', 'age': '24', 'mw': '€50Th.', 'datum_mw': 'Oct 7, 2009', 'x': 1254866400000, 'marker': {'symbol': 'url(https://tmssl.akamaized.net/images/wappen/verysmall/2421.png?lm=1416393084)'}}, {'y': 150000, 'verein': 'SC Freamunde', 'age': '24', 'mw': '€150Th.', 'datum_mw': 'Jan 24, 2010', 'x': 1264287600000, 'marker': {'symbol': 'url(https://tmssl.akamaized.net/images/wappen/verysmall/2421.png?lm=1416393084)'}}, {'y': 400000, 'verein': 'SC Freamunde', 'age': '26', 'mw': '€400Th.', 'datum_mw': 'Jun 30, 2011', 'x': 1309384800000, 'marker': {'symbol': 'url(https://tmssl.akamaized.net/images/wappen/verysmall/2421.png?lm=1416393084)'}}, {'y': 700000, 'verein': 'FC Paços de Ferreira', 'age': '26', 'mw': '€700Th.', 'datum_mw': 'Feb 2, 2012', 'x': 1328137200000, 'marker': {'symbol': 'url(https://tmssl.akamaized.net/images/wappen/verysmall/2995.png?lm=1578477741)'}}, {'y': 900000, 'verein': 'FC Paços de Ferreira', 'age': '27', 'mw': '€900Th.', 'datum_mw': 'Jul 2, 2012', 'x': 1341180000000, 'marker': {'symbol': 'url(https://tmssl.akamaized.net/images/wappen/verysmall/2995.png?lm=1578477741)'}}, {'y': 1800000, 'verein': 'FC Paços de Ferreira', 'age': '28', 'mw': '€1.80m', 'datum_mw': 'Mar 28, 2013', 'x': 1364425200000, 'marker': {'symbol': 'url(https://tmssl.akamaized.net/images/wappen/verysmall/2995.png?lm=1578477741)'}}, {'y': 2500000, 'verein': 'SC Braga', 'age': '28', 'mw': '€2.50m', 'datum_mw': 'Jul 2, 2013', 'x': 1372716000000, 'marker': {'symbol': 'url(https://tmssl.akamaized.net/images/wappen/verysmall/1075.png?lm=1432893871)'}}, {'y': 3500000, 'verein': 'SC Braga', 'age': '29', 'mw': '€3.50m', 'datum_mw': 'Feb 26, 2014', 'x': 1393369200000, 'marker': {'symbol': 'url(https://tmssl.akamaized.net/images/wappen/verysmall/1075.png?lm=1432893871)'}}, {'y': 3500000, 'verein': 'SC Braga', 'age': '29', 'mw': '€3.50m', 'datum_mw': 'Jul 25, 2014', 'x': 1406239200000, 'marker': {'symbol': 'url(https://tmssl.akamaized.net/images/wappen/verysmall/1075.png?lm=1432893871)'}}, {'y': 2500000, 'verein': 'SC Braga', 'age': '30', 'mw': '€2.50m', 'datum_mw': 'Feb 17, 2015', 'x': 1424127600000, 'marker': {'symbol': 'url(https://tmssl.akamaized.net/images/wappen/verysmall/1075.png?lm=1432893871)'}}, {'y': 2500000, 'verein': 'SC Braga', 'age': '30', 'mw': '€2.50m', 'datum_mw': 'Jul 1, 2015', 'x': 1435701600000, 'marker': {'symbol': 'url(https://tmssl.akamaized.net/images/wappen/verysmall/1075.png?lm=1432893871)'}}, {'y': 2250000, 'verein': 'SC Braga', 'age': '31', 'mw': '€2.25m', 'datum_mw': 'Feb 24, 2016', 'x': 1456268400000, 'marker': {'symbol': 'url(https://tmssl.akamaized.net/images/wappen/verysmall/1075.png?lm=1432893871)'}}, {'y': 2000000, 'verein': 'SC Braga', 'age': '31', 'mw': '€2.00m', 'datum_mw': 'Jul 1, 2016', 'x': 1467324000000, 'marker': {'symbol': 'url(https://tmssl.akamaized.net/images/wappen/verysmall/1075.png?lm=1432893871)'}}, {'y': 1600000, 'verein': 'Al-Ahli Jeddah', 'age': '31', 'mw': '€1.60m', 'datum_mw': 'Nov 25, 2016', 'x': 1480028400000, 'marker': {'symbol': 'url(https://tmssl.akamaized.net/images/wappen/verysmall/18487.png?lm=1407562631)'}}, {'y': 1200000, 'verein': 'Al-Ahli Jeddah', 'age': '31', 'mw': '€1.20m', 'datum_mw': 'Jan 7, 2017', 'x': 1483743600000, 'marker': {'symbol': 'url(https://tmssl.akamaized.net/images/wappen/verysmall/18487.png?lm=1407562631)'}}, {'y': 800000, 'verein': 'Osmanlispor FK', 'age': '32', 'mw': '€800Th.', 'datum_mw': 'Jun 9, 2017', 'x': 1496959200000, 'marker': {'symbol': 'url(https://tmssl.akamaized.net/images/wappen/verysmall/2944_1599575043.png?lm=1599575043)'}}, {'y': 400000, 'verein': 'Osmanlispor FK', 'age': '33', 'mw': '€400Th.', 'datum_mw': 'Feb 12, 2018', 'x': 1518390000000, 'marker': {'symbol': 'url(https://tmssl.akamaized.net/images/wappen/verysmall/2944_1599575043.png?lm=1599575043)'}}, {'y': 250000, 'verein': 'Osmanlispor FK', 'age': '33', 'mw': '€250Th.', 'datum_mw': 'May 29, 2018', 'x': 1527544800000, 'marker': {'symbol': 'url(https://tmssl.akamaized.net/images/wappen/verysmall/2944_1599575043.png?lm=1599575043)'}}, {'y': 100000, 'verein': 'FC Paços de Ferreira', 'age': '34', 'mw': '€100Th.', 'datum_mw': 'Feb 12, 2019', 'x': 1549926000000, 'marker': {'symbol': 'url(https://tmssl.akamaized.net/images/wappen/verysmall/2995.png?lm=1578477741)'}}, {'y': 100000, 'verein': 'FC Paços de Ferreira', 'age': '34', 'mw': '€100Th.', 'datum_mw': 'Jun 29, 2019', 'x': 1561759200000, 'marker': {'symbol': 'url(https://tmssl.akamaized.net/images/wappen/verysmall/2995.png?lm=1578477741)'}}, {'y': 100000, 'verein': 'FC Paços de Ferreira', 'age': '34', 'mw': '€100Th.', 'datum_mw': 'Dec 30, 2019', 'x': 1577660400000, 'marker': {'symbol': 'url(https://tmssl.akamaized.net/images/wappen/verysmall/2995.png?lm=1578477741)'}}, {'y': 100000, 'verein': 'FC Paços de Ferreira', 'age': '35', 'mw': '€100Th.', 'datum_mw': 'Aug 17, 2020', 'x': 1597615200000, 'marker': {'symbol': 'url(https://tmssl.akamaized.net/images/wappen/verysmall/2995.png?lm=1578477741)'}}, {'y': 100000, 'verein': 'FC Paços de Ferreira', 'age': '35', 'mw': '€100Th.', 'datum_mw': 'Jan 28, 2021', 'x': 1611788400000, 'marker': {'symbol': 'url(https://tmssl.akamaized.net/images/wappen/verysmall/2995.png?lm=1578477741)'}}, {'y': 100000, 'verein': 'FC Paços de Ferreira', 'age': '36', 'mw': '€100Th.', 'datum_mw': 'May 21, 2021', 'x': 1621548000000, 'marker': {'symbol': 'url(https://tmssl.akamaized.net/images/wappen/verysmall/2995.png?lm=1578477741)'}}, {'y': 100000, 'verein': 'FC Paços de Ferreira', 'age': '36', 'mw': '€100Th.', 'datum_mw': 'May 21, 2021', 'x': 1621548000000, 'marker': {'symbol': 'url(https://tmssl.akamaized.net/images/wappen/verysmall/2995.png?lm=1578477741)'}}, {'y': 100000, 'verein': 'FC Paços de Ferreira', 'age': '36', 'mw': '€100Th.', 'datum_mw': 'Dec 27, 2021', 'x': 1640559600000, 'marker': {'symbol': 'url(https://tmssl.akamaized.net/images/wappen/verysmall/2995.png?lm=1578477741)'}}, {'y': 100000, 'verein': 'FC Paços de Ferreira', 'age': '37', 'mw': '€100Th.', 'datum_mw': 'May 31, 2022', 'x': 1653948000000, 'marker': {'symbol': 'url(https://tmssl.akamaized.net/images/wappen/verysmall/2995.png?lm=1578477741)'}}]}]	Luíz Carlos Martins Moreira	Jun 7, 2022			-	-	917'		
Nuno Santos	Nuno Miguel Valente Santos	Mar 2, 1999	Porto	23	1,79 m	Portugal	midfield - Attacking Midfield	right	Bruno Carvalho	FC Paços de Ferreira	Jul 11, 2021	Jun 30, 2022		0.0	31	30	1.03	1	1	9	13	4	1	-			1.804'	[{'type': 'line', 'name': 'Market value', 'data': [{'y': 200000, 'verein': 'SL Benfica B', 'age': '18', 'mw': '€200Th.', 'datum_mw': 'Sep 8, 2017', 'x': 1504821600000, 'marker': {'symbol': 'url(https://tmssl.akamaized.net/images/wappen/verysmall/10330.png?lm=1535908439)'}}, {'y': 175000, 'verein': 'SL Benfica B', 'age': '18', 'mw': '€175Th.', 'datum_mw': 'Feb 23, 2018', 'x': 1519340400000, 'marker': {'symbol': 'url(https://tmssl.akamaized.net/images/wappen/verysmall/10330.png?lm=1535908439)'}}, {'y': 150000, 'verein': 'SL Benfica B', 'age': '19', 'mw': '€150Th.', 'datum_mw': 'Jun 29, 2018', 'x': 1530223200000, 'marker': {'symbol': 'url(https://tmssl.akamaized.net/images/wappen/verysmall/10330.png?lm=1535908439)'}}, {'y': 1500000, 'verein': 'SL Benfica B', 'age': '19', 'mw': '€1.50m', 'datum_mw': 'Feb 12, 2019', 'x': 1549926000000, 'marker': {'symbol': 'url(https://tmssl.akamaized.net/images/wappen/verysmall/10330.png?lm=1535908439)'}}, {'y': 1500000, 'verein': 'SL Benfica B', 'age': '20', 'mw': '€1.50m', 'datum_mw': 'Jun 29, 2019', 'x': 1561759200000, 'marker': {'symbol': 'url(https://tmssl.akamaized.net/images/wappen/verysmall/10330.png?lm=1535908439)'}}, {'y': 1500000, 'verein': 'SL Benfica B', 'age': '20', 'mw': '€1.50m', 'datum_mw': 'Dec 31, 2019', 'x': 1577746800000, 'marker': {'symbol': 'url(https://tmssl.akamaized.net/images/wappen/verysmall/10330.png?lm=1535908439)'}}, {'y': 1300000, 'verein': 'Moreirense FC', 'age': '21', 'mw': '€1.30m', 'datum_mw': 'Apr 8, 2020', 'x': 1586296800000, 'marker': {'symbol': 'url(https://tmssl.akamaized.net/images/wappen/verysmall/979.png?lm=1552324606)'}}, {'y': 1500000, 'verein': 'Boavista FC', 'age': '21', 'mw': '€1.50m', 'datum_mw': 'Oct 22, 2020', 'x': 1603317600000, 'marker': {'symbol': 'url(https://tmssl.akamaized.net/images/wappen/verysmall/2503.png?lm=1480959207)'}}, {'y': 2000000, 'verein': 'Boavista FC', 'age': '21', 'mw': '€2.00m', 'datum_mw': 'Jan 28, 2021', 'x': 1611788400000, 'marker': {'symbol': 'url(https://tmssl.akamaized.net/images/wappen/verysmall/2503.png?lm=1480959207)'}}, {'y': 1500000, 'verein': 'Boavista FC', 'age': '22', 'mw': '€1.50m', 'datum_mw': 'May 21, 2021', 'x': 1621548000000, 'marker': {'symbol': 'url(https://tmssl.akamaized.net/images/wappen/verysmall/2503.png?lm=1480959207)'}}, {'y': 1500000, 'verein': 'Boavista FC', 'age': '22', 'mw': '€1.50m', 'datum_mw': 'May 21, 2021', 'x': 1621548000000, 'marker': {'symbol': 'url(https://tmssl.akamaized.net/images/wappen/verysmall/2503.png?lm=1480959207)'}}, {'y': 2500000, 'verein': 'FC Paços de Ferreira', 'age': '22', 'mw': '€2.50m', 'datum_mw': 'Dec 27, 2021', 'x': 1640559600000, 'marker': {'symbol': 'url(https://tmssl.akamaized.net/images/wappen/verysmall/2995.png?lm=1578477741)'}}, {'y': 2500000, 'verein': 'FC Paços de Ferreira', 'age': '23', 'mw': '€2.50m', 'datum_mw': 'May 31, 2022', 'x': 1653948000000, 'marker': {'symbol': 'url(https://tmssl.akamaized.net/images/wappen/verysmall/2995.png?lm=1578477741)'}}]}]			SL Benfica	Jun 30, 2024	1	-	1.804'	Nike	
Matchoi Djaló	Matchoi Bobó Djaló	Apr 10, 2003	Bissau	19	1,75 m	"Portugal
  Guinea-Bissau"	midfield - Attacking Midfield	right	RSSFINTER	FC Paços de Ferreira	Jul 1, 2019	Jun 30, 2024		0.0	16	4	0.50	-	-	3	1	-	-	-			83'	[{'type': 'line', 'name': 'Market value', 'data': [{'y': 200000, 'verein': 'FC Paços de Ferreira', 'age': '16', 'mw': '€200Th.', 'datum_mw': 'Oct 11, 2019', 'x': 1570744800000, 'marker': {'symbol': 'url(https://tmssl.akamaized.net/images/wappen/verysmall/2995.png?lm=1578477741)'}}, {'y': 200000, 'verein': 'FC Paços de Ferreira', 'age': '16', 'mw': '€200Th.', 'datum_mw': 'Dec 30, 2019', 'x': 1577660400000, 'marker': {'symbol': 'url(https://tmssl.akamaized.net/images/wappen/verysmall/2995.png?lm=1578477741)'}}, {'y': 400000, 'verein': 'FC Paços de Ferreira', 'age': '17', 'mw': '€400Th.', 'datum_mw': 'Aug 17, 2020', 'x': 1597615200000, 'marker': {'symbol': 'url(https://tmssl.akamaized.net/images/wappen/verysmall/2995.png?lm=1578477741)'}}, {'y': 400000, 'verein': 'FC Paços de Ferreira', 'age': '17', 'mw': '€400Th.', 'datum_mw': 'Jan 28, 2021', 'x': 1611788400000, 'marker': {'symbol': 'url(https://tmssl.akamaized.net/images/wappen/verysmall/2995.png?lm=1578477741)'}}, {'y': 400000, 'verein': 'FC Paços de Ferreira', 'age': '18', 'mw': '€400Th.', 'datum_mw': 'May 21, 2021', 'x': 1621548000000, 'marker': {'symbol': 'url(https://tmssl.akamaized.net/images/wappen/verysmall/2995.png?lm=1578477741)'}}, {'y': 400000, 'verein': 'FC Paços de Ferreira', 'age': '18', 'mw': '€400Th.', 'datum_mw': 'May 21, 2021', 'x': 1621548000000, 'marker': {'symbol': 'url(https://tmssl.akamaized.net/images/wappen/verysmall/2995.png?lm=1578477741)'}}, {'y': 1000000, 'verein': 'FC Paços de Ferreira', 'age': '18', 'mw': '€1.00m', 'datum_mw': 'Dec 27, 2021', 'x': 1640559600000, 'marker': {'symbol': 'url(https://tmssl.akamaized.net/images/wappen/verysmall/2995.png?lm=1578477741)'}}, {'y': 2000000, 'verein': 'FC Paços de Ferreira', 'age': '18', 'mw': '€2.00m', 'datum_mw': 'Mar 10, 2022', 'x': 1646866800000, 'marker': {'symbol': 'url(https://tmssl.akamaized.net/images/wappen/verysmall/2995.png?lm=1578477741)'}}, {'y': 2000000, 'verein': 'FC Paços de Ferreira', 'age': '19', 'mw': '€2.00m', 'datum_mw': 'May 31, 2022', 'x': 1653948000000, 'marker': {'symbol': 'url(https://tmssl.akamaized.net/images/wappen/verysmall/2995.png?lm=1578477741)'}}]}]					-	-	-		
Nicolás Gaitán	Osvaldo Fabián Nicolás Gaitán	Feb 23, 1988	San Martín	34	1,74 m	Argentina	midfield - Attacking Midfield	left	Jose Rafael Iribarren	FC Paços de Ferreira	Jan 31, 2022	Jun 30, 2022		0.0	39	33	1.79	3	2	24	9	3	-	-			1.070'	[{'type': 'line', 'name': 'Market value', 'data': [{'y': 50000, 'verein': 'CA Boca Juniors II', 'age': '20', 'mw': '€50Th.', 'datum_mw': 'Jun 4, 2008', 'x': 1212530400000, 'marker': {'symbol': 'url(https://tmssl.akamaized.net/images/wappen/verysmall/14831.png?lm=1511621130)'}}, {'y': 900000, 'verein': 'CA Boca Juniors', 'age': '20', 'mw': '€900Th.', 'datum_mw': 'Dec 20, 2008', 'x': 1229727600000, 'marker': {'symbol': 'url(https://tmssl.akamaized.net/images/wappen/verysmall/189.png?lm=1511621129)'}}, {'y': 1800000, 'verein': 'CA Boca Juniors', 'age': '21', 'mw': '€1.80m', 'datum_mw': 'May 14, 2009', 'x': 1242252000000, 'marker': {'symbol': 'url(https://tmssl.akamaized.net/images/wappen/verysmall/189.png?lm=1511621129)'}}, {'y': 2000000, 'verein': 'CA Boca Juniors', 'age': '21', 'mw': '€2.00m', 'datum_mw': 'Oct 6, 2009', 'x': 1254780000000, 'marker': {'symbol': 'url(https://tmssl.akamaized.net/images/wappen/verysmall/189.png?lm=1511621129)'}}, {'y': 3500000, 'verein': 'CA Boca Juniors', 'age': '21', 'mw': '€3.50m', 'datum_mw': 'Jan 21, 2010', 'x': 1264028400000, 'marker': {'symbol': 'url(https://tmssl.akamaized.net/images/wappen/verysmall/189.png?lm=1511621129)'}}, {'y': 5000000, 'verein': 'CA Boca Juniors', 'age': '22', 'mw': '€5.00m', 'datum_mw': 'Apr 20, 2010', 'x': 1271714400000, 'marker': {'symbol': 'url(https://tmssl.akamaized.net/images/wappen/verysmall/189.png?lm=1511621129)'}}, {'y': 7000000, 'verein': 'SL Benfica', 'age': '22', 'mw': '€7.00m', 'datum_mw': 'Jul 14, 2010', 'x': 1279058400000, 'marker': {'symbol': 'url(https://tmssl.akamaized.net/images/wappen/verysmall/294.png?lm=1535908439)'}}, {'y': 8500000, 'verein': 'SL Benfica', 'age': '22', 'mw': '€8.50m', 'datum_mw': 'Feb 4, 2011', 'x': 1296774000000, 'marker': {'symbol': 'url(https://tmssl.akamaized.net/images/wappen/verysmall/294.png?lm=1535908439)'}}, {'y': 10500000, 'verein': 'SL Benfica', 'age': '23', 'mw': '€10.50m', 'datum_mw': 'Jun 15, 2011', 'x': 1308088800000, 'marker': {'symbol': 'url(https://tmssl.akamaized.net/images/wappen/verysmall/294.png?lm=1535908439)'}}, {'y': 15000000, 'verein': 'SL Benfica', 'age': '23', 'mw': '€15.00m', 'datum_mw': 'Feb 2, 2012', 'x': 1328137200000, 'marker': {'symbol': 'url(https://tmssl.akamaized.net/images/wappen/verysmall/294.png?lm=1535908439)'}}, {'y': 16000000, 'verein': 'SL Benfica', 'age': '24', 'mw': '€16.00m', 'datum_mw': 'Jul 7, 2012', 'x': 1341612000000, 'marker': {'symbol': 'url(https://tmssl.akamaized.net/images/wappen/verysmall/294.png?lm=1535908439)'}}, {'y': 17500000, 'verein': 'SL Benfica', 'age': '25', 'mw': '€17.50m', 'datum_mw': 'Mar 27, 2013', 'x': 1364338800000, 'marker': {'symbol': 'url(https://tmssl.akamaized.net/images/wappen/verysmall/294.png?lm=1535908439)'}}, {'y': 18000000, 'verein': 'SL Benfica', 'age': '25', 'mw': '€18.00m', 'datum_mw': 'Jul 2, 2013', 'x': 1372716000000, 'marker': {'symbol': 'url(https://tmssl.akamaized.net/images/wappen/verysmall/294.png?lm=1535908439)'}}, {'y': 22000000, 'verein': 'SL Benfica', 'age': '26', 'mw': '€22.00m', 'datum_mw': 'Jul 25, 2014', 'x': 1406239200000, 'marker': {'symbol': 'url(https://tmssl.akamaized.net/images/wappen/verysmall/294.png?lm=1535908439)'}}, {'y': 25000000, 'verein': 'SL Benfica', 'age': '26', 'mw': '€25.00m', 'datum_mw': 'Sep 30, 2014', 'x': 1412028000000, 'marker': {'symbol': 'url(https://tmssl.akamaized.net/images/wappen/verysmall/294.png?lm=1535908439)'}}, {'y': 26000000, 'verein': 'SL Benfica', 'age': '26', 'mw': '€26.00m', 'datum_mw': 'Feb 17, 2015', 'x': 1424127600000, 'marker': {'symbol': 'url(https://tmssl.akamaized.net/images/wappen/verysmall/294.png?lm=1535908439)'}}, {'y': 27000000, 'verein': 'SL Benfica', 'age': '27', 'mw': '€27.00m', 'datum_mw': 'Jul 1, 2015', 'x': 1435701600000, 'marker': {'symbol': 'url(https://tmssl.akamaized.net/images/wappen/verysmall/294.png?lm=1535908439)'}}, {'y': 30000000, 'verein': 'SL Benfica', 'age': '27', 'mw': '€30.00m', 'datum_mw': 'Oct 7, 2015', 'x': 1444168800000, 'marker': {'symbol': 'url(https://tmssl.akamaized.net/images/wappen/verysmall/294.png?lm=1535908439)'}}, {'y': 30000000, 'verein': 'SL Benfica', 'age': '28', 'mw': '€30.00m', 'datum_mw': 'Feb 24, 2016', 'x': 1456268400000, 'marker': {'symbol': 'url(https://tmssl.akamaized.net/images/wappen/verysmall/294.png?lm=1535908439)'}}, {'y': 25000000, 'verein': 'Atlético de Madrid', 'age': '28', 'mw': '€25.00m', 'datum_mw': 'Jul 15, 2016', 'x': 1468533600000, 'marker': {'symbol': 'url(https://tmssl.akamaized.net/images/wappen/verysmall/13_1499465832.png?lm=1499465832)'}}, {'y': 22000000, 'verein': 'Atlético de Madrid', 'age': '28', 'mw': '€22.00m', 'datum_mw': 'Jan 24, 2017', 'x': 1485212400000, 'marker': {'symbol': 'url(https://tmssl.akamaized.net/images/wappen/verysmall/13_1499465832.png?lm=1499465832)'}}, {'y': 20000000, 'verein': 'Atlético de Madrid', 'age': '29', 'mw': '€20.00m', 'datum_mw': 'Jun 5, 2017', 'x': 1496613600000, 'marker': {'symbol': 'url(https://tmssl.akamaized.net/images/wappen/verysmall/13_1499465832.png?lm=1499465832)'}}, {'y': 15000000, 'verein': 'Atlético de Madrid', 'age': '29', 'mw': '€15.00m', 'datum_mw': 'Jan 1, 2018', 'x': 1514761200000, 'marker': {'symbol': 'url(https://tmssl.akamaized.net/images/wappen/verysmall/13.png?lm=1519120744)'}}, {'y': 12000000, 'verein': 'Dalian Yifang', 'age': '30', 'mw': '€12.00m', 'datum_mw': 'Mar 12, 2018', 'x': 1520809200000, 'marker': {'symbol': 'url(https://tmssl.akamaized.net/images/wappen/verysmall/33304.png?lm=1579630884)'}}, {'y': 8000000, 'verein': 'Dalian Yifang', 'age': '30', 'mw': '€8.00m', 'datum_mw': 'Jun 5, 2018', 'x': 1528149600000, 'marker': {'symbol': 'url(https://tmssl.akamaized.net/images/wappen/verysmall/33304.png?lm=1579630884)'}}, {'y': 8500000, 'verein': 'Dalian Yifang', 'age': '30', 'mw': '€8.50m', 'datum_mw': 'Dec 9, 2018', 'x': 1544310000000, 'marker': {'symbol': 'url(https://tmssl.akamaized.net/images/wappen/verysmall/33304.png?lm=1579630884)'}}, {'y': 6500000, 'verein': 'Chicago Fire', 'age': '31', 'mw': '€6.50m', 'datum_mw': 'Mar 20, 2019', 'x': 1553036400000, 'marker': {'symbol': 'url(https://tmssl.akamaized.net/images/wappen/verysmall/432_1574357491.png?lm=1574357493)'}}, {'y': 5000000, 'verein': 'Chicago Fire', 'age': '31', 'mw': '€5.00m', 'datum_mw': 'May 27, 2019', 'x': 1558908000000, 'marker': {'symbol': 'url(https://tmssl.akamaized.net/images/wappen/verysmall/432_1574357491.png?lm=1574357493)'}}, {'y': 4000000, 'verein': 'Chicago Fire FC', 'age': '31', 'mw': '€4.00m', 'datum_mw': 'Nov 30, 2019', 'x': 1575068400000, 'marker': {'symbol': 'url(https://tmssl.akamaized.net/images/wappen/verysmall/432_1634667556.png?lm=1634667556)'}}, {'y': 3200000, 'verein': 'LOSC Lille', 'age': '32', 'mw': '€3.20m', 'datum_mw': 'Apr 8, 2020', 'x': 1586296800000, 'marker': {'symbol': 'url(https://tmssl.akamaized.net/images/wappen/verysmall/1082.png?lm=1529521041)'}}, {'y': 3000000, 'verein': 'SC Braga', 'age': '32', 'mw': '€3.00m', 'datum_mw': 'Aug 17, 2020', 'x': 1597615200000, 'marker': {'symbol': 'url(https://tmssl.akamaized.net/images/wappen/verysmall/1075.png?lm=1432893871)'}}, {'y': 1500000, 'verein': 'SC Braga', 'age': '32', 'mw': '€1.50m', 'datum_mw': 'Jan 28, 2021', 'x': 1611788400000, 'marker': {'symbol': 'url(https://tmssl.akamaized.net/images/wappen/verysmall/1075.png?lm=1432893871)'}}, {'y': 1500000, 'verein': 'SC Braga', 'age': '33', 'mw': '€1.50m', 'datum_mw': 'May 21, 2021', 'x': 1621548000000, 'marker': {'symbol': 'url(https://tmssl.akamaized.net/images/wappen/verysmall/1075.png?lm=1432893871)'}}, {'y': 800000, 'verein': 'CA Peñarol', 'age': '33', 'mw': '€800Th.', 'datum_mw': 'Sep 10, 2021', 'x': 1631224800000, 'marker': {'symbol': 'url(https://tmssl.akamaized.net/images/wappen/verysmall/861.png?lm=1644878396)'}}, {'y': 600000, 'verein': 'FC Paços de Ferreira', 'age': '34', 'mw': '€600Th.', 'datum_mw': 'Mar 10, 2022', 'x': 1646866800000, 'marker': {'symbol': 'url(https://tmssl.akamaized.net/images/wappen/verysmall/2995.png?lm=1578477741)'}}, {'y': 500000, 'verein': 'FC Paços de Ferreira', 'age': '34', 'mw': '€500Th.', 'datum_mw': 'May 31, 2022', 'x': 1653948000000, 'marker': {'symbol': 'url(https://tmssl.akamaized.net/images/wappen/verysmall/2995.png?lm=1578477741)'}}]}]					-	-	357'	adidas	Option for a further year
Noa Cervantes	نوح سيرفانتيس	Apr 16, 2003	Charleville-Mézières	19	1,78 m	"Algeria
  France"	midfield - Attacking Midfield	left	ISF SPORTS	FC Paços de Ferreira	Jan 28, 2022	Jun 30, 2022		0.0	4	4	1.75	-	2	3	1	-	-	-			131'	[{'type': 'line', 'name': 'Market value', 'data': [{'y': 300000, 'verein': 'FC Paços de Ferreira', 'age': '18', 'mw': '€300Th.', 'datum_mw': 'Mar 10, 2022', 'x': 1646866800000, 'marker': {'symbol': 'url(https://tmssl.akamaized.net/images/wappen/verysmall/2995.png?lm=1578477741)'}}, {'y': 300000, 'verein': 'FC Paços de Ferreira', 'age': '19', 'mw': '€300Th.', 'datum_mw': 'May 31, 2022', 'x': 1653948000000, 'marker': {'symbol': 'url(https://tmssl.akamaized.net/images/wappen/verysmall/2995.png?lm=1578477741)'}}]}]			Stade Reims B	Jun 30, 2025	-	-	-		
Lucas Silva																																					
Juan Delgado	Juan Antonio Delgado Baeza	Mar 5, 1993	Santiago de Chile	29	1,76 m	Chile	attack - Right Winger	right	AIM fútbol	FC Paços de Ferreira	Jul 1, 2021	Jun 30, 2024		0.0	30	29	1.03	2	-	3	17	4	-	1			2.177'	[{'type': 'line', 'name': 'Market value', 'data': [{'y': 100000, 'verein': 'CSD Colo Colo', 'age': '18', 'mw': '€100Th.', 'datum_mw': 'Dec 25, 2011', 'x': 1324767600000, 'marker': {'symbol': 'url(https://tmssl.akamaized.net/images/wappen/verysmall/2433.png?lm=1438116341)'}}, {'y': 900000, 'verein': 'CSD Colo Colo', 'age': '22', 'mw': '€900Th.', 'datum_mw': 'Jan 11, 2016', 'x': 1452466800000, 'marker': {'symbol': 'url(https://tmssl.akamaized.net/images/wappen/verysmall/2433.png?lm=1438116341)'}}, {'y': 700000, 'verein': 'Gimnàstic de Tarragona', 'age': '23', 'mw': '€700Th.', 'datum_mw': 'Oct 27, 2016', 'x': 1477519200000, 'marker': {'symbol': 'url(https://tmssl.akamaized.net/images/wappen/verysmall/5648.png?lm=1437940874)'}}, {'y': 500000, 'verein': 'Gimnàstic de Tarragona', 'age': '23', 'mw': '€500Th.', 'datum_mw': 'Jan 24, 2017', 'x': 1485212400000, 'marker': {'symbol': 'url(https://tmssl.akamaized.net/images/wappen/verysmall/5648.png?lm=1437940874)'}}, {'y': 400000, 'verein': 'Gimnàstic de Tarragona', 'age': '24', 'mw': '€400Th.', 'datum_mw': 'Jun 29, 2017', 'x': 1498687200000, 'marker': {'symbol': 'url(https://tmssl.akamaized.net/images/wappen/verysmall/5648.png?lm=1437940874)'}}, {'y': 400000, 'verein': 'Gimnàstic de Tarragona', 'age': '24', 'mw': '€400Th.', 'datum_mw': 'Jan 1, 2018', 'x': 1514761200000, 'marker': {'symbol': 'url(https://tmssl.akamaized.net/images/wappen/verysmall/5648.png?lm=1437940874)'}}, {'y': 400000, 'verein': 'CD Tondela', 'age': '25', 'mw': '€400Th.', 'datum_mw': 'Jun 13, 2018', 'x': 1528840800000, 'marker': {'symbol': 'url(https://tmssl.akamaized.net/images/wappen/verysmall/7179.png?lm=1506427804)'}}, {'y': 600000, 'verein': 'CD Tondela', 'age': '25', 'mw': '€600Th.', 'datum_mw': 'Jan 11, 2019', 'x': 1547161200000, 'marker': {'symbol': 'url(https://tmssl.akamaized.net/images/wappen/verysmall/7179.png?lm=1506427804)'}}, {'y': 700000, 'verein': 'CD Tondela', 'age': '26', 'mw': '€700Th.', 'datum_mw': 'Jun 7, 2019', 'x': 1559858400000, 'marker': {'symbol': 'url(https://tmssl.akamaized.net/images/wappen/verysmall/7179.png?lm=1506427804)'}}, {'y': 1000000, 'verein': 'Club Necaxa', 'age': '26', 'mw': '€1.00m', 'datum_mw': 'Aug 13, 2019', 'x': 1565647200000, 'marker': {'symbol': 'url(https://tmssl.akamaized.net/images/wappen/verysmall/1146.png?lm=1418834772)'}}, {'y': 1500000, 'verein': 'Club Necaxa', 'age': '26', 'mw': '€1.50m', 'datum_mw': 'Jan 10, 2020', 'x': 1578610800000, 'marker': {'symbol': 'url(https://tmssl.akamaized.net/images/wappen/verysmall/1146.png?lm=1418834772)'}}, {'y': 1200000, 'verein': 'Club Necaxa', 'age': '27', 'mw': '€1.20m', 'datum_mw': 'Apr 8, 2020', 'x': 1586296800000, 'marker': {'symbol': 'url(https://tmssl.akamaized.net/images/wappen/verysmall/1146.png?lm=1418834772)'}}, {'y': 1800000, 'verein': 'Club Necaxa', 'age': '27', 'mw': '€1.80m', 'datum_mw': 'Jun 27, 2020', 'x': 1593208800000, 'marker': {'symbol': 'url(https://tmssl.akamaized.net/images/wappen/verysmall/1146.png?lm=1418834772)'}}, {'y': 1800000, 'verein': 'Club Necaxa', 'age': '27', 'mw': '€1.80m', 'datum_mw': 'Dec 18, 2020', 'x': 1608246000000, 'marker': {'symbol': 'url(https://tmssl.akamaized.net/images/wappen/verysmall/1146.png?lm=1418834772)'}}, {'y': 1500000, 'verein': 'Club Necaxa', 'age': '28', 'mw': '€1.50m', 'datum_mw': 'Apr 21, 2021', 'x': 1618956000000, 'marker': {'symbol': 'url(https://tmssl.akamaized.net/images/wappen/verysmall/1146.png?lm=1418834772)'}}, {'y': 1000000, 'verein': 'FC Paços de Ferreira', 'age': '28', 'mw': '€1.00m', 'datum_mw': 'Dec 27, 2021', 'x': 1640559600000, 'marker': {'symbol': 'url(https://tmssl.akamaized.net/images/wappen/verysmall/2995.png?lm=1578477741)'}}, {'y': 1000000, 'verein': 'FC Paços de Ferreira', 'age': '29', 'mw': '€1.00m', 'datum_mw': 'May 31, 2022', 'x': 1653948000000, 'marker': {'symbol': 'url(https://tmssl.akamaized.net/images/wappen/verysmall/2995.png?lm=1578477741)'}}]}]					-	-	1.089'		
Hélder Ferreira		Apr 5, 1997	Fafe	25	1,79 m	Portugal	attack - Right Winger	left	MNM Sports Management	FC Paços de Ferreira	Jul 1, 2019	Jun 30, 2022		0.0	35	35	1.57	4	6	8	26	4	-	-			2.156'	[{'type': 'line', 'name': 'Market value', 'data': [{'y': 50000, 'verein': 'Vitória Guimarães SC B', 'age': '19', 'mw': '€50Th.', 'datum_mw': 'Sep 30, 2016', 'x': 1475186400000, 'marker': {'symbol': 'url(https://tmssl.akamaized.net/images/wappen/verysmall/15136.png?lm=1416391455)'}}, {'y': 600000, 'verein': 'Vitória Guimarães SC B', 'age': '20', 'mw': '€600Th.', 'datum_mw': 'Jun 30, 2017', 'x': 1498773600000, 'marker': {'symbol': 'url(https://tmssl.akamaized.net/images/wappen/verysmall/15136.png?lm=1416391455)'}}, {'y': 700000, 'verein': 'Vitória Guimarães SC', 'age': '20', 'mw': '€700Th.', 'datum_mw': 'Feb 7, 2018', 'x': 1517958000000, 'marker': {'symbol': 'url(https://tmssl.akamaized.net/images/wappen/verysmall/2420.png?lm=1432894021)'}}, {'y': 600000, 'verein': 'Vitória Guimarães SC', 'age': '21', 'mw': '€600Th.', 'datum_mw': 'Jun 13, 2018', 'x': 1528840800000, 'marker': {'symbol': 'url(https://tmssl.akamaized.net/images/wappen/verysmall/2420.png?lm=1432894021)'}}, {'y': 450000, 'verein': 'Vitória Guimarães SC B', 'age': '21', 'mw': '€450Th.', 'datum_mw': 'Feb 12, 2019', 'x': 1549926000000, 'marker': {'symbol': 'url(https://tmssl.akamaized.net/images/wappen/verysmall/15136.png?lm=1416391455)'}}, {'y': 350000, 'verein': 'Vitória Guimarães SC B', 'age': '22', 'mw': '€350Th.', 'datum_mw': 'Jun 29, 2019', 'x': 1561759200000, 'marker': {'symbol': 'url(https://tmssl.akamaized.net/images/wappen/verysmall/15136.png?lm=1416391455)'}}, {'y': 550000, 'verein': 'FC Paços de Ferreira', 'age': '22', 'mw': '€550Th.', 'datum_mw': 'Dec 30, 2019', 'x': 1577660400000, 'marker': {'symbol': 'url(https://tmssl.akamaized.net/images/wappen/verysmall/2995.png?lm=1578477741)'}}, {'y': 450000, 'verein': 'FC Paços de Ferreira', 'age': '23', 'mw': '€450Th.', 'datum_mw': 'Apr 8, 2020', 'x': 1586296800000, 'marker': {'symbol': 'url(https://tmssl.akamaized.net/images/wappen/verysmall/2995.png?lm=1578477741)'}}, {'y': 800000, 'verein': 'FC Paços de Ferreira', 'age': '23', 'mw': '€800Th.', 'datum_mw': 'Aug 17, 2020', 'x': 1597615200000, 'marker': {'symbol': 'url(https://tmssl.akamaized.net/images/wappen/verysmall/2995.png?lm=1578477741)'}}, {'y': 1500000, 'verein': 'FC Paços de Ferreira', 'age': '23', 'mw': '€1.50m', 'datum_mw': 'Jan 28, 2021', 'x': 1611788400000, 'marker': {'symbol': 'url(https://tmssl.akamaized.net/images/wappen/verysmall/2995.png?lm=1578477741)'}}, {'y': 1500000, 'verein': 'FC Paços de Ferreira', 'age': '24', 'mw': '€1.50m', 'datum_mw': 'May 21, 2021', 'x': 1621548000000, 'marker': {'symbol': 'url(https://tmssl.akamaized.net/images/wappen/verysmall/2995.png?lm=1578477741)'}}, {'y': 1500000, 'verein': 'FC Paços de Ferreira', 'age': '24', 'mw': '€1.50m', 'datum_mw': 'May 21, 2021', 'x': 1621548000000, 'marker': {'symbol': 'url(https://tmssl.akamaized.net/images/wappen/verysmall/2995.png?lm=1578477741)'}}, {'y': 1000000, 'verein': 'FC Paços de Ferreira', 'age': '24', 'mw': '€1.00m', 'datum_mw': 'Dec 27, 2021', 'x': 1640559600000, 'marker': {'symbol': 'url(https://tmssl.akamaized.net/images/wappen/verysmall/2995.png?lm=1578477741)'}}, {'y': 750000, 'verein': 'FC Paços de Ferreira', 'age': '24', 'mw': '€750Th.', 'datum_mw': 'Mar 10, 2022', 'x': 1646866800000, 'marker': {'symbol': 'url(https://tmssl.akamaized.net/images/wappen/verysmall/2995.png?lm=1578477741)'}}, {'y': 750000, 'verein': 'FC Paços de Ferreira', 'age': '25', 'mw': '€750Th.', 'datum_mw': 'May 31, 2022', 'x': 1653948000000, 'marker': {'symbol': 'url(https://tmssl.akamaized.net/images/wappen/verysmall/2995.png?lm=1578477741)'}}]}]	Hélder José Castro Ferreira				-	-	539'		
Uilton		Jul 25, 1992	Itapitanga	29	1,75 m	Brazil	attack - Right Winger	right	PromoSport	FC Paços de Ferreira	Jul 1, 2021	Jun 30, 2024		0.0	37	36	1.56	2	-	18	8	3	-	-			1.736'	[{'type': 'line', 'name': 'Market value', 'data': [{'y': 200000, 'verein': 'FC Paços de Ferreira', 'age': '26', 'mw': '€200Th.', 'datum_mw': 'Feb 12, 2019', 'x': 1549926000000, 'marker': {'symbol': 'url(https://tmssl.akamaized.net/images/wappen/verysmall/2995.png?lm=1578477741)'}}, {'y': 200000, 'verein': 'FC Paços de Ferreira', 'age': '26', 'mw': '€200Th.', 'datum_mw': 'Jun 29, 2019', 'x': 1561759200000, 'marker': {'symbol': 'url(https://tmssl.akamaized.net/images/wappen/verysmall/2995.png?lm=1578477741)'}}, {'y': 300000, 'verein': 'FC Paços de Ferreira', 'age': '27', 'mw': '€300Th.', 'datum_mw': 'Dec 30, 2019', 'x': 1577660400000, 'marker': {'symbol': 'url(https://tmssl.akamaized.net/images/wappen/verysmall/2995.png?lm=1578477741)'}}, {'y': 300000, 'verein': 'FC Paços de Ferreira', 'age': '28', 'mw': '€300Th.', 'datum_mw': 'Aug 17, 2020', 'x': 1597615200000, 'marker': {'symbol': 'url(https://tmssl.akamaized.net/images/wappen/verysmall/2995.png?lm=1578477741)'}}, {'y': 500000, 'verein': 'FC Paços de Ferreira', 'age': '28', 'mw': '€500Th.', 'datum_mw': 'Jan 28, 2021', 'x': 1611788400000, 'marker': {'symbol': 'url(https://tmssl.akamaized.net/images/wappen/verysmall/2995.png?lm=1578477741)'}}, {'y': 600000, 'verein': 'FC Paços de Ferreira', 'age': '28', 'mw': '€600Th.', 'datum_mw': 'May 21, 2021', 'x': 1621548000000, 'marker': {'symbol': 'url(https://tmssl.akamaized.net/images/wappen/verysmall/2995.png?lm=1578477741)'}}, {'y': 600000, 'verein': 'FC Paços de Ferreira', 'age': '29', 'mw': '€600Th.', 'datum_mw': 'Dec 27, 2021', 'x': 1640559600000, 'marker': {'symbol': 'url(https://tmssl.akamaized.net/images/wappen/verysmall/2995.png?lm=1578477741)'}}, {'y': 600000, 'verein': 'FC Paços de Ferreira', 'age': '29', 'mw': '€600Th.', 'datum_mw': 'May 31, 2022', 'x': 1653948000000, 'marker': {'symbol': 'url(https://tmssl.akamaized.net/images/wappen/verysmall/2995.png?lm=1578477741)'}}]}]	José Uilton Silva de Jesus	Jun 17, 2021			-	-	868'		
N'Dri Philippe Koffi 		Mar 9, 2002	Abidjan	20	1,87 m	"France
  Cote d'Ivoire"	attack - Centre-Forward	right	STA	FC Paços de Ferreira	Jan 28, 2022	Jun 30, 2022		0.0	7	7	1.29	1	-	4	3	-	-	-			291'	[{'type': 'line', 'name': 'Market value', 'data': [{'y': 800000, 'verein': 'Stade Reims', 'age': '19', 'mw': '€800Th.', 'datum_mw': 'Oct 15, 2021', 'x': 1634248800000, 'marker': {'symbol': 'url(https://tmssl.akamaized.net/images/wappen/verysmall/1421.png?lm=1592601839)'}}, {'y': 1200000, 'verein': 'Stade Reims', 'age': '19', 'mw': '€1.20m', 'datum_mw': 'Dec 16, 2021', 'x': 1639609200000, 'marker': {'symbol': 'url(https://tmssl.akamaized.net/images/wappen/verysmall/1421.png?lm=1592601839)'}}, {'y': 1200000, 'verein': 'FC Paços de Ferreira', 'age': '20', 'mw': '€1.20m', 'datum_mw': 'May 31, 2022', 'x': 1653948000000, 'marker': {'symbol': 'url(https://tmssl.akamaized.net/images/wappen/verysmall/2995.png?lm=1578477741)'}}]}]			Stade Reims	Jun 30, 2024	-	-	291'		
Denílson		Jul 18, 1995	Rio de Janeiro	26	1,88 m	Brazil	attack - Centre-Forward	right	Pro Manager Sports & Marketing	FC Paços de Ferreira	Jul 9, 2021	Jun 30, 2023		0.0	13	13	1.31	4	3	-	4	-	-	-			1.115'	[{'type': 'line', 'name': 'Market value', 'data': [{'y': 0, 'verein': 'Recreativo Granada', 'age': '20', 'mw': '-', 'datum_mw': 'Feb 8, 2016', 'x': 1454886000000, 'marker': {'symbol': 'url(https://tmssl.akamaized.net/images/wappen/verysmall/21550.png?lm=1620472394)'}}, {'y': 300000, 'verein': 'Neftchi Baku', 'age': '21', 'mw': '€300Th.', 'datum_mw': 'Sep 20, 2016', 'x': 1474322400000, 'marker': {'symbol': 'url(https://tmssl.akamaized.net/images/wappen/verysmall/8031.png?lm=1413225658)'}}, {'y': 400000, 'verein': 'São Paulo Futebol Clube', 'age': '22', 'mw': '€400Th.', 'datum_mw': 'Dec 7, 2017', 'x': 1512601200000, 'marker': {'symbol': 'url(https://tmssl.akamaized.net/images/wappen/verysmall/585.png?lm=1409133922)'}}, {'y': 600000, 'verein': 'Esporte Clube Vitória', 'age': '22', 'mw': '€600Th.', 'datum_mw': 'May 23, 2018', 'x': 1527026400000, 'marker': {'symbol': 'url(https://tmssl.akamaized.net/images/wappen/verysmall/2125.png?lm=1412879373)'}}, {'y': 975000, 'verein': 'Al-Faisaly FC', 'age': '23', 'mw': '€975Th.', 'datum_mw': 'Jan 8, 2019', 'x': 1546902000000, 'marker': {'symbol': 'url(https://tmssl.akamaized.net/images/wappen/verysmall/28848.png?lm=1641571940)'}}, {'y': 1300000, 'verein': 'Al-Faisaly FC', 'age': '23', 'mw': '€1.30m', 'datum_mw': 'Jun 1, 2019', 'x': 1559340000000, 'marker': {'symbol': 'url(https://tmssl.akamaized.net/images/wappen/verysmall/28848.png?lm=1641571940)'}}, {'y': 1000000, 'verein': 'CD Tondela', 'age': '24', 'mw': '€1.00m', 'datum_mw': 'Dec 30, 2019', 'x': 1577660400000, 'marker': {'symbol': 'url(https://tmssl.akamaized.net/images/wappen/verysmall/7179.png?lm=1506427804)'}}, {'y': 800000, 'verein': 'FC Paços de Ferreira', 'age': '24', 'mw': '€800Th.', 'datum_mw': 'Apr 8, 2020', 'x': 1586296800000, 'marker': {'symbol': 'url(https://tmssl.akamaized.net/images/wappen/verysmall/2995.png?lm=1578477741)'}}, {'y': 600000, 'verein': 'FC Paços de Ferreira', 'age': '25', 'mw': '€600Th.', 'datum_mw': 'Aug 17, 2020', 'x': 1597615200000, 'marker': {'symbol': 'url(https://tmssl.akamaized.net/images/wappen/verysmall/2995.png?lm=1578477741)'}}, {'y': 700000, 'verein': 'Al-Dhafra FC', 'age': '25', 'mw': '€700Th.', 'datum_mw': 'Dec 3, 2020', 'x': 1606950000000, 'marker': {'symbol': 'url(https://tmssl.akamaized.net/images/wappen/verysmall/14456.png?lm=1476638651)'}}, {'y': 600000, 'verein': 'Al-Dhafra FC', 'age': '25', 'mw': '€600Th.', 'datum_mw': 'May 27, 2021', 'x': 1622066400000, 'marker': {'symbol': 'url(https://tmssl.akamaized.net/images/wappen/verysmall/14456.png?lm=1476638651)'}}, {'y': 800000, 'verein': 'FC Paços de Ferreira', 'age': '26', 'mw': '€800Th.', 'datum_mw': 'Dec 27, 2021', 'x': 1640559600000, 'marker': {'symbol': 'url(https://tmssl.akamaized.net/images/wappen/verysmall/2995.png?lm=1578477741)'}}, {'y': 1000000, 'verein': 'FC Paços de Ferreira', 'age': '26', 'mw': '€1.00m', 'datum_mw': 'Mar 10, 2022', 'x': 1646866800000, 'marker': {'symbol': 'url(https://tmssl.akamaized.net/images/wappen/verysmall/2995.png?lm=1578477741)'}}, {'y': 1000000, 'verein': 'FC Paços de Ferreira', 'age': '26', 'mw': '€1.00m', 'datum_mw': 'May 31, 2022', 'x': 1653948000000, 'marker': {'symbol': 'url(https://tmssl.akamaized.net/images/wappen/verysmall/2995.png?lm=1578477741)'}}]}]	Denílson Pereira Júnior				-	1	279'		
Adrián Butzke																																					
