Name	Date of birth	Age	Height	Citizenship	Position	Player agent	Current club	Joined	Contract expires	CL Appearances	Squad	Appearances	PPG	Goals	Assists	Sub on	Sub off	Yellow cards	Seccond Yellow Cards	Red cards	Goals conceded	Clean sheets	Minutes played	Market Values	Place of birth	Foot	Own goals	Penalty goals	Minutes per goal	Date of last contract extension	Social-Media	Name in home country	Contract option
Mohamed Diaf																																	
Marcus Klinge																																	
Rafael Delgado																																	
Jonny Matteagi																																	
Oliver Olesen																																	
Koray Ozcan	Feb 1, 1995	27	1,76 m	France	Goalkeeper	GCTM	FC UNA Strassen	Jul 1, 2021	-	0.0	14	13	1.00	-	-	-	-	2	-	-	26	3	1.170'	[{'type': 'line', 'name': 'Market value', 'data': [{'y': 25000, 'verein': 'US Mondorf-Les-Bains', 'age': '23', 'mw': '€25Th.', 'datum_mw': 'Feb 8, 2018', 'x': 1518044400000, 'marker': {'symbol': 'url(https://tmssl.akamaized.net/images/wappen/verysmall/21274.png?lm=1408616764)'}}, {'y': 75000, 'verein': 'US Mondorf-Les-Bains', 'age': '23', 'mw': '€75Th.', 'datum_mw': 'Aug 2, 2018', 'x': 1533160800000, 'marker': {'symbol': 'url(https://tmssl.akamaized.net/images/wappen/verysmall/21274.png?lm=1408616764)'}}, {'y': 50000, 'verein': 'US Mondorf-Les-Bains', 'age': '23', 'mw': '€50Th.', 'datum_mw': 'Jan 8, 2019', 'x': 1546902000000, 'marker': {'symbol': 'url(https://tmssl.akamaized.net/images/wappen/verysmall/21274.png?lm=1408616764)'}}, {'y': 75000, 'verein': 'US Mondorf-Les-Bains', 'age': '24', 'mw': '€75Th.', 'datum_mw': 'Jul 19, 2019', 'x': 1563487200000, 'marker': {'symbol': 'url(https://tmssl.akamaized.net/images/wappen/verysmall/21274.png?lm=1408616764)'}}, {'y': 75000, 'verein': 'US Mondorf-Les-Bains', 'age': '24', 'mw': '€75Th.', 'datum_mw': 'Jan 15, 2020', 'x': 1579042800000, 'marker': {'symbol': 'url(https://tmssl.akamaized.net/images/wappen/verysmall/21274.png?lm=1408616764)'}}, {'y': 75000, 'verein': 'US Mondorf-Les-Bains', 'age': '25', 'mw': '€75Th.', 'datum_mw': 'Jul 21, 2020', 'x': 1595282400000, 'marker': {'symbol': 'url(https://tmssl.akamaized.net/images/wappen/verysmall/21274.png?lm=1408616764)'}}, {'y': 50000, 'verein': 'US Mondorf-Les-Bains', 'age': '26', 'mw': '€50Th.', 'datum_mw': 'Feb 12, 2021', 'x': 1613084400000, 'marker': {'symbol': 'url(https://tmssl.akamaized.net/images/wappen/verysmall/21274.png?lm=1408616764)'}}, {'y': 50000, 'verein': 'FC UNA Strassen', 'age': '26', 'mw': '€50Th.', 'datum_mw': 'Aug 11, 2021', 'x': 1628632800000, 'marker': {'symbol': 'url(https://tmssl.akamaized.net/images/wappen/verysmall/21835.png?lm=1426284764)'}}, {'y': 100000, 'verein': 'FC UNA Strassen', 'age': '26', 'mw': '€100Th.', 'datum_mw': 'Jan 15, 2022', 'x': 1642201200000, 'marker': {'symbol': 'url(https://tmssl.akamaized.net/images/wappen/verysmall/21835.png?lm=1426284764)'}}]}]									
Aaditya Pattabiraman																																	
Christopher Gonzalez																																	
Gabriel Biloa																																	
Tom Siebenaler	Sep 28, 1990	31	1,92 m	Luxembourg	Defender - Centre-Back	MMGROUP SPORTS	FC UNA Strassen	Jul 1, 2019	Jun 30, 2023	0.0	25	21	1.10	2	-	-	1	5	-	-			1.845'	[{'type': 'line', 'name': 'Market value', 'data': [{'y': 25000, 'verein': 'CS Grevenmacher', 'age': '18', 'mw': '€25Th.', 'datum_mw': 'Jan 11, 2009', 'x': 1231628400000, 'marker': {'symbol': 'url(https://tmssl.akamaized.net/images/wappen/verysmall/2230.png?lm=1426286695)'}}, {'y': 50000, 'verein': 'FC Differdange 03', 'age': '18', 'mw': '€50Th.', 'datum_mw': 'Jul 14, 2009', 'x': 1247522400000, 'marker': {'symbol': 'url(https://tmssl.akamaized.net/images/wappen/verysmall/11914.png?lm=1649164397)'}}, {'y': 100000, 'verein': 'FC Differdange 03', 'age': '19', 'mw': '€100Th.', 'datum_mw': 'Jan 4, 2010', 'x': 1262559600000, 'marker': {'symbol': 'url(https://tmssl.akamaized.net/images/wappen/verysmall/11914.png?lm=1649164397)'}}, {'y': 75000, 'verein': 'FC Differdange 03', 'age': '23', 'mw': '€75Th.', 'datum_mw': 'Aug 1, 2014', 'x': 1406844000000, 'marker': {'symbol': 'url(https://tmssl.akamaized.net/images/wappen/verysmall/11914.png?lm=1649164397)'}}, {'y': 75000, 'verein': 'FC Differdange 03', 'age': '24', 'mw': '€75Th.', 'datum_mw': 'Dec 1, 2014', 'x': 1417388400000, 'marker': {'symbol': 'url(https://tmssl.akamaized.net/images/wappen/verysmall/11914.png?lm=1649164397)'}}, {'y': 100000, 'verein': 'FC Differdange 03', 'age': '24', 'mw': '€100Th.', 'datum_mw': 'Apr 13, 2015', 'x': 1428876000000, 'marker': {'symbol': 'url(https://tmssl.akamaized.net/images/wappen/verysmall/11914.png?lm=1649164397)'}}, {'y': 100000, 'verein': 'FC Differdange 03', 'age': '24', 'mw': '€100Th.', 'datum_mw': 'Jul 10, 2015', 'x': 1436479200000, 'marker': {'symbol': 'url(https://tmssl.akamaized.net/images/wappen/verysmall/11914.png?lm=1649164397)'}}, {'y': 100000, 'verein': 'FC Differdange 03', 'age': '25', 'mw': '€100Th.', 'datum_mw': 'Dec 11, 2015', 'x': 1449788400000, 'marker': {'symbol': 'url(https://tmssl.akamaized.net/images/wappen/verysmall/11914.png?lm=1649164397)'}}, {'y': 100000, 'verein': 'FC Differdange 03', 'age': '25', 'mw': '€100Th.', 'datum_mw': 'Jul 21, 2016', 'x': 1469052000000, 'marker': {'symbol': 'url(https://tmssl.akamaized.net/images/wappen/verysmall/11914.png?lm=1649164397)'}}, {'y': 125000, 'verein': 'FC Differdange 03', 'age': '26', 'mw': '€125Th.', 'datum_mw': 'Dec 23, 2016', 'x': 1482447600000, 'marker': {'symbol': 'url(https://tmssl.akamaized.net/images/wappen/verysmall/11914.png?lm=1649164397)'}}, {'y': 125000, 'verein': 'FC Differdange 03', 'age': '26', 'mw': '€125Th.', 'datum_mw': 'Jul 15, 2017', 'x': 1500069600000, 'marker': {'symbol': 'url(https://tmssl.akamaized.net/images/wappen/verysmall/11914.png?lm=1649164397)'}}, {'y': 125000, 'verein': 'FC Differdange 03', 'age': '27', 'mw': '€125Th.', 'datum_mw': 'Feb 8, 2018', 'x': 1518044400000, 'marker': {'symbol': 'url(https://tmssl.akamaized.net/images/wappen/verysmall/11914.png?lm=1649164397)'}}, {'y': 100000, 'verein': 'FC Differdange 03', 'age': '27', 'mw': '€100Th.', 'datum_mw': 'Aug 2, 2018', 'x': 1533160800000, 'marker': {'symbol': 'url(https://tmssl.akamaized.net/images/wappen/verysmall/11914.png?lm=1649164397)'}}, {'y': 100000, 'verein': 'FC Differdange 03', 'age': '28', 'mw': '€100Th.', 'datum_mw': 'Jan 8, 2019', 'x': 1546902000000, 'marker': {'symbol': 'url(https://tmssl.akamaized.net/images/wappen/verysmall/11914.png?lm=1649164397)'}}, {'y': 100000, 'verein': 'FC UNA Strassen', 'age': '28', 'mw': '€100Th.', 'datum_mw': 'Jul 19, 2019', 'x': 1563487200000, 'marker': {'symbol': 'url(https://tmssl.akamaized.net/images/wappen/verysmall/21835.png?lm=1426284764)'}}, {'y': 100000, 'verein': 'FC UNA Strassen', 'age': '29', 'mw': '€100Th.', 'datum_mw': 'Jan 15, 2020', 'x': 1579042800000, 'marker': {'symbol': 'url(https://tmssl.akamaized.net/images/wappen/verysmall/21835.png?lm=1426284764)'}}, {'y': 100000, 'verein': 'FC UNA Strassen', 'age': '29', 'mw': '€100Th.', 'datum_mw': 'Jul 21, 2020', 'x': 1595282400000, 'marker': {'symbol': 'url(https://tmssl.akamaized.net/images/wappen/verysmall/21835.png?lm=1426284764)'}}, {'y': 100000, 'verein': 'FC UNA Strassen', 'age': '30', 'mw': '€100Th.', 'datum_mw': 'Feb 12, 2021', 'x': 1613084400000, 'marker': {'symbol': 'url(https://tmssl.akamaized.net/images/wappen/verysmall/21835.png?lm=1426284764)'}}, {'y': 100000, 'verein': 'FC UNA Strassen', 'age': '30', 'mw': '€100Th.', 'datum_mw': 'Aug 11, 2021', 'x': 1628632800000, 'marker': {'symbol': 'url(https://tmssl.akamaized.net/images/wappen/verysmall/21835.png?lm=1426284764)'}}, {'y': 125000, 'verein': 'FC UNA Strassen', 'age': '31', 'mw': '€125Th.', 'datum_mw': 'Jan 15, 2022', 'x': 1642201200000, 'marker': {'symbol': 'url(https://tmssl.akamaized.net/images/wappen/verysmall/21835.png?lm=1426284764)'}}]}]	Luxemburg	right	-	-	923'				
Denis Agovic	Jul 12, 1993	28	1,86 m	"Luxembourg
  Montenegro"	Defender - Centre-Back		FC UNA Strassen	Jul 1, 2016	Jun 30, 2026	0.0	27	27	1.26	-	-	-	-	7	-	-			2.430'	[{'type': 'line', 'name': 'Market value', 'data': [{'y': 50000, 'verein': 'Jeunesse Esch', 'age': '21', 'mw': '€50Th.', 'datum_mw': 'Aug 1, 2014', 'x': 1406844000000, 'marker': {'symbol': 'url(https://tmssl.akamaized.net/images/wappen/verysmall/1257.png?lm=1426286737)'}}, {'y': 50000, 'verein': 'Jeunesse Esch', 'age': '21', 'mw': '€50Th.', 'datum_mw': 'Dec 1, 2014', 'x': 1417388400000, 'marker': {'symbol': 'url(https://tmssl.akamaized.net/images/wappen/verysmall/1257.png?lm=1426286737)'}}, {'y': 50000, 'verein': 'Jeunesse Esch', 'age': '21', 'mw': '€50Th.', 'datum_mw': 'Apr 13, 2015', 'x': 1428876000000, 'marker': {'symbol': 'url(https://tmssl.akamaized.net/images/wappen/verysmall/1257.png?lm=1426286737)'}}, {'y': 50000, 'verein': 'FC UNA Strassen', 'age': '21', 'mw': '€50Th.', 'datum_mw': 'Jul 10, 2015', 'x': 1436479200000, 'marker': {'symbol': 'url(https://tmssl.akamaized.net/images/wappen/verysmall/21835.png?lm=1426284764)'}}, {'y': 75000, 'verein': 'FC UNA Strassen', 'age': '22', 'mw': '€75Th.', 'datum_mw': 'Dec 11, 2015', 'x': 1449788400000, 'marker': {'symbol': 'url(https://tmssl.akamaized.net/images/wappen/verysmall/21835.png?lm=1426284764)'}}, {'y': 75000, 'verein': 'FC UNA Strassen', 'age': '23', 'mw': '€75Th.', 'datum_mw': 'Jul 21, 2016', 'x': 1469052000000, 'marker': {'symbol': 'url(https://tmssl.akamaized.net/images/wappen/verysmall/21835.png?lm=1426284764)'}}, {'y': 75000, 'verein': 'FC UNA Strassen', 'age': '23', 'mw': '€75Th.', 'datum_mw': 'Dec 23, 2016', 'x': 1482447600000, 'marker': {'symbol': 'url(https://tmssl.akamaized.net/images/wappen/verysmall/21835.png?lm=1426284764)'}}, {'y': 100000, 'verein': 'FC UNA Strassen', 'age': '24', 'mw': '€100Th.', 'datum_mw': 'Jul 15, 2017', 'x': 1500069600000, 'marker': {'symbol': 'url(https://tmssl.akamaized.net/images/wappen/verysmall/21835.png?lm=1426284764)'}}, {'y': 100000, 'verein': 'FC UNA Strassen', 'age': '24', 'mw': '€100Th.', 'datum_mw': 'Feb 8, 2018', 'x': 1518044400000, 'marker': {'symbol': 'url(https://tmssl.akamaized.net/images/wappen/verysmall/21835.png?lm=1426284764)'}}, {'y': 100000, 'verein': 'FC UNA Strassen', 'age': '25', 'mw': '€100Th.', 'datum_mw': 'Aug 2, 2018', 'x': 1533160800000, 'marker': {'symbol': 'url(https://tmssl.akamaized.net/images/wappen/verysmall/21835.png?lm=1426284764)'}}, {'y': 100000, 'verein': 'FC UNA Strassen', 'age': '25', 'mw': '€100Th.', 'datum_mw': 'Jan 8, 2019', 'x': 1546902000000, 'marker': {'symbol': 'url(https://tmssl.akamaized.net/images/wappen/verysmall/21835.png?lm=1426284764)'}}, {'y': 125000, 'verein': 'FC UNA Strassen', 'age': '26', 'mw': '€125Th.', 'datum_mw': 'Jul 19, 2019', 'x': 1563487200000, 'marker': {'symbol': 'url(https://tmssl.akamaized.net/images/wappen/verysmall/21835.png?lm=1426284764)'}}, {'y': 125000, 'verein': 'FC UNA Strassen', 'age': '26', 'mw': '€125Th.', 'datum_mw': 'Jan 15, 2020', 'x': 1579042800000, 'marker': {'symbol': 'url(https://tmssl.akamaized.net/images/wappen/verysmall/21835.png?lm=1426284764)'}}, {'y': 125000, 'verein': 'FC UNA Strassen', 'age': '27', 'mw': '€125Th.', 'datum_mw': 'Jul 21, 2020', 'x': 1595282400000, 'marker': {'symbol': 'url(https://tmssl.akamaized.net/images/wappen/verysmall/21835.png?lm=1426284764)'}}, {'y': 125000, 'verein': 'FC UNA Strassen', 'age': '27', 'mw': '€125Th.', 'datum_mw': 'Feb 12, 2021', 'x': 1613084400000, 'marker': {'symbol': 'url(https://tmssl.akamaized.net/images/wappen/verysmall/21835.png?lm=1426284764)'}}, {'y': 125000, 'verein': 'FC UNA Strassen', 'age': '28', 'mw': '€125Th.', 'datum_mw': 'Aug 11, 2021', 'x': 1628632800000, 'marker': {'symbol': 'url(https://tmssl.akamaized.net/images/wappen/verysmall/21835.png?lm=1426284764)'}}, {'y': 100000, 'verein': 'FC UNA Strassen', 'age': '28', 'mw': '€100Th.', 'datum_mw': 'Jan 15, 2022', 'x': 1642201200000, 'marker': {'symbol': 'url(https://tmssl.akamaized.net/images/wappen/verysmall/21835.png?lm=1426284764)'}}]}]		right	-	-	-	Jan 6, 2021			
Gauthier Bernardelli	Aug 21, 1992	29	1,79 m	France	Defender - Centre-Back	GCTM	FC UNA Strassen	Jul 1, 2018	-	0.0	26	19	1.37	5	1	4	2	7	-	-			1.379'	[{'type': 'line', 'name': 'Market value', 'data': [{'y': 25000, 'verein': 'Racing FC Union Luxembourg', 'age': '22', 'mw': '€25Th.', 'datum_mw': 'Jul 10, 2015', 'x': 1436479200000, 'marker': {'symbol': 'url(https://tmssl.akamaized.net/images/wappen/verysmall/13467.png?lm=1409220244)'}}, {'y': 25000, 'verein': 'Racing FC Union Luxembourg', 'age': '23', 'mw': '€25Th.', 'datum_mw': 'Dec 11, 2015', 'x': 1449788400000, 'marker': {'symbol': 'url(https://tmssl.akamaized.net/images/wappen/verysmall/13467.png?lm=1409220244)'}}, {'y': 50000, 'verein': 'Racing FC Union Luxembourg', 'age': '23', 'mw': '€50Th.', 'datum_mw': 'Jul 21, 2016', 'x': 1469052000000, 'marker': {'symbol': 'url(https://tmssl.akamaized.net/images/wappen/verysmall/13467.png?lm=1409220244)'}}, {'y': 50000, 'verein': 'Racing FC Union Luxembourg', 'age': '24', 'mw': '€50Th.', 'datum_mw': 'Dec 23, 2016', 'x': 1482447600000, 'marker': {'symbol': 'url(https://tmssl.akamaized.net/images/wappen/verysmall/13467.png?lm=1409220244)'}}, {'y': 75000, 'verein': 'Racing FC Union Luxembourg', 'age': '24', 'mw': '€75Th.', 'datum_mw': 'Jul 15, 2017', 'x': 1500069600000, 'marker': {'symbol': 'url(https://tmssl.akamaized.net/images/wappen/verysmall/13467.png?lm=1409220244)'}}, {'y': 75000, 'verein': 'Racing FC Union Luxembourg', 'age': '25', 'mw': '€75Th.', 'datum_mw': 'Feb 8, 2018', 'x': 1518044400000, 'marker': {'symbol': 'url(https://tmssl.akamaized.net/images/wappen/verysmall/13467.png?lm=1409220244)'}}, {'y': 75000, 'verein': 'FC UNA Strassen', 'age': '25', 'mw': '€75Th.', 'datum_mw': 'Aug 2, 2018', 'x': 1533160800000, 'marker': {'symbol': 'url(https://tmssl.akamaized.net/images/wappen/verysmall/21835.png?lm=1426284764)'}}, {'y': 75000, 'verein': 'FC UNA Strassen', 'age': '26', 'mw': '€75Th.', 'datum_mw': 'Jan 8, 2019', 'x': 1546902000000, 'marker': {'symbol': 'url(https://tmssl.akamaized.net/images/wappen/verysmall/21835.png?lm=1426284764)'}}, {'y': 75000, 'verein': 'FC UNA Strassen', 'age': '26', 'mw': '€75Th.', 'datum_mw': 'Jul 19, 2019', 'x': 1563487200000, 'marker': {'symbol': 'url(https://tmssl.akamaized.net/images/wappen/verysmall/21835.png?lm=1426284764)'}}, {'y': 50000, 'verein': 'FC UNA Strassen', 'age': '27', 'mw': '€50Th.', 'datum_mw': 'Jan 15, 2020', 'x': 1579042800000, 'marker': {'symbol': 'url(https://tmssl.akamaized.net/images/wappen/verysmall/21835.png?lm=1426284764)'}}, {'y': 50000, 'verein': 'FC UNA Strassen', 'age': '27', 'mw': '€50Th.', 'datum_mw': 'Jul 21, 2020', 'x': 1595282400000, 'marker': {'symbol': 'url(https://tmssl.akamaized.net/images/wappen/verysmall/21835.png?lm=1426284764)'}}, {'y': 50000, 'verein': 'FC UNA Strassen', 'age': '28', 'mw': '€50Th.', 'datum_mw': 'Feb 12, 2021', 'x': 1613084400000, 'marker': {'symbol': 'url(https://tmssl.akamaized.net/images/wappen/verysmall/21835.png?lm=1426284764)'}}, {'y': 50000, 'verein': 'FC UNA Strassen', 'age': '28', 'mw': '€50Th.', 'datum_mw': 'Aug 11, 2021', 'x': 1628632800000, 'marker': {'symbol': 'url(https://tmssl.akamaized.net/images/wappen/verysmall/21835.png?lm=1426284764)'}}, {'y': 100000, 'verein': 'FC UNA Strassen', 'age': '29', 'mw': '€100Th.', 'datum_mw': 'Jan 15, 2022', 'x': 1642201200000, 'marker': {'symbol': 'url(https://tmssl.akamaized.net/images/wappen/verysmall/21835.png?lm=1426284764)'}}]}]		right	-	1	276'				
Alan Stulin	Jun 5, 1990	32	1,70 m	"Poland
  Germany"	Defender - Left-Back		FC UNA Strassen	Jul 1, 2019	Jun 30, 2024	0.0	25	24	1.29	-	6	1	6	5	-	-			1.978'	[{'type': 'line', 'name': 'Market value', 'data': [{'y': 50000, 'verein': '1.FC Kaiserslautern II', 'age': '19', 'mw': '€50Th.', 'datum_mw': 'Aug 19, 2009', 'x': 1250632800000, 'marker': {'symbol': 'url(https://tmssl.akamaized.net/images/wappen/verysmall/151.png?lm=1580920802)'}}, {'y': 100000, 'verein': '1.FC Kaiserslautern', 'age': '20', 'mw': '€100Th.', 'datum_mw': 'Jul 1, 2010', 'x': 1277935200000, 'marker': {'symbol': 'url(https://tmssl.akamaized.net/images/wappen/verysmall/2_1400587921.png?lm=1400587920)'}}, {'y': 200000, 'verein': '1.FC Kaiserslautern', 'age': '20', 'mw': '€200Th.', 'datum_mw': 'Aug 12, 2010', 'x': 1281564000000, 'marker': {'symbol': 'url(https://tmssl.akamaized.net/images/wappen/verysmall/2_1400587921.png?lm=1400587920)'}}, {'y': 200000, 'verein': '1.FC Kaiserslautern', 'age': '20', 'mw': '€200Th.', 'datum_mw': 'Jan 12, 2011', 'x': 1294786800000, 'marker': {'symbol': 'url(https://tmssl.akamaized.net/images/wappen/verysmall/2_1400587921.png?lm=1400587920)'}}, {'y': 150000, 'verein': '1.FC Kaiserslautern', 'age': '21', 'mw': '€150Th.', 'datum_mw': 'Jun 29, 2011', 'x': 1309298400000, 'marker': {'symbol': 'url(https://tmssl.akamaized.net/images/wappen/verysmall/2_1400587921.png?lm=1400587920)'}}, {'y': 150000, 'verein': 'GKS Belchatow', 'age': '22', 'mw': '€150Th.', 'datum_mw': 'Sep 8, 2012', 'x': 1347055200000, 'marker': {'symbol': 'url(https://tmssl.akamaized.net/images/wappen/verysmall/716.png?lm=1404802317)'}}, {'y': 150000, 'verein': 'GKS Belchatow', 'age': '22', 'mw': '€150Th.', 'datum_mw': 'Feb 8, 2013', 'x': 1360278000000, 'marker': {'symbol': 'url(https://tmssl.akamaized.net/images/wappen/verysmall/716.png?lm=1404802317)'}}, {'y': 125000, 'verein': 'VfR Wormatia Worms', 'age': '25', 'mw': '€125Th.', 'datum_mw': 'Jul 19, 2015', 'x': 1437256800000, 'marker': {'symbol': 'url(https://tmssl.akamaized.net/images/wappen/verysmall/158.png?lm=1403202067)'}}, {'y': 125000, 'verein': 'VfR Wormatia Worms', 'age': '25', 'mw': '€125Th.', 'datum_mw': 'Feb 13, 2016', 'x': 1455318000000, 'marker': {'symbol': 'url(https://tmssl.akamaized.net/images/wappen/verysmall/158.png?lm=1403202067)'}}, {'y': 100000, 'verein': 'VfR Wormatia Worms', 'age': '26', 'mw': '€100Th.', 'datum_mw': 'Aug 9, 2016', 'x': 1470693600000, 'marker': {'symbol': 'url(https://tmssl.akamaized.net/images/wappen/verysmall/158.png?lm=1403202067)'}}, {'y': 100000, 'verein': 'VfR Wormatia Worms', 'age': '26', 'mw': '€100Th.', 'datum_mw': 'Feb 6, 2017', 'x': 1486335600000, 'marker': {'symbol': 'url(https://tmssl.akamaized.net/images/wappen/verysmall/158.png?lm=1403202067)'}}, {'y': 100000, 'verein': 'VfR Wormatia Worms', 'age': '27', 'mw': '€100Th.', 'datum_mw': 'Aug 21, 2017', 'x': 1503266400000, 'marker': {'symbol': 'url(https://tmssl.akamaized.net/images/wappen/verysmall/158.png?lm=1403202067)'}}, {'y': 100000, 'verein': 'VfR Wormatia Worms', 'age': '27', 'mw': '€100Th.', 'datum_mw': 'Feb 4, 2018', 'x': 1517698800000, 'marker': {'symbol': 'url(https://tmssl.akamaized.net/images/wappen/verysmall/158.png?lm=1403202067)'}}, {'y': 125000, 'verein': 'Alemannia Aachen', 'age': '28', 'mw': '€125Th.', 'datum_mw': 'Jul 15, 2018', 'x': 1531605600000, 'marker': {'symbol': 'url(https://tmssl.akamaized.net/images/wappen/verysmall/8.png?lm=1403603100)'}}, {'y': 100000, 'verein': 'Alemannia Aachen', 'age': '28', 'mw': '€100Th.', 'datum_mw': 'Feb 5, 2019', 'x': 1549321200000, 'marker': {'symbol': 'url(https://tmssl.akamaized.net/images/wappen/verysmall/8.png?lm=1403603100)'}}, {'y': 75000, 'verein': 'Alemannia Aachen', 'age': '28', 'mw': '€75Th.', 'datum_mw': 'Apr 2, 2019', 'x': 1554156000000, 'marker': {'symbol': 'url(https://tmssl.akamaized.net/images/wappen/verysmall/8.png?lm=1403603100)'}}, {'y': 50000, 'verein': 'FC UNA Strassen', 'age': '29', 'mw': '€50Th.', 'datum_mw': 'Jul 15, 2019', 'x': 1563141600000, 'marker': {'symbol': 'url(https://tmssl.akamaized.net/images/wappen/verysmall/21835.png?lm=1426284764)'}}, {'y': 50000, 'verein': 'FC UNA Strassen', 'age': '29', 'mw': '€50Th.', 'datum_mw': 'Jul 19, 2019', 'x': 1563487200000, 'marker': {'symbol': 'url(https://tmssl.akamaized.net/images/wappen/verysmall/21835.png?lm=1426284764)'}}, {'y': 100000, 'verein': 'FC UNA Strassen', 'age': '29', 'mw': '€100Th.', 'datum_mw': 'Jan 15, 2020', 'x': 1579042800000, 'marker': {'symbol': 'url(https://tmssl.akamaized.net/images/wappen/verysmall/21835.png?lm=1426284764)'}}, {'y': 75000, 'verein': 'FC UNA Strassen', 'age': '30', 'mw': '€75Th.', 'datum_mw': 'Jul 21, 2020', 'x': 1595282400000, 'marker': {'symbol': 'url(https://tmssl.akamaized.net/images/wappen/verysmall/21835.png?lm=1426284764)'}}, {'y': 75000, 'verein': 'FC UNA Strassen', 'age': '30', 'mw': '€75Th.', 'datum_mw': 'Feb 12, 2021', 'x': 1613084400000, 'marker': {'symbol': 'url(https://tmssl.akamaized.net/images/wappen/verysmall/21835.png?lm=1426284764)'}}, {'y': 75000, 'verein': 'FC UNA Strassen', 'age': '31', 'mw': '€75Th.', 'datum_mw': 'Aug 11, 2021', 'x': 1628632800000, 'marker': {'symbol': 'url(https://tmssl.akamaized.net/images/wappen/verysmall/21835.png?lm=1426284764)'}}, {'y': 125000, 'verein': 'FC UNA Strassen', 'age': '31', 'mw': '€125Th.', 'datum_mw': 'Jan 15, 2022', 'x': 1642201200000, 'marker': {'symbol': 'url(https://tmssl.akamaized.net/images/wappen/verysmall/21835.png?lm=1426284764)'}}]}]	Boleslawiec	left	-	-	-				
Tony Mastrangelo	Sep 1, 1994	27	1,76 m	"Luxembourg
  Italy"	Defender - Left-Back	Playersinarms Consulting	FC UNA Strassen	Jan 1, 2018	Jun 30, 2023	0.0	15	13	1.38	-	1	5	5	1	-	-			693'	[{'type': 'line', 'name': 'Market value', 'data': [{'y': 50000, 'verein': 'F91 Dudelange', 'age': '19', 'mw': '€50Th.', 'datum_mw': 'Aug 1, 2014', 'x': 1406844000000, 'marker': {'symbol': 'url(https://tmssl.akamaized.net/images/wappen/verysmall/853_1603739931.png?lm=1603739931)'}}, {'y': 50000, 'verein': 'F91 Dudelange', 'age': '20', 'mw': '€50Th.', 'datum_mw': 'Dec 1, 2014', 'x': 1417388400000, 'marker': {'symbol': 'url(https://tmssl.akamaized.net/images/wappen/verysmall/853_1603739931.png?lm=1603739931)'}}, {'y': 50000, 'verein': 'F91 Dudelange', 'age': '20', 'mw': '€50Th.', 'datum_mw': 'Apr 13, 2015', 'x': 1428876000000, 'marker': {'symbol': 'url(https://tmssl.akamaized.net/images/wappen/verysmall/853_1603739931.png?lm=1603739931)'}}, {'y': 50000, 'verein': 'FC RM Hamm Benfica', 'age': '20', 'mw': '€50Th.', 'datum_mw': 'Jul 10, 2015', 'x': 1436479200000, 'marker': {'symbol': 'url(https://tmssl.akamaized.net/images/wappen/verysmall/15154.png?lm=1426284469)'}}, {'y': 50000, 'verein': 'FC RM Hamm Benfica', 'age': '21', 'mw': '€50Th.', 'datum_mw': 'Dec 11, 2015', 'x': 1449788400000, 'marker': {'symbol': 'url(https://tmssl.akamaized.net/images/wappen/verysmall/15154.png?lm=1426284469)'}}, {'y': 75000, 'verein': 'FC Progrès Niederkorn', 'age': '21', 'mw': '€75Th.', 'datum_mw': 'Jul 21, 2016', 'x': 1469052000000, 'marker': {'symbol': 'url(https://tmssl.akamaized.net/images/wappen/verysmall/12346.png?lm=1468530889)'}}, {'y': 75000, 'verein': 'FC Progrès Niederkorn', 'age': '22', 'mw': '€75Th.', 'datum_mw': 'Dec 23, 2016', 'x': 1482447600000, 'marker': {'symbol': 'url(https://tmssl.akamaized.net/images/wappen/verysmall/12346.png?lm=1468530889)'}}, {'y': 75000, 'verein': 'FC Progrès Niederkorn', 'age': '22', 'mw': '€75Th.', 'datum_mw': 'Jul 15, 2017', 'x': 1500069600000, 'marker': {'symbol': 'url(https://tmssl.akamaized.net/images/wappen/verysmall/12346.png?lm=1468530889)'}}, {'y': 75000, 'verein': 'FC UNA Strassen', 'age': '23', 'mw': '€75Th.', 'datum_mw': 'Feb 8, 2018', 'x': 1518044400000, 'marker': {'symbol': 'url(https://tmssl.akamaized.net/images/wappen/verysmall/21835.png?lm=1426284764)'}}, {'y': 75000, 'verein': 'FC UNA Strassen', 'age': '23', 'mw': '€75Th.', 'datum_mw': 'Aug 2, 2018', 'x': 1533160800000, 'marker': {'symbol': 'url(https://tmssl.akamaized.net/images/wappen/verysmall/21835.png?lm=1426284764)'}}, {'y': 75000, 'verein': 'FC UNA Strassen', 'age': '24', 'mw': '€75Th.', 'datum_mw': 'Jan 8, 2019', 'x': 1546902000000, 'marker': {'symbol': 'url(https://tmssl.akamaized.net/images/wappen/verysmall/21835.png?lm=1426284764)'}}, {'y': 100000, 'verein': 'FC UNA Strassen', 'age': '24', 'mw': '€100Th.', 'datum_mw': 'Jul 19, 2019', 'x': 1563487200000, 'marker': {'symbol': 'url(https://tmssl.akamaized.net/images/wappen/verysmall/21835.png?lm=1426284764)'}}, {'y': 75000, 'verein': 'FC UNA Strassen', 'age': '25', 'mw': '€75Th.', 'datum_mw': 'Jan 15, 2020', 'x': 1579042800000, 'marker': {'symbol': 'url(https://tmssl.akamaized.net/images/wappen/verysmall/21835.png?lm=1426284764)'}}, {'y': 75000, 'verein': 'FC UNA Strassen', 'age': '25', 'mw': '€75Th.', 'datum_mw': 'Jul 21, 2020', 'x': 1595282400000, 'marker': {'symbol': 'url(https://tmssl.akamaized.net/images/wappen/verysmall/21835.png?lm=1426284764)'}}, {'y': 75000, 'verein': 'FC UNA Strassen', 'age': '26', 'mw': '€75Th.', 'datum_mw': 'Feb 12, 2021', 'x': 1613084400000, 'marker': {'symbol': 'url(https://tmssl.akamaized.net/images/wappen/verysmall/21835.png?lm=1426284764)'}}, {'y': 50000, 'verein': 'FC UNA Strassen', 'age': '26', 'mw': '€50Th.', 'datum_mw': 'Aug 11, 2021', 'x': 1628632800000, 'marker': {'symbol': 'url(https://tmssl.akamaized.net/images/wappen/verysmall/21835.png?lm=1426284764)'}}, {'y': 25000, 'verein': 'FC UNA Strassen', 'age': '27', 'mw': '€25Th.', 'datum_mw': 'Jan 15, 2022', 'x': 1642201200000, 'marker': {'symbol': 'url(https://tmssl.akamaized.net/images/wappen/verysmall/21835.png?lm=1426284764)'}}]}]	Luxembourg	right	-	-	-				
Alen Agovic																																	
Kévin Bacconnier																																	
Brian Rouffignac																																	
Cédric Baiverlin																																	
Mike Andreas																																	
Ramiro Valente	Jan 26, 1989	33		"Luxembourg
  Portugal"	midfield - Central Midfield		FC UNA Strassen	Jul 1, 2021	-	0.0	31	31	0.97	3	3	10	10	2	-	-			2.125'	[{'type': 'line', 'name': 'Market value', 'data': [{'y': 50000, 'verein': 'FC Victoria Rosport', 'age': '25', 'mw': '€50Th.', 'datum_mw': 'Aug 1, 2014', 'x': 1406844000000, 'marker': {'symbol': 'url(https://tmssl.akamaized.net/images/wappen/verysmall/2660.png?lm=1427634462)'}}, {'y': 75000, 'verein': 'FC Victoria Rosport', 'age': '25', 'mw': '€75Th.', 'datum_mw': 'Dec 1, 2014', 'x': 1417388400000, 'marker': {'symbol': 'url(https://tmssl.akamaized.net/images/wappen/verysmall/2660.png?lm=1427634462)'}}, {'y': 75000, 'verein': 'FC Victoria Rosport', 'age': '26', 'mw': '€75Th.', 'datum_mw': 'Apr 13, 2015', 'x': 1428876000000, 'marker': {'symbol': 'url(https://tmssl.akamaized.net/images/wappen/verysmall/2660.png?lm=1427634462)'}}, {'y': 75000, 'verein': 'US Mondorf-Les-Bains', 'age': '26', 'mw': '€75Th.', 'datum_mw': 'Jul 10, 2015', 'x': 1436479200000, 'marker': {'symbol': 'url(https://tmssl.akamaized.net/images/wappen/verysmall/21274.png?lm=1408616764)'}}, {'y': 50000, 'verein': 'US Mondorf-Les-Bains', 'age': '26', 'mw': '€50Th.', 'datum_mw': 'Dec 11, 2015', 'x': 1449788400000, 'marker': {'symbol': 'url(https://tmssl.akamaized.net/images/wappen/verysmall/21274.png?lm=1408616764)'}}, {'y': 0, 'verein': 'FC Victoria Rosport', 'age': '27', 'mw': '-', 'datum_mw': 'Dec 23, 2016', 'x': 1482447600000, 'marker': {'symbol': 'url(https://tmssl.akamaized.net/images/wappen/verysmall/2660.png?lm=1427634462)'}}, {'y': 0, 'verein': 'Career break', 'age': '28', 'mw': '-', 'datum_mw': 'Jul 15, 2017', 'x': 1500069600000, 'marker': {'symbol': 'url(https://tmssl.akamaized.net/images/wappen/verysmall/2113.png?lm=1402293063)'}}, {'y': 0, 'verein': 'FC Victoria Rosport', 'age': '29', 'mw': '-', 'datum_mw': 'Aug 2, 2018', 'x': 1533160800000, 'marker': {'symbol': 'url(https://tmssl.akamaized.net/images/wappen/verysmall/2660.png?lm=1427634462)'}}, {'y': 25000, 'verein': 'FC Victoria Rosport', 'age': '29', 'mw': '€25Th.', 'datum_mw': 'Jan 8, 2019', 'x': 1546902000000, 'marker': {'symbol': 'url(https://tmssl.akamaized.net/images/wappen/verysmall/2660.png?lm=1427634462)'}}, {'y': 25000, 'verein': 'FC Victoria Rosport', 'age': '30', 'mw': '€25Th.', 'datum_mw': 'Jul 19, 2019', 'x': 1563487200000, 'marker': {'symbol': 'url(https://tmssl.akamaized.net/images/wappen/verysmall/2660.png?lm=1427634462)'}}, {'y': 25000, 'verein': 'FC Victoria Rosport', 'age': '30', 'mw': '€25Th.', 'datum_mw': 'Jan 15, 2020', 'x': 1579042800000, 'marker': {'symbol': 'url(https://tmssl.akamaized.net/images/wappen/verysmall/2660.png?lm=1427634462)'}}, {'y': 25000, 'verein': 'FC Victoria Rosport', 'age': '31', 'mw': '€25Th.', 'datum_mw': 'Jul 21, 2020', 'x': 1595282400000, 'marker': {'symbol': 'url(https://tmssl.akamaized.net/images/wappen/verysmall/2660.png?lm=1427634462)'}}, {'y': 50000, 'verein': 'FC Victoria Rosport', 'age': '32', 'mw': '€50Th.', 'datum_mw': 'Feb 12, 2021', 'x': 1613084400000, 'marker': {'symbol': 'url(https://tmssl.akamaized.net/images/wappen/verysmall/2660.png?lm=1427634462)'}}, {'y': 50000, 'verein': 'FC UNA Strassen', 'age': '32', 'mw': '€50Th.', 'datum_mw': 'Aug 11, 2021', 'x': 1628632800000, 'marker': {'symbol': 'url(https://tmssl.akamaized.net/images/wappen/verysmall/21835.png?lm=1426284764)'}}, {'y': 75000, 'verein': 'FC UNA Strassen', 'age': '32', 'mw': '€75Th.', 'datum_mw': 'Jan 15, 2022', 'x': 1642201200000, 'marker': {'symbol': 'url(https://tmssl.akamaized.net/images/wappen/verysmall/21835.png?lm=1426284764)'}}]}]		right	-	-	708'			Ramiro Soares Valente	
Ben Payal	Sep 8, 1988	33	1,70 m	Luxembourg	midfield - Central Midfield		FC UNA Strassen	Jul 1, 2016	Jun 30, 2023	0.0	22	20	1.25	-	-	8	2	4	-	-			1.223'	[{'type': 'line', 'name': 'Market value', 'data': [{'y': 75000, 'verein': 'F91 Dudelange', 'age': '20', 'mw': '€75Th.', 'datum_mw': 'Jan 11, 2009', 'x': 1231628400000, 'marker': {'symbol': 'url(https://tmssl.akamaized.net/images/wappen/verysmall/853_1603739931.png?lm=1603739931)'}}, {'y': 150000, 'verein': 'F91 Dudelange', 'age': '21', 'mw': '€150Th.', 'datum_mw': 'Jan 4, 2010', 'x': 1262559600000, 'marker': {'symbol': 'url(https://tmssl.akamaized.net/images/wappen/verysmall/853_1603739931.png?lm=1603739931)'}}, {'y': 125000, 'verein': 'CS Fola Esch', 'age': '25', 'mw': '€125Th.', 'datum_mw': 'Aug 1, 2014', 'x': 1406844000000, 'marker': {'symbol': 'url(https://tmssl.akamaized.net/images/wappen/verysmall/11976.png?lm=1468530636)'}}, {'y': 125000, 'verein': 'CS Fola Esch', 'age': '26', 'mw': '€125Th.', 'datum_mw': 'Dec 1, 2014', 'x': 1417388400000, 'marker': {'symbol': 'url(https://tmssl.akamaized.net/images/wappen/verysmall/11976.png?lm=1468530636)'}}, {'y': 150000, 'verein': 'CS Fola Esch', 'age': '26', 'mw': '€150Th.', 'datum_mw': 'Apr 13, 2015', 'x': 1428876000000, 'marker': {'symbol': 'url(https://tmssl.akamaized.net/images/wappen/verysmall/11976.png?lm=1468530636)'}}, {'y': 150000, 'verein': 'CS Fola Esch', 'age': '26', 'mw': '€150Th.', 'datum_mw': 'Jul 10, 2015', 'x': 1436479200000, 'marker': {'symbol': 'url(https://tmssl.akamaized.net/images/wappen/verysmall/11976.png?lm=1468530636)'}}, {'y': 150000, 'verein': 'CS Fola Esch', 'age': '27', 'mw': '€150Th.', 'datum_mw': 'Dec 11, 2015', 'x': 1449788400000, 'marker': {'symbol': 'url(https://tmssl.akamaized.net/images/wappen/verysmall/11976.png?lm=1468530636)'}}, {'y': 100000, 'verein': 'FC UNA Strassen', 'age': '27', 'mw': '€100Th.', 'datum_mw': 'Jul 21, 2016', 'x': 1469052000000, 'marker': {'symbol': 'url(https://tmssl.akamaized.net/images/wappen/verysmall/21835.png?lm=1426284764)'}}, {'y': 75000, 'verein': 'FC UNA Strassen', 'age': '28', 'mw': '€75Th.', 'datum_mw': 'Dec 23, 2016', 'x': 1482447600000, 'marker': {'symbol': 'url(https://tmssl.akamaized.net/images/wappen/verysmall/21835.png?lm=1426284764)'}}, {'y': 75000, 'verein': 'FC UNA Strassen', 'age': '28', 'mw': '€75Th.', 'datum_mw': 'Jul 15, 2017', 'x': 1500069600000, 'marker': {'symbol': 'url(https://tmssl.akamaized.net/images/wappen/verysmall/21835.png?lm=1426284764)'}}, {'y': 50000, 'verein': 'FC UNA Strassen', 'age': '29', 'mw': '€50Th.', 'datum_mw': 'Feb 8, 2018', 'x': 1518044400000, 'marker': {'symbol': 'url(https://tmssl.akamaized.net/images/wappen/verysmall/21835.png?lm=1426284764)'}}, {'y': 50000, 'verein': 'FC UNA Strassen', 'age': '29', 'mw': '€50Th.', 'datum_mw': 'Aug 2, 2018', 'x': 1533160800000, 'marker': {'symbol': 'url(https://tmssl.akamaized.net/images/wappen/verysmall/21835.png?lm=1426284764)'}}, {'y': 50000, 'verein': 'FC UNA Strassen', 'age': '30', 'mw': '€50Th.', 'datum_mw': 'Jan 8, 2019', 'x': 1546902000000, 'marker': {'symbol': 'url(https://tmssl.akamaized.net/images/wappen/verysmall/21835.png?lm=1426284764)'}}, {'y': 75000, 'verein': 'FC UNA Strassen', 'age': '30', 'mw': '€75Th.', 'datum_mw': 'Jul 19, 2019', 'x': 1563487200000, 'marker': {'symbol': 'url(https://tmssl.akamaized.net/images/wappen/verysmall/21835.png?lm=1426284764)'}}, {'y': 75000, 'verein': 'FC UNA Strassen', 'age': '31', 'mw': '€75Th.', 'datum_mw': 'Jan 15, 2020', 'x': 1579042800000, 'marker': {'symbol': 'url(https://tmssl.akamaized.net/images/wappen/verysmall/21835.png?lm=1426284764)'}}, {'y': 100000, 'verein': 'FC UNA Strassen', 'age': '31', 'mw': '€100Th.', 'datum_mw': 'Jul 21, 2020', 'x': 1595282400000, 'marker': {'symbol': 'url(https://tmssl.akamaized.net/images/wappen/verysmall/21835.png?lm=1426284764)'}}, {'y': 75000, 'verein': 'FC UNA Strassen', 'age': '32', 'mw': '€75Th.', 'datum_mw': 'Feb 12, 2021', 'x': 1613084400000, 'marker': {'symbol': 'url(https://tmssl.akamaized.net/images/wappen/verysmall/21835.png?lm=1426284764)'}}, {'y': 75000, 'verein': 'FC UNA Strassen', 'age': '32', 'mw': '€75Th.', 'datum_mw': 'Aug 11, 2021', 'x': 1628632800000, 'marker': {'symbol': 'url(https://tmssl.akamaized.net/images/wappen/verysmall/21835.png?lm=1426284764)'}}, {'y': 50000, 'verein': 'FC UNA Strassen', 'age': '33', 'mw': '€50Th.', 'datum_mw': 'Jan 15, 2022', 'x': 1642201200000, 'marker': {'symbol': 'url(https://tmssl.akamaized.net/images/wappen/verysmall/21835.png?lm=1426284764)'}}]}]	Luxemburg	right	-	-	-	Jan 23, 2020			Option for a further year
Khalid Lahyani	Feb 24, 1993	29	1,73 m	"Germany
  Morocco"	midfield - Central Midfield	Wolfgang Riegger	FC UNA Strassen	Jul 1, 2019	Jun 30, 2022	0.0	25	24	1.21	-	2	4	11	5	-	-			1.735'	[{'type': 'line', 'name': 'Market value', 'data': [{'y': 25000, 'verein': 'FC Bayern Alzenau', 'age': '18', 'mw': '€25Th.', 'datum_mw': 'Jan 25, 2012', 'x': 1327446000000, 'marker': {'symbol': 'url(https://tmssl.akamaized.net/images/wappen/verysmall/4900.png?lm=1407158579)'}}, {'y': 50000, 'verein': 'FC Bayern Alzenau', 'age': '20', 'mw': '€50Th.', 'datum_mw': 'May 22, 2013', 'x': 1369173600000, 'marker': {'symbol': 'url(https://tmssl.akamaized.net/images/wappen/verysmall/4900.png?lm=1407158579)'}}, {'y': 75000, 'verein': 'SSV Ulm 1846', 'age': '21', 'mw': '€75Th.', 'datum_mw': 'Mar 28, 2014', 'x': 1395961200000, 'marker': {'symbol': 'url(https://tmssl.akamaized.net/images/wappen/verysmall/69.png?lm=1406722013)'}}, {'y': 50000, 'verein': 'SSV Ulm 1846', 'age': '21', 'mw': '€50Th.', 'datum_mw': 'Aug 23, 2014', 'x': 1408744800000, 'marker': {'symbol': 'url(https://tmssl.akamaized.net/images/wappen/verysmall/69.png?lm=1406722013)'}}, {'y': 50000, 'verein': 'BSV Schwarz-Weiß Rehden', 'age': '21', 'mw': '€50Th.', 'datum_mw': 'Feb 8, 2015', 'x': 1423350000000, 'marker': {'symbol': 'url(https://tmssl.akamaized.net/images/wappen/verysmall/5560.png?lm=1403098838)'}}, {'y': 50000, 'verein': 'Union Titus Petange', 'age': '23', 'mw': '€50Th.', 'datum_mw': 'Jul 21, 2016', 'x': 1469052000000, 'marker': {'symbol': 'url(https://tmssl.akamaized.net/images/wappen/verysmall/48712.png?lm=1433588573)'}}, {'y': 50000, 'verein': 'Union Titus Petange', 'age': '23', 'mw': '€50Th.', 'datum_mw': 'Dec 23, 2016', 'x': 1482447600000, 'marker': {'symbol': 'url(https://tmssl.akamaized.net/images/wappen/verysmall/48712.png?lm=1433588573)'}}, {'y': 75000, 'verein': 'Union Titus Petange', 'age': '24', 'mw': '€75Th.', 'datum_mw': 'Jul 15, 2017', 'x': 1500069600000, 'marker': {'symbol': 'url(https://tmssl.akamaized.net/images/wappen/verysmall/48712.png?lm=1433588573)'}}, {'y': 75000, 'verein': 'Union Titus Petange', 'age': '24', 'mw': '€75Th.', 'datum_mw': 'Feb 8, 2018', 'x': 1518044400000, 'marker': {'symbol': 'url(https://tmssl.akamaized.net/images/wappen/verysmall/48712.png?lm=1433588573)'}}, {'y': 100000, 'verein': 'US Hostert', 'age': '25', 'mw': '€100Th.', 'datum_mw': 'Aug 2, 2018', 'x': 1533160800000, 'marker': {'symbol': 'url(https://tmssl.akamaized.net/images/wappen/verysmall/21645.png?lm=1426287173)'}}, {'y': 100000, 'verein': 'US Hostert', 'age': '25', 'mw': '€100Th.', 'datum_mw': 'Jan 8, 2019', 'x': 1546902000000, 'marker': {'symbol': 'url(https://tmssl.akamaized.net/images/wappen/verysmall/21645.png?lm=1426287173)'}}, {'y': 125000, 'verein': 'FC UNA Strassen', 'age': '26', 'mw': '€125Th.', 'datum_mw': 'Jul 19, 2019', 'x': 1563487200000, 'marker': {'symbol': 'url(https://tmssl.akamaized.net/images/wappen/verysmall/21835.png?lm=1426284764)'}}, {'y': 125000, 'verein': 'FC UNA Strassen', 'age': '26', 'mw': '€125Th.', 'datum_mw': 'Jan 15, 2020', 'x': 1579042800000, 'marker': {'symbol': 'url(https://tmssl.akamaized.net/images/wappen/verysmall/21835.png?lm=1426284764)'}}, {'y': 125000, 'verein': 'FC UNA Strassen', 'age': '27', 'mw': '€125Th.', 'datum_mw': 'Jul 21, 2020', 'x': 1595282400000, 'marker': {'symbol': 'url(https://tmssl.akamaized.net/images/wappen/verysmall/21835.png?lm=1426284764)'}}, {'y': 100000, 'verein': 'FC UNA Strassen', 'age': '27', 'mw': '€100Th.', 'datum_mw': 'Feb 12, 2021', 'x': 1613084400000, 'marker': {'symbol': 'url(https://tmssl.akamaized.net/images/wappen/verysmall/21835.png?lm=1426284764)'}}, {'y': 100000, 'verein': 'FC UNA Strassen', 'age': '28', 'mw': '€100Th.', 'datum_mw': 'Aug 11, 2021', 'x': 1628632800000, 'marker': {'symbol': 'url(https://tmssl.akamaized.net/images/wappen/verysmall/21835.png?lm=1426284764)'}}, {'y': 50000, 'verein': 'FC UNA Strassen', 'age': '28', 'mw': '€50Th.', 'datum_mw': 'Jan 15, 2022', 'x': 1642201200000, 'marker': {'symbol': 'url(https://tmssl.akamaized.net/images/wappen/verysmall/21835.png?lm=1426284764)'}}]}]	Frankfurt am Main	left	-	-	-	Jan 4, 2021			
Florian Weirich	Sep 23, 1990	31		Germany	midfield - Left Midfield		FC UNA Strassen	Jul 1, 2020	Jun 30, 2023	0.0	19	18	0.94	1	-	13	5	2	-	-			609'	[{'type': 'line', 'name': 'Market value', 'data': [{'y': 50000, 'verein': 'FC Victoria Rosport', 'age': '24', 'mw': '€50Th.', 'datum_mw': 'Jul 10, 2015', 'x': 1436479200000, 'marker': {'symbol': 'url(https://tmssl.akamaized.net/images/wappen/verysmall/2660.png?lm=1427634462)'}}, {'y': 75000, 'verein': 'FC Victoria Rosport', 'age': '25', 'mw': '€75Th.', 'datum_mw': 'Dec 11, 2015', 'x': 1449788400000, 'marker': {'symbol': 'url(https://tmssl.akamaized.net/images/wappen/verysmall/2660.png?lm=1427634462)'}}, {'y': 75000, 'verein': 'FC Victoria Rosport', 'age': '25', 'mw': '€75Th.', 'datum_mw': 'Jul 21, 2016', 'x': 1469052000000, 'marker': {'symbol': 'url(https://tmssl.akamaized.net/images/wappen/verysmall/2660.png?lm=1427634462)'}}, {'y': 75000, 'verein': 'FC Victoria Rosport', 'age': '26', 'mw': '€75Th.', 'datum_mw': 'Dec 23, 2016', 'x': 1482447600000, 'marker': {'symbol': 'url(https://tmssl.akamaized.net/images/wappen/verysmall/2660.png?lm=1427634462)'}}, {'y': 100000, 'verein': 'FC Victoria Rosport', 'age': '26', 'mw': '€100Th.', 'datum_mw': 'Jul 15, 2017', 'x': 1500069600000, 'marker': {'symbol': 'url(https://tmssl.akamaized.net/images/wappen/verysmall/2660.png?lm=1427634462)'}}, {'y': 75000, 'verein': 'FC Victoria Rosport', 'age': '27', 'mw': '€75Th.', 'datum_mw': 'Feb 8, 2018', 'x': 1518044400000, 'marker': {'symbol': 'url(https://tmssl.akamaized.net/images/wappen/verysmall/2660.png?lm=1427634462)'}}, {'y': 100000, 'verein': 'FC Victoria Rosport', 'age': '27', 'mw': '€100Th.', 'datum_mw': 'Aug 2, 2018', 'x': 1533160800000, 'marker': {'symbol': 'url(https://tmssl.akamaized.net/images/wappen/verysmall/2660.png?lm=1427634462)'}}, {'y': 100000, 'verein': 'FC Victoria Rosport', 'age': '28', 'mw': '€100Th.', 'datum_mw': 'Jan 8, 2019', 'x': 1546902000000, 'marker': {'symbol': 'url(https://tmssl.akamaized.net/images/wappen/verysmall/2660.png?lm=1427634462)'}}, {'y': 125000, 'verein': 'FC Victoria Rosport', 'age': '28', 'mw': '€125Th.', 'datum_mw': 'Jul 19, 2019', 'x': 1563487200000, 'marker': {'symbol': 'url(https://tmssl.akamaized.net/images/wappen/verysmall/2660.png?lm=1427634462)'}}, {'y': 100000, 'verein': 'FC Victoria Rosport', 'age': '29', 'mw': '€100Th.', 'datum_mw': 'Jan 15, 2020', 'x': 1579042800000, 'marker': {'symbol': 'url(https://tmssl.akamaized.net/images/wappen/verysmall/2660.png?lm=1427634462)'}}, {'y': 100000, 'verein': 'FC UNA Strassen', 'age': '29', 'mw': '€100Th.', 'datum_mw': 'Jul 21, 2020', 'x': 1595282400000, 'marker': {'symbol': 'url(https://tmssl.akamaized.net/images/wappen/verysmall/21835.png?lm=1426284764)'}}, {'y': 75000, 'verein': 'FC UNA Strassen', 'age': '30', 'mw': '€75Th.', 'datum_mw': 'Feb 12, 2021', 'x': 1613084400000, 'marker': {'symbol': 'url(https://tmssl.akamaized.net/images/wappen/verysmall/21835.png?lm=1426284764)'}}, {'y': 50000, 'verein': 'FC UNA Strassen', 'age': '30', 'mw': '€50Th.', 'datum_mw': 'Aug 11, 2021', 'x': 1628632800000, 'marker': {'symbol': 'url(https://tmssl.akamaized.net/images/wappen/verysmall/21835.png?lm=1426284764)'}}, {'y': 75000, 'verein': 'FC UNA Strassen', 'age': '31', 'mw': '€75Th.', 'datum_mw': 'Jan 15, 2022', 'x': 1642201200000, 'marker': {'symbol': 'url(https://tmssl.akamaized.net/images/wappen/verysmall/21835.png?lm=1426284764)'}}]}]		left	-	-	609'				
Stefan Lopes	Sep 24, 1998	23	1,77 m	"Luxembourg
  Cape Verde"	attack - Right Winger	PROhorizons Group	FC UNA Strassen	Jul 1, 2019	-	0.0	25	24	1.25	3	2	11	10	4	-	-			1.142'	[{'type': 'line', 'name': 'Market value', 'data': [{'y': 25000, 'verein': 'UN Käerjeng 97', 'age': '16', 'mw': '€25Th.', 'datum_mw': 'Sep 1, 2015', 'x': 1441058400000, 'marker': {'symbol': 'url(https://tmssl.akamaized.net/images/wappen/verysmall/12004_1596920603.png?lm=1596920541)'}}, {'y': 50000, 'verein': 'UN Käerjeng 97', 'age': '17', 'mw': '€50Th.', 'datum_mw': 'Dec 25, 2015', 'x': 1450998000000, 'marker': {'symbol': 'url(https://tmssl.akamaized.net/images/wappen/verysmall/12004_1596920603.png?lm=1596920541)'}}, {'y': 25000, 'verein': 'CS Fola Esch', 'age': '17', 'mw': '€25Th.', 'datum_mw': 'Jul 21, 2016', 'x': 1469052000000, 'marker': {'symbol': 'url(https://tmssl.akamaized.net/images/wappen/verysmall/11976.png?lm=1468530636)'}}, {'y': 25000, 'verein': 'CS Fola Esch', 'age': '18', 'mw': '€25Th.', 'datum_mw': 'Dec 23, 2016', 'x': 1482447600000, 'marker': {'symbol': 'url(https://tmssl.akamaized.net/images/wappen/verysmall/11976.png?lm=1468530636)'}}, {'y': 25000, 'verein': 'CS Fola Esch', 'age': '18', 'mw': '€25Th.', 'datum_mw': 'Jul 15, 2017', 'x': 1500069600000, 'marker': {'symbol': 'url(https://tmssl.akamaized.net/images/wappen/verysmall/11976.png?lm=1468530636)'}}, {'y': 50000, 'verein': 'CS Fola Esch', 'age': '19', 'mw': '€50Th.', 'datum_mw': 'Feb 8, 2018', 'x': 1518044400000, 'marker': {'symbol': 'url(https://tmssl.akamaized.net/images/wappen/verysmall/11976.png?lm=1468530636)'}}, {'y': 50000, 'verein': 'US Mondorf-Les-Bains', 'age': '19', 'mw': '€50Th.', 'datum_mw': 'Aug 2, 2018', 'x': 1533160800000, 'marker': {'symbol': 'url(https://tmssl.akamaized.net/images/wappen/verysmall/21274.png?lm=1408616764)'}}, {'y': 50000, 'verein': 'US Mondorf-Les-Bains', 'age': '20', 'mw': '€50Th.', 'datum_mw': 'Jan 8, 2019', 'x': 1546902000000, 'marker': {'symbol': 'url(https://tmssl.akamaized.net/images/wappen/verysmall/21274.png?lm=1408616764)'}}, {'y': 50000, 'verein': 'FC UNA Strassen', 'age': '20', 'mw': '€50Th.', 'datum_mw': 'Jul 19, 2019', 'x': 1563487200000, 'marker': {'symbol': 'url(https://tmssl.akamaized.net/images/wappen/verysmall/21835.png?lm=1426284764)'}}, {'y': 50000, 'verein': 'FC UNA Strassen', 'age': '21', 'mw': '€50Th.', 'datum_mw': 'Jan 15, 2020', 'x': 1579042800000, 'marker': {'symbol': 'url(https://tmssl.akamaized.net/images/wappen/verysmall/21835.png?lm=1426284764)'}}, {'y': 50000, 'verein': 'FC UNA Strassen', 'age': '21', 'mw': '€50Th.', 'datum_mw': 'Jul 21, 2020', 'x': 1595282400000, 'marker': {'symbol': 'url(https://tmssl.akamaized.net/images/wappen/verysmall/21835.png?lm=1426284764)'}}, {'y': 50000, 'verein': 'FC UNA Strassen', 'age': '22', 'mw': '€50Th.', 'datum_mw': 'Feb 12, 2021', 'x': 1613084400000, 'marker': {'symbol': 'url(https://tmssl.akamaized.net/images/wappen/verysmall/21835.png?lm=1426284764)'}}, {'y': 50000, 'verein': 'FC UNA Strassen', 'age': '22', 'mw': '€50Th.', 'datum_mw': 'Aug 11, 2021', 'x': 1628632800000, 'marker': {'symbol': 'url(https://tmssl.akamaized.net/images/wappen/verysmall/21835.png?lm=1426284764)'}}, {'y': 25000, 'verein': 'FC UNA Strassen', 'age': '23', 'mw': '€25Th.', 'datum_mw': 'Jan 15, 2022', 'x': 1642201200000, 'marker': {'symbol': 'url(https://tmssl.akamaized.net/images/wappen/verysmall/21835.png?lm=1426284764)'}}]}]		right	-	-	381'			Stefan Lopes Rocha	
Brian Babit	Mar 21, 1993	29	1,70 m	France	attack - Second Striker		FC UNA Strassen	Jan 31, 2022	-	0.0	9	9	2.22	-	-	3	5	2	-	-			479'	[{'type': 'line', 'name': 'Market value', 'data': [{'y': 300000, 'verein': 'Dijon FCO', 'age': '21', 'mw': '€300Th.', 'datum_mw': 'Nov 20, 2014', 'x': 1416438000000, 'marker': {'symbol': 'url(https://tmssl.akamaized.net/images/wappen/verysmall/2969.png?lm=1408780404)'}}, {'y': 0, 'verein': 'Swift Hesperange', 'age': '26', 'mw': '-', 'datum_mw': 'Jun 17, 2019', 'x': 1560722400000, 'marker': {'symbol': 'url(https://tmssl.akamaized.net/images/wappen/verysmall/9284_1572180181.png?lm=1572180182)'}}, {'y': 0, 'verein': 'Swift Hesperange', 'age': '26', 'mw': '-', 'datum_mw': 'Sep 9, 2019', 'x': 1567980000000, 'marker': {'symbol': 'url(https://tmssl.akamaized.net/images/wappen/verysmall/9284.png?lm=1569949401)'}}, {'y': 75000, 'verein': 'Swift Hesperange', 'age': '27', 'mw': '€75Th.', 'datum_mw': 'Jul 21, 2020', 'x': 1595282400000, 'marker': {'symbol': 'url(https://tmssl.akamaized.net/images/wappen/verysmall/9284.png?lm=1569949401)'}}, {'y': 75000, 'verein': 'Swift Hesperange', 'age': '27', 'mw': '€75Th.', 'datum_mw': 'Feb 12, 2021', 'x': 1613084400000, 'marker': {'symbol': 'url(https://tmssl.akamaized.net/images/wappen/verysmall/9284.png?lm=1569949401)'}}, {'y': 75000, 'verein': 'Swift Hesperange', 'age': '28', 'mw': '€75Th.', 'datum_mw': 'Aug 11, 2021', 'x': 1628632800000, 'marker': {'symbol': 'url(https://tmssl.akamaized.net/images/wappen/verysmall/9284.png?lm=1569949401)'}}, {'y': 50000, 'verein': 'Swift Hesperange', 'age': '28', 'mw': '€50Th.', 'datum_mw': 'Jan 15, 2022', 'x': 1642201200000, 'marker': {'symbol': 'url(https://tmssl.akamaized.net/images/wappen/verysmall/9284.png?lm=1569949401)'}}]}]	Saint-Avold	both	-	-	-				
Nicolas Perez	Oct 26, 1990	31	1,80 m	France	attack - Centre-Forward		FC UNA Strassen	Jul 1, 2021	-	0.0	26	26	2.23	10	2	12	6	4	-	-			1.370'	[{'type': 'line', 'name': 'Market value', 'data': [{'y': 250000, 'verein': 'Mouscron-Péruwelz', 'age': '23', 'mw': '€250Th.', 'datum_mw': 'Oct 5, 2014', 'x': 1412460000000, 'marker': {'symbol': 'url(https://tmssl.akamaized.net/images/wappen/verysmall/29228_1463735900.png?lm=1463735900)'}}, {'y': 250000, 'verein': 'Mouscron-Péruwelz', 'age': '24', 'mw': '€250Th.', 'datum_mw': 'Jan 11, 2015', 'x': 1420930800000, 'marker': {'symbol': 'url(https://tmssl.akamaized.net/images/wappen/verysmall/29228_1463735900.png?lm=1463735900)'}}, {'y': 150000, 'verein': 'FC Differdange 03', 'age': '26', 'mw': '€150Th.', 'datum_mw': 'Jul 15, 2017', 'x': 1500069600000, 'marker': {'symbol': 'url(https://tmssl.akamaized.net/images/wappen/verysmall/11914.png?lm=1649164397)'}}, {'y': 150000, 'verein': 'FC Differdange 03', 'age': '27', 'mw': '€150Th.', 'datum_mw': 'Feb 8, 2018', 'x': 1518044400000, 'marker': {'symbol': 'url(https://tmssl.akamaized.net/images/wappen/verysmall/11914.png?lm=1649164397)'}}, {'y': 175000, 'verein': 'F91 Dudelange', 'age': '27', 'mw': '€175Th.', 'datum_mw': 'Aug 2, 2018', 'x': 1533160800000, 'marker': {'symbol': 'url(https://tmssl.akamaized.net/images/wappen/verysmall/853_1603739931.png?lm=1603739931)'}}, {'y': 150000, 'verein': 'F91 Dudelange', 'age': '28', 'mw': '€150Th.', 'datum_mw': 'Jan 8, 2019', 'x': 1546902000000, 'marker': {'symbol': 'url(https://tmssl.akamaized.net/images/wappen/verysmall/853_1603739931.png?lm=1603739931)'}}, {'y': 0, 'verein': 'Swift Hesperange', 'age': '28', 'mw': '-', 'datum_mw': 'Sep 9, 2019', 'x': 1567980000000, 'marker': {'symbol': 'url(https://tmssl.akamaized.net/images/wappen/verysmall/9284.png?lm=1569949401)'}}, {'y': 75000, 'verein': 'Swift Hesperange', 'age': '29', 'mw': '€75Th.', 'datum_mw': 'Jul 21, 2020', 'x': 1595282400000, 'marker': {'symbol': 'url(https://tmssl.akamaized.net/images/wappen/verysmall/9284.png?lm=1569949401)'}}, {'y': 100000, 'verein': 'Swift Hesperange', 'age': '30', 'mw': '€100Th.', 'datum_mw': 'Feb 12, 2021', 'x': 1613084400000, 'marker': {'symbol': 'url(https://tmssl.akamaized.net/images/wappen/verysmall/9284.png?lm=1569949401)'}}, {'y': 125000, 'verein': 'FC UNA Strassen', 'age': '30', 'mw': '€125Th.', 'datum_mw': 'Aug 11, 2021', 'x': 1628632800000, 'marker': {'symbol': 'url(https://tmssl.akamaized.net/images/wappen/verysmall/21835.png?lm=1426284764)'}}, {'y': 175000, 'verein': 'FC UNA Strassen', 'age': '31', 'mw': '€175Th.', 'datum_mw': 'Jan 15, 2022', 'x': 1642201200000, 'marker': {'symbol': 'url(https://tmssl.akamaized.net/images/wappen/verysmall/21835.png?lm=1426284764)'}}]}]	Marseille	right	-	-	137'				
Benjamin Runser	Sep 4, 1991	30	1,80 m	France	attack - Centre-Forward	GCTM	FC UNA Strassen	Jul 1, 2018	Jun 30, 2023	0.0	25	25	1.44	13	1	2	4	2	-	-			2.087'	[{'type': 'line', 'name': 'Market value', 'data': [{'y': 50000, 'verein': 'FC Avenir Beggen', 'age': '23', 'mw': '€50Th.', 'datum_mw': 'Sep 1, 2015', 'x': 1441058400000, 'marker': {'symbol': 'url(https://tmssl.akamaized.net/images/wappen/verysmall/1522.png?lm=1463222096)'}}, {'y': 100000, 'verein': 'FC Avenir Beggen', 'age': '24', 'mw': '€100Th.', 'datum_mw': 'Dec 25, 2015', 'x': 1450998000000, 'marker': {'symbol': 'url(https://tmssl.akamaized.net/images/wappen/verysmall/1522.png?lm=1463222096)'}}, {'y': 100000, 'verein': 'FC RM Hamm Benfica', 'age': '24', 'mw': '€100Th.', 'datum_mw': 'Jul 21, 2016', 'x': 1469052000000, 'marker': {'symbol': 'url(https://tmssl.akamaized.net/images/wappen/verysmall/15154.png?lm=1426284469)'}}, {'y': 100000, 'verein': 'FC RM Hamm Benfica', 'age': '25', 'mw': '€100Th.', 'datum_mw': 'Dec 23, 2016', 'x': 1482447600000, 'marker': {'symbol': 'url(https://tmssl.akamaized.net/images/wappen/verysmall/15154.png?lm=1426284469)'}}, {'y': 75000, 'verein': 'FC UNA Strassen', 'age': '25', 'mw': '€75Th.', 'datum_mw': 'Jul 15, 2017', 'x': 1500069600000, 'marker': {'symbol': 'url(https://tmssl.akamaized.net/images/wappen/verysmall/21835.png?lm=1426284764)'}}, {'y': 50000, 'verein': 'FC UNA Strassen', 'age': '26', 'mw': '€50Th.', 'datum_mw': 'Feb 8, 2018', 'x': 1518044400000, 'marker': {'symbol': 'url(https://tmssl.akamaized.net/images/wappen/verysmall/21835.png?lm=1426284764)'}}, {'y': 75000, 'verein': 'FC UNA Strassen', 'age': '26', 'mw': '€75Th.', 'datum_mw': 'Aug 2, 2018', 'x': 1533160800000, 'marker': {'symbol': 'url(https://tmssl.akamaized.net/images/wappen/verysmall/21835.png?lm=1426284764)'}}, {'y': 75000, 'verein': 'FC UNA Strassen', 'age': '27', 'mw': '€75Th.', 'datum_mw': 'Jan 8, 2019', 'x': 1546902000000, 'marker': {'symbol': 'url(https://tmssl.akamaized.net/images/wappen/verysmall/21835.png?lm=1426284764)'}}, {'y': 75000, 'verein': 'FC UNA Strassen', 'age': '27', 'mw': '€75Th.', 'datum_mw': 'Jul 19, 2019', 'x': 1563487200000, 'marker': {'symbol': 'url(https://tmssl.akamaized.net/images/wappen/verysmall/21835.png?lm=1426284764)'}}, {'y': 100000, 'verein': 'FC UNA Strassen', 'age': '28', 'mw': '€100Th.', 'datum_mw': 'Jan 15, 2020', 'x': 1579042800000, 'marker': {'symbol': 'url(https://tmssl.akamaized.net/images/wappen/verysmall/21835.png?lm=1426284764)'}}, {'y': 125000, 'verein': 'FC UNA Strassen', 'age': '28', 'mw': '€125Th.', 'datum_mw': 'Jul 21, 2020', 'x': 1595282400000, 'marker': {'symbol': 'url(https://tmssl.akamaized.net/images/wappen/verysmall/21835.png?lm=1426284764)'}}, {'y': 125000, 'verein': 'FC UNA Strassen', 'age': '29', 'mw': '€125Th.', 'datum_mw': 'Feb 12, 2021', 'x': 1613084400000, 'marker': {'symbol': 'url(https://tmssl.akamaized.net/images/wappen/verysmall/21835.png?lm=1426284764)'}}, {'y': 150000, 'verein': 'FC UNA Strassen', 'age': '29', 'mw': '€150Th.', 'datum_mw': 'Aug 11, 2021', 'x': 1628632800000, 'marker': {'symbol': 'url(https://tmssl.akamaized.net/images/wappen/verysmall/21835.png?lm=1426284764)'}}, {'y': 100000, 'verein': 'FC UNA Strassen', 'age': '30', 'mw': '€100Th.', 'datum_mw': 'Jan 15, 2022', 'x': 1642201200000, 'marker': {'symbol': 'url(https://tmssl.akamaized.net/images/wappen/verysmall/21835.png?lm=1426284764)'}}]}]			-	3	161'	Feb 28, 2021			
Cédric Cossou																																	
Dany Camilo Almeida																																	
