Name	Name in home country	Date of birth	Place of birth	Age	Height	Citizenship	Position	Foot	Player agent	Current club	Joined	Contract expires	CL Appearances	Squad	Appearances	PPG	Goals	Assists	Own goals	Sub on	Sub off	Yellow cards	Seccond Yellow Cards	Red cards	Penalty goals	Minutes per goal	Minutes played	Market Values	Goals conceded	Clean sheets	Date of last contract extension	Social-Media	On loan from	Contract there expires
Djordje Djuric	Ђорђе Ђурић	Aug 10, 1991	Belgrad	30	1,86 m	Serbia	Defender	right	FAMILY FOOTBALL	FK Kolubara Lazarevac	Oct 11, 2021	-	0.0	31	10	2.70	-	-	-	5	-	-	-	1	-	-	443'	[{'type': 'line', 'name': 'Market value', 'data': [{'y': 100000, 'verein': 'FK Spartak Subotica', 'age': '20', 'mw': '€100Th.', 'datum_mw': 'Apr 9, 2012', 'x': 1333922400000, 'marker': {'symbol': 'url(https://tmssl.akamaized.net/images/wappen/verysmall/15276.png?lm=1420204934)'}}, {'y': 100000, 'verein': 'MTK Budapest', 'age': '21', 'mw': '€100Th.', 'datum_mw': 'Jan 5, 2013', 'x': 1357340400000, 'marker': {'symbol': 'url(https://tmssl.akamaized.net/images/wappen/verysmall/634_1462307500.png?lm=1462307500)'}}, {'y': 100000, 'verein': 'Rudar Pljevlja', 'age': '23', 'mw': '€100Th.', 'datum_mw': 'Aug 7, 2015', 'x': 1438898400000, 'marker': {'symbol': 'url(https://tmssl.akamaized.net/images/wappen/verysmall/5972.png?lm=1416406629)'}}, {'y': 400000, 'verein': 'FK Cukaricki', 'age': '24', 'mw': '€400Th.', 'datum_mw': 'May 29, 2016', 'x': 1464472800000, 'marker': {'symbol': 'url(https://tmssl.akamaized.net/images/wappen/verysmall/6621.png?lm=1479507902)'}}, {'y': 400000, 'verein': 'FK Cukaricki', 'age': '25', 'mw': '€400Th.', 'datum_mw': 'Dec 18, 2016', 'x': 1482015600000, 'marker': {'symbol': 'url(https://tmssl.akamaized.net/images/wappen/verysmall/6621.png?lm=1479507902)'}}, {'y': 400000, 'verein': 'FK Cukaricki', 'age': '25', 'mw': '€400Th.', 'datum_mw': 'May 4, 2017', 'x': 1493848800000, 'marker': {'symbol': 'url(https://tmssl.akamaized.net/images/wappen/verysmall/6621.png?lm=1479507902)'}}, {'y': 400000, 'verein': 'FK Cukaricki', 'age': '26', 'mw': '€400Th.', 'datum_mw': 'Jan 10, 2018', 'x': 1515538800000, 'marker': {'symbol': 'url(https://tmssl.akamaized.net/images/wappen/verysmall/6621.png?lm=1479507902)'}}, {'y': 400000, 'verein': 'FK Cukaricki', 'age': '26', 'mw': '€400Th.', 'datum_mw': 'Jul 2, 2018', 'x': 1530482400000, 'marker': {'symbol': 'url(https://tmssl.akamaized.net/images/wappen/verysmall/6621.png?lm=1479507902)'}}, {'y': 300000, 'verein': 'FK Cukaricki', 'age': '27', 'mw': '€300Th.', 'datum_mw': 'Jan 14, 2019', 'x': 1547420400000, 'marker': {'symbol': 'url(https://tmssl.akamaized.net/images/wappen/verysmall/6621.png?lm=1479507902)'}}, {'y': 250000, 'verein': 'FK Cukaricki', 'age': '27', 'mw': '€250Th.', 'datum_mw': 'Jun 9, 2019', 'x': 1560031200000, 'marker': {'symbol': 'url(https://tmssl.akamaized.net/images/wappen/verysmall/6621.png?lm=1479507902)'}}, {'y': 250000, 'verein': 'FK Vojvodina Novi Sad', 'age': '28', 'mw': '€250Th.', 'datum_mw': 'Oct 28, 2019', 'x': 1572217200000, 'marker': {'symbol': 'url(https://tmssl.akamaized.net/images/wappen/verysmall/448.png?lm=1543354208)'}}, {'y': 200000, 'verein': 'FK Vojvodina Novi Sad', 'age': '28', 'mw': '€200Th.', 'datum_mw': 'Jun 28, 2020', 'x': 1593295200000, 'marker': {'symbol': 'url(https://tmssl.akamaized.net/images/wappen/verysmall/448.png?lm=1543354208)'}}, {'y': 200000, 'verein': 'FK Vojvodina Novi Sad', 'age': '29', 'mw': '€200Th.', 'datum_mw': 'Dec 22, 2020', 'x': 1608591600000, 'marker': {'symbol': 'url(https://tmssl.akamaized.net/images/wappen/verysmall/448.png?lm=1543354208)'}}, {'y': 150000, 'verein': 'FK Vojvodina Novi Sad', 'age': '29', 'mw': '€150Th.', 'datum_mw': 'Jun 12, 2021', 'x': 1623448800000, 'marker': {'symbol': 'url(https://tmssl.akamaized.net/images/wappen/verysmall/448.png?lm=1543354208)'}}, {'y': 150000, 'verein': 'FK Kolubara Lazarevac', 'age': '30', 'mw': '€150Th.', 'datum_mw': 'Dec 25, 2021', 'x': 1640386800000, 'marker': {'symbol': 'url(https://tmssl.akamaized.net/images/wappen/verysmall/12514.png?lm=1479507965)'}}]}]						
Matija Vranesevic																																		
Dejan Stanivukovic	Дејан Станивуковић	Jun 19, 1994	Sremska Mitrovica	28	1,88 m	Serbia	Goalkeeper	right	ck soccer solutions	FK Kolubara Lazarevac	Aug 18, 2020	Jun 30, 2022	0.0	33	17	2.18	-	-		-	-	1	-	-			1.560'	[{'type': 'line', 'name': 'Market value', 'data': [{'y': 50000, 'verein': 'FK Indjija', 'age': '24', 'mw': '€50Th.', 'datum_mw': 'Jan 10, 2019', 'x': 1547074800000, 'marker': {'symbol': 'url(https://tmssl.akamaized.net/images/wappen/verysmall/11044.png?lm=1420205305)'}}, {'y': 100000, 'verein': 'FK Indjija', 'age': '24', 'mw': '€100Th.', 'datum_mw': 'Jun 17, 2019', 'x': 1560722400000, 'marker': {'symbol': 'url(https://tmssl.akamaized.net/images/wappen/verysmall/11044.png?lm=1420205305)'}}, {'y': 100000, 'verein': 'FK Indjija', 'age': '25', 'mw': '€100Th.', 'datum_mw': 'Oct 28, 2019', 'x': 1572217200000, 'marker': {'symbol': 'url(https://tmssl.akamaized.net/images/wappen/verysmall/11044.png?lm=1420205305)'}}, {'y': 100000, 'verein': 'FK Indjija', 'age': '26', 'mw': '€100Th.', 'datum_mw': 'Jun 28, 2020', 'x': 1593295200000, 'marker': {'symbol': 'url(https://tmssl.akamaized.net/images/wappen/verysmall/11044.png?lm=1420205305)'}}, {'y': 50000, 'verein': 'FK Kolubara Lazarevac', 'age': '26', 'mw': '€50Th.', 'datum_mw': 'Dec 8, 2020', 'x': 1607382000000, 'marker': {'symbol': 'url(https://tmssl.akamaized.net/images/wappen/verysmall/12514.png?lm=1479507965)'}}, {'y': 150000, 'verein': 'FK Kolubara Lazarevac', 'age': '26', 'mw': '€150Th.', 'datum_mw': 'Jun 6, 2021', 'x': 1622930400000, 'marker': {'symbol': 'url(https://tmssl.akamaized.net/images/wappen/verysmall/12514.png?lm=1479507965)'}}, {'y': 250000, 'verein': 'FK Kolubara Lazarevac', 'age': '27', 'mw': '€250Th.', 'datum_mw': 'Dec 25, 2021', 'x': 1640386800000, 'marker': {'symbol': 'url(https://tmssl.akamaized.net/images/wappen/verysmall/12514.png?lm=1479507965)'}}]}]	11	7				
Balsa Popovic																																		
Djordje Milovanovic																																		
Vasilije Bakic	Василије Бакић	May 24, 2000	Belgrad	22	1,92 m	Serbia	Defender - Centre-Back	left	Marcel Kacinari	FK Kolubara Lazarevac	Jul 1, 2021	-	0.0	31	25	0.96	1	-	-	2	3	13	1	-	-	1.999'	1.999'	[{'type': 'line', 'name': 'Market value', 'data': [{'y': 100000, 'verein': 'FK Cukaricki U19', 'age': '19', 'mw': '€100Th.', 'datum_mw': 'Jun 9, 2019', 'x': 1560031200000, 'marker': {'symbol': 'url(https://tmssl.akamaized.net/images/wappen/verysmall/15058.png?lm=1651563693)'}}, {'y': 100000, 'verein': 'FK Vozdovac', 'age': '19', 'mw': '€100Th.', 'datum_mw': 'Oct 28, 2019', 'x': 1572217200000, 'marker': {'symbol': 'url(https://tmssl.akamaized.net/images/wappen/verysmall/4634.png?lm=1468429229)'}}, {'y': 100000, 'verein': 'FK Vozdovac', 'age': '20', 'mw': '€100Th.', 'datum_mw': 'Jun 28, 2020', 'x': 1593295200000, 'marker': {'symbol': 'url(https://tmssl.akamaized.net/images/wappen/verysmall/4634.png?lm=1468429229)'}}, {'y': 200000, 'verein': 'FK Indjija', 'age': '20', 'mw': '€200Th.', 'datum_mw': 'Dec 22, 2020', 'x': 1608591600000, 'marker': {'symbol': 'url(https://tmssl.akamaized.net/images/wappen/verysmall/11044.png?lm=1420205305)'}}, {'y': 200000, 'verein': 'FK Indjija', 'age': '21', 'mw': '€200Th.', 'datum_mw': 'Jun 12, 2021', 'x': 1623448800000, 'marker': {'symbol': 'url(https://tmssl.akamaized.net/images/wappen/verysmall/11044.png?lm=1420205305)'}}, {'y': 300000, 'verein': 'FK Kolubara Lazarevac', 'age': '21', 'mw': '€300Th.', 'datum_mw': 'Dec 25, 2021', 'x': 1640386800000, 'marker': {'symbol': 'url(https://tmssl.akamaized.net/images/wappen/verysmall/12514.png?lm=1479507965)'}}]}]						
Andrija Radovanovic																																		
Stefan Marjanovic		Jul 25, 1994	Lazarevac	27		Serbia	Defender - Centre-Back	right		FK Kolubara Lazarevac	Jul 1, 2021	Jun 30, 2023	0.0	25	19	1.11	-	-	-	3	2	2	-	-	-	-	1.381'	[{'type': 'line', 'name': 'Market value', 'data': [{'y': 0, 'verein': 'Graficar Belgrad', 'age': '24', 'mw': '-', 'datum_mw': 'Jan 10, 2019', 'x': 1547074800000, 'marker': {'symbol': 'url(https://tmssl.akamaized.net/images/wappen/verysmall/4655.png?lm=1548960147)'}}, {'y': 175000, 'verein': 'Graficar Belgrad', 'age': '25', 'mw': '€175Th.', 'datum_mw': 'Dec 10, 2019', 'x': 1575932400000, 'marker': {'symbol': 'url(https://tmssl.akamaized.net/images/wappen/verysmall/4655.png?lm=1548960147)'}}, {'y': 175000, 'verein': 'FK Podgorica', 'age': '26', 'mw': '€175Th.', 'datum_mw': 'Oct 1, 2020', 'x': 1601503200000, 'marker': {'symbol': 'url(https://tmssl.akamaized.net/images/wappen/verysmall/50983.png?lm=1567623553)'}}, {'y': 175000, 'verein': 'FK Podgorica', 'age': '26', 'mw': '€175Th.', 'datum_mw': 'Apr 12, 2021', 'x': 1618178400000, 'marker': {'symbol': 'url(https://tmssl.akamaized.net/images/wappen/verysmall/50983.png?lm=1567623553)'}}, {'y': 250000, 'verein': 'FK Kolubara Lazarevac', 'age': '27', 'mw': '€250Th.', 'datum_mw': 'Dec 25, 2021', 'x': 1640386800000, 'marker': {'symbol': 'url(https://tmssl.akamaized.net/images/wappen/verysmall/12514.png?lm=1479507965)'}}]}]			Jun 10, 2022			
Nikola Vasiljevic	Никола Васиљевић	Jun 30, 1991	Lazarevac	30	1,91 m	Serbia	Defender - Centre-Back	left	RB SPORTS AGENCY	FK Kolubara Lazarevac	Feb 1, 2020	Jun 30, 2022	0.0	29	29	1.86	5	1	-	-	1	3	1	-	3	509'	2.547'	[{'type': 'line', 'name': 'Market value', 'data': [{'y': 300000, 'verein': 'OFK Beograd', 'age': '20', 'mw': '€300Th.', 'datum_mw': 'Apr 16, 2012', 'x': 1334527200000, 'marker': {'symbol': 'url(https://tmssl.akamaized.net/images/wappen/verysmall/53.png?lm=1410710879)'}}, {'y': 350000, 'verein': 'OFK Beograd', 'age': '21', 'mw': '€350Th.', 'datum_mw': 'Dec 26, 2012', 'x': 1356476400000, 'marker': {'symbol': 'url(https://tmssl.akamaized.net/images/wappen/verysmall/53.png?lm=1410710879)'}}, {'y': 400000, 'verein': 'OFK Beograd', 'age': '21', 'mw': '€400Th.', 'datum_mw': 'May 28, 2013', 'x': 1369692000000, 'marker': {'symbol': 'url(https://tmssl.akamaized.net/images/wappen/verysmall/53.png?lm=1410710879)'}}, {'y': 500000, 'verein': 'OFK Beograd', 'age': '22', 'mw': '€500Th.', 'datum_mw': 'Nov 25, 2013', 'x': 1385334000000, 'marker': {'symbol': 'url(https://tmssl.akamaized.net/images/wappen/verysmall/53.png?lm=1410710879)'}}, {'y': 500000, 'verein': 'OFK Beograd', 'age': '23', 'mw': '€500Th.', 'datum_mw': 'Nov 11, 2014', 'x': 1415660400000, 'marker': {'symbol': 'url(https://tmssl.akamaized.net/images/wappen/verysmall/53.png?lm=1410710879)'}}, {'y': 600000, 'verein': 'Pandurii Targu Jiu ', 'age': '23', 'mw': '€600Th.', 'datum_mw': 'Mar 23, 2015', 'x': 1427065200000, 'marker': {'symbol': 'url(https://tmssl.akamaized.net/images/wappen/verysmall/8715.png?lm=1416161587)'}}, {'y': 600000, 'verein': 'Pandurii Targu Jiu ', 'age': '23', 'mw': '€600Th.', 'datum_mw': 'Jun 1, 2015', 'x': 1433109600000, 'marker': {'symbol': 'url(https://tmssl.akamaized.net/images/wappen/verysmall/8715.png?lm=1416161587)'}}, {'y': 250000, 'verein': 'Pandurii Targu Jiu ', 'age': '24', 'mw': '€250Th.', 'datum_mw': 'Sep 30, 2015', 'x': 1443564000000, 'marker': {'symbol': 'url(https://tmssl.akamaized.net/images/wappen/verysmall/8715.png?lm=1416161587)'}}, {'y': 100000, 'verein': 'Pandurii Targu Jiu ', 'age': '24', 'mw': '€100Th.', 'datum_mw': 'Dec 22, 2015', 'x': 1450738800000, 'marker': {'symbol': 'url(https://tmssl.akamaized.net/images/wappen/verysmall/8715.png?lm=1416161587)'}}, {'y': 250000, 'verein': 'Pandurii Targu Jiu ', 'age': '24', 'mw': '€250Th.', 'datum_mw': 'Mar 22, 2016', 'x': 1458601200000, 'marker': {'symbol': 'url(https://tmssl.akamaized.net/images/wappen/verysmall/8715.png?lm=1416161587)'}}, {'y': 300000, 'verein': 'Pandurii Targu Jiu ', 'age': '24', 'mw': '€300Th.', 'datum_mw': 'Jun 1, 2016', 'x': 1464732000000, 'marker': {'symbol': 'url(https://tmssl.akamaized.net/images/wappen/verysmall/8715.png?lm=1416161587)'}}, {'y': 500000, 'verein': 'Pandurii Targu Jiu ', 'age': '25', 'mw': '€500Th.', 'datum_mw': 'Sep 28, 2016', 'x': 1475013600000, 'marker': {'symbol': 'url(https://tmssl.akamaized.net/images/wappen/verysmall/8715.png?lm=1416161587)'}}, {'y': 500000, 'verein': 'Pandurii Targu Jiu ', 'age': '25', 'mw': '€500Th.', 'datum_mw': 'Dec 21, 2016', 'x': 1482274800000, 'marker': {'symbol': 'url(https://tmssl.akamaized.net/images/wappen/verysmall/8715.png?lm=1416161587)'}}, {'y': 425000, 'verein': 'Tokushima Vortis', 'age': '26', 'mw': '€425Th.', 'datum_mw': 'Jan 5, 2018', 'x': 1515106800000, 'marker': {'symbol': 'url(https://tmssl.akamaized.net/images/wappen/verysmall/17832.png?lm=1411406888)'}}, {'y': 400000, 'verein': 'BATE Borisov', 'age': '26', 'mw': '€400Th.', 'datum_mw': 'Jun 1, 2018', 'x': 1527804000000, 'marker': {'symbol': 'url(https://tmssl.akamaized.net/images/wappen/verysmall/713_1459681438.png?lm=1459681438)'}}, {'y': 250000, 'verein': 'BATE Borisov', 'age': '27', 'mw': '€250Th.', 'datum_mw': 'Dec 4, 2018', 'x': 1543878000000, 'marker': {'symbol': 'url(https://tmssl.akamaized.net/images/wappen/verysmall/713_1459681438.png?lm=1459681438)'}}, {'y': 200000, 'verein': 'FK Vojvodina Novi Sad', 'age': '28', 'mw': '€200Th.', 'datum_mw': 'Oct 28, 2019', 'x': 1572217200000, 'marker': {'symbol': 'url(https://tmssl.akamaized.net/images/wappen/verysmall/448.png?lm=1543354208)'}}, {'y': 200000, 'verein': 'FK Kolubara Lazarevac', 'age': '28', 'mw': '€200Th.', 'datum_mw': 'Jun 21, 2020', 'x': 1592690400000, 'marker': {'symbol': 'url(https://tmssl.akamaized.net/images/wappen/verysmall/12514.png?lm=1479507965)'}}, {'y': 300000, 'verein': 'FK Kolubara Lazarevac', 'age': '29', 'mw': '€300Th.', 'datum_mw': 'Dec 8, 2020', 'x': 1607382000000, 'marker': {'symbol': 'url(https://tmssl.akamaized.net/images/wappen/verysmall/12514.png?lm=1479507965)'}}, {'y': 300000, 'verein': 'FK Kolubara Lazarevac', 'age': '29', 'mw': '€300Th.', 'datum_mw': 'Jun 6, 2021', 'x': 1622930400000, 'marker': {'symbol': 'url(https://tmssl.akamaized.net/images/wappen/verysmall/12514.png?lm=1479507965)'}}, {'y': 150000, 'verein': 'FK Kolubara Lazarevac', 'age': '30', 'mw': '€150Th.', 'datum_mw': 'Dec 25, 2021', 'x': 1640386800000, 'marker': {'symbol': 'url(https://tmssl.akamaized.net/images/wappen/verysmall/12514.png?lm=1479507965)'}}]}]						
Dejan Uzelac		Nov 29, 1993	Zrenjanin	28	1,90 m	Bosnia-Herzegovina	Defender - Centre-Back	left	BestTransfer	FK Kolubara Lazarevac	Jan 24, 2022	-	0.0	28	25	1.92	1	2	-	1	3	11	-	-	-	2.075'	2.075'	[{'type': 'line', 'name': 'Market value', 'data': [{'y': 25000, 'verein': 'FK Drina Zvornik', 'age': '21', 'mw': '€25Th.', 'datum_mw': 'Feb 2, 2015', 'x': 1422831600000, 'marker': {'symbol': 'url(https://tmssl.akamaized.net/images/wappen/verysmall/8577.png?lm=1436045115)'}}, {'y': 75000, 'verein': 'FK Zeljeznicar Sarajevo', 'age': '21', 'mw': '€75Th.', 'datum_mw': 'Jul 22, 2015', 'x': 1437516000000, 'marker': {'symbol': 'url(https://tmssl.akamaized.net/images/wappen/verysmall/2573.png?lm=1499719923)'}}, {'y': 100000, 'verein': 'FK Metalac Gornji Milanovac', 'age': '23', 'mw': '€100Th.', 'datum_mw': 'Dec 18, 2016', 'x': 1482015600000, 'marker': {'symbol': 'url(https://tmssl.akamaized.net/images/wappen/verysmall/12135.png?lm=1468946587)'}}, {'y': 100000, 'verein': 'FK Olimpik Sarajevo ', 'age': '23', 'mw': '€100Th.', 'datum_mw': 'Jan 23, 2017', 'x': 1485126000000, 'marker': {'symbol': 'url(https://tmssl.akamaized.net/images/wappen/verysmall/11215_1499460706.png?lm=1499460706)'}}, {'y': 100000, 'verein': 'FK Olimpik Sarajevo ', 'age': '24', 'mw': '€100Th.', 'datum_mw': 'Aug 29, 2018', 'x': 1535493600000, 'marker': {'symbol': 'url(https://tmssl.akamaized.net/images/wappen/verysmall/11215_1591223402.png?lm=1591223377)'}}, {'y': 100000, 'verein': 'FK Olimpik Sarajevo ', 'age': '25', 'mw': '€100Th.', 'datum_mw': 'Mar 19, 2019', 'x': 1552950000000, 'marker': {'symbol': 'url(https://tmssl.akamaized.net/images/wappen/verysmall/11215_1591223402.png?lm=1591223377)'}}, {'y': 100000, 'verein': 'FK Sloboda Tuzla', 'age': '26', 'mw': '€100Th.', 'datum_mw': 'Jan 7, 2020', 'x': 1578351600000, 'marker': {'symbol': 'url(https://tmssl.akamaized.net/images/wappen/verysmall/5405.png?lm=1537898534)'}}, {'y': 100000, 'verein': 'FK Sloboda Tuzla', 'age': '26', 'mw': '€100Th.', 'datum_mw': 'Jun 26, 2020', 'x': 1593122400000, 'marker': {'symbol': 'url(https://tmssl.akamaized.net/images/wappen/verysmall/5405.png?lm=1537898534)'}}, {'y': 100000, 'verein': 'FK Sloboda Tuzla', 'age': '27', 'mw': '€100Th.', 'datum_mw': 'Dec 16, 2020', 'x': 1608073200000, 'marker': {'symbol': 'url(https://tmssl.akamaized.net/images/wappen/verysmall/5405.png?lm=1537898534)'}}, {'y': 300000, 'verein': 'FK Borac Banja Luka', 'age': '27', 'mw': '€300Th.', 'datum_mw': 'Jun 15, 2021', 'x': 1623708000000, 'marker': {'symbol': 'url(https://tmssl.akamaized.net/images/wappen/verysmall/3900.png?lm=1436045265)'}}, {'y': 150000, 'verein': 'Without Club', 'age': '27', 'mw': '€150Th.', 'datum_mw': 'Oct 28, 2021', 'x': 1635372000000, 'marker': {'symbol': 'url(https://tmssl.akamaized.net/images/wappen/verysmall/515.png?lm=1456997255)'}}]}]						
Nenad Kocovic																																		
Andreja Stojanovic																																		
Nikola Jankovic	Никола Јанковић	Jun 7, 1993	Lazarevac	29	1,79 m	Serbia	Defender - Right-Back	right	Lehmanns Management	FK Kolubara Lazarevac	Jul 26, 2020	Jun 30, 2023	0.0	27	26	2.08	1	8	-	-	5	9	-	-	-	2.173'	2.173'	[{'type': 'line', 'name': 'Market value', 'data': [{'y': 100000, 'verein': 'FK Cukaricki', 'age': '20', 'mw': '€100Th.', 'datum_mw': 'Nov 15, 2013', 'x': 1384470000000, 'marker': {'symbol': 'url(https://tmssl.akamaized.net/images/wappen/verysmall/6621.png?lm=1479507902)'}}, {'y': 150000, 'verein': 'FK Cukaricki', 'age': '21', 'mw': '€150Th.', 'datum_mw': 'Nov 11, 2014', 'x': 1415660400000, 'marker': {'symbol': 'url(https://tmssl.akamaized.net/images/wappen/verysmall/6621.png?lm=1479507902)'}}, {'y': 400000, 'verein': 'FK Cukaricki', 'age': '22', 'mw': '€400Th.', 'datum_mw': 'Jun 15, 2015', 'x': 1434319200000, 'marker': {'symbol': 'url(https://tmssl.akamaized.net/images/wappen/verysmall/6621.png?lm=1479507902)'}}, {'y': 400000, 'verein': 'FK Cukaricki', 'age': '22', 'mw': '€400Th.', 'datum_mw': 'Nov 23, 2015', 'x': 1448233200000, 'marker': {'symbol': 'url(https://tmssl.akamaized.net/images/wappen/verysmall/6621.png?lm=1479507902)'}}, {'y': 400000, 'verein': 'FK Cukaricki', 'age': '22', 'mw': '€400Th.', 'datum_mw': 'May 29, 2016', 'x': 1464472800000, 'marker': {'symbol': 'url(https://tmssl.akamaized.net/images/wappen/verysmall/6621.png?lm=1479507902)'}}, {'y': 400000, 'verein': 'FK Cukaricki', 'age': '23', 'mw': '€400Th.', 'datum_mw': 'Dec 18, 2016', 'x': 1482015600000, 'marker': {'symbol': 'url(https://tmssl.akamaized.net/images/wappen/verysmall/6621.png?lm=1479507902)'}}, {'y': 300000, 'verein': 'FK Jablonec', 'age': '24', 'mw': '€300Th.', 'datum_mw': 'Jun 10, 2017', 'x': 1497045600000, 'marker': {'symbol': 'url(https://tmssl.akamaized.net/images/wappen/verysmall/1322.png?lm=1551278724)'}}, {'y': 300000, 'verein': 'FK Jablonec', 'age': '24', 'mw': '€300Th.', 'datum_mw': 'Jul 16, 2017', 'x': 1500156000000, 'marker': {'symbol': 'url(https://tmssl.akamaized.net/images/wappen/verysmall/1322.png?lm=1551278724)'}}, {'y': 300000, 'verein': 'FK Jablonec', 'age': '24', 'mw': '€300Th.', 'datum_mw': 'Dec 21, 2017', 'x': 1513810800000, 'marker': {'symbol': 'url(https://tmssl.akamaized.net/images/wappen/verysmall/1322.png?lm=1551278724)'}}, {'y': 250000, 'verein': 'FK Jablonec', 'age': '25', 'mw': '€250Th.', 'datum_mw': 'Jul 14, 2018', 'x': 1531519200000, 'marker': {'symbol': 'url(https://tmssl.akamaized.net/images/wappen/verysmall/1322.png?lm=1551278724)'}}, {'y': 250000, 'verein': 'FK Jablonec', 'age': '25', 'mw': '€250Th.', 'datum_mw': 'Dec 30, 2018', 'x': 1546124400000, 'marker': {'symbol': 'url(https://tmssl.akamaized.net/images/wappen/verysmall/1322.png?lm=1551278724)'}}, {'y': 250000, 'verein': 'FK Jablonec', 'age': '26', 'mw': '€250Th.', 'datum_mw': 'Jun 25, 2019', 'x': 1561413600000, 'marker': {'symbol': 'url(https://tmssl.akamaized.net/images/wappen/verysmall/1322.png?lm=1551278724)'}}, {'y': 300000, 'verein': 'FK Indjija', 'age': '26', 'mw': '€300Th.', 'datum_mw': 'Oct 28, 2019', 'x': 1572217200000, 'marker': {'symbol': 'url(https://tmssl.akamaized.net/images/wappen/verysmall/11044.png?lm=1420205305)'}}, {'y': 300000, 'verein': 'FK Kolubara Lazarevac', 'age': '27', 'mw': '€300Th.', 'datum_mw': 'Dec 8, 2020', 'x': 1607382000000, 'marker': {'symbol': 'url(https://tmssl.akamaized.net/images/wappen/verysmall/12514.png?lm=1479507965)'}}, {'y': 300000, 'verein': 'FK Kolubara Lazarevac', 'age': '27', 'mw': '€300Th.', 'datum_mw': 'Jun 6, 2021', 'x': 1622930400000, 'marker': {'symbol': 'url(https://tmssl.akamaized.net/images/wappen/verysmall/12514.png?lm=1479507965)'}}, {'y': 300000, 'verein': 'FK Kolubara Lazarevac', 'age': '28', 'mw': '€300Th.', 'datum_mw': 'Dec 25, 2021', 'x': 1640386800000, 'marker': {'symbol': 'url(https://tmssl.akamaized.net/images/wappen/verysmall/12514.png?lm=1479507965)'}}]}]			Jun 10, 2022			
Nenad Stankovic	Ненад Станковић	Sep 16, 1992	Belgrad	29	1,79 m	Serbia	Defender - Right-Back	both		FK Kolubara Lazarevac	Jan 16, 2021	-	0.0	30	12	2.58	-	3	-	4	2	5	-	-	-	-	750'	[{'type': 'line', 'name': 'Market value', 'data': [{'y': 175000, 'verein': 'FK Sindjelic Belgrad', 'age': '26', 'mw': '€175Th.', 'datum_mw': 'Jan 10, 2019', 'x': 1547074800000, 'marker': {'symbol': 'url(https://tmssl.akamaized.net/images/wappen/verysmall/12931.png?lm=1543082367)'}}, {'y': 175000, 'verein': 'FK Sindjelic Belgrad', 'age': '26', 'mw': '€175Th.', 'datum_mw': 'Jun 17, 2019', 'x': 1560722400000, 'marker': {'symbol': 'url(https://tmssl.akamaized.net/images/wappen/verysmall/12931.png?lm=1543082367)'}}, {'y': 250000, 'verein': 'FK Radnik Surdulica', 'age': '27', 'mw': '€250Th.', 'datum_mw': 'Oct 28, 2019', 'x': 1572217200000, 'marker': {'symbol': 'url(https://tmssl.akamaized.net/images/wappen/verysmall/33328.png?lm=1410709426)'}}, {'y': 150000, 'verein': 'FK Radnik Surdulica', 'age': '27', 'mw': '€150Th.', 'datum_mw': 'Jun 28, 2020', 'x': 1593295200000, 'marker': {'symbol': 'url(https://tmssl.akamaized.net/images/wappen/verysmall/33328.png?lm=1410709426)'}}, {'y': 50000, 'verein': 'FK Radnik Surdulica', 'age': '28', 'mw': '€50Th.', 'datum_mw': 'Dec 22, 2020', 'x': 1608591600000, 'marker': {'symbol': 'url(https://tmssl.akamaized.net/images/wappen/verysmall/33328.png?lm=1410709426)'}}, {'y': 150000, 'verein': 'FK Kolubara Lazarevac', 'age': '28', 'mw': '€150Th.', 'datum_mw': 'Jun 6, 2021', 'x': 1622930400000, 'marker': {'symbol': 'url(https://tmssl.akamaized.net/images/wappen/verysmall/12514.png?lm=1479507965)'}}, {'y': 100000, 'verein': 'FK Kolubara Lazarevac', 'age': '29', 'mw': '€100Th.', 'datum_mw': 'Dec 25, 2021', 'x': 1640386800000, 'marker': {'symbol': 'url(https://tmssl.akamaized.net/images/wappen/verysmall/12514.png?lm=1479507965)'}}]}]						
Goran Loncar	Горан Лончар	Aug 27, 2001	Belgrade	20	1,74 m	Serbia	midfield - Defensive Midfield	right		FK Kolubara Lazarevac	Sep 2, 2020	Jun 30, 2022	0.0	22	15	2.47	-	1	-	-	10	7	-	-	-	-	1.149'	[{'type': 'line', 'name': 'Market value', 'data': [{'y': 25000, 'verein': 'FK Novi Pazar', 'age': '18', 'mw': '€25Th.', 'datum_mw': 'Jun 21, 2020', 'x': 1592690400000, 'marker': {'symbol': 'url(https://tmssl.akamaized.net/images/wappen/verysmall/4633.png?lm=1411382255)'}}, {'y': 25000, 'verein': 'FK Kolubara Lazarevac', 'age': '19', 'mw': '€25Th.', 'datum_mw': 'Dec 8, 2020', 'x': 1607382000000, 'marker': {'symbol': 'url(https://tmssl.akamaized.net/images/wappen/verysmall/12514.png?lm=1479507965)'}}, {'y': 150000, 'verein': 'FK Kolubara Lazarevac', 'age': '19', 'mw': '€150Th.', 'datum_mw': 'Jun 6, 2021', 'x': 1622930400000, 'marker': {'symbol': 'url(https://tmssl.akamaized.net/images/wappen/verysmall/12514.png?lm=1479507965)'}}, {'y': 150000, 'verein': 'FK Kolubara Lazarevac', 'age': '20', 'mw': '€150Th.', 'datum_mw': 'Dec 25, 2021', 'x': 1640386800000, 'marker': {'symbol': 'url(https://tmssl.akamaized.net/images/wappen/verysmall/12514.png?lm=1479507965)'}}]}]						
Nemanja Nikolic	Nemanja Nikolić	Jan 1, 1988	Valjevo	34	1,88 m	"Montenegro
  Serbia"	midfield - Defensive Midfield	left	Marcel Kacinari	FK Kolubara Lazarevac	Jul 15, 2021	Jun 30, 2023	0.0	29	26	1.35	-	3	-	3	8	4	-	-	-	-	1.901'	[{'type': 'line', 'name': 'Market value', 'data': [{'y': 200000, 'verein': 'Red Star Belgrade', 'age': '20', 'mw': '€200Th.', 'datum_mw': 'Oct 9, 2008', 'x': 1223503200000, 'marker': {'symbol': 'url(https://tmssl.akamaized.net/images/wappen/verysmall/159.png?lm=1567102522)'}}, {'y': 500000, 'verein': 'Red Star Belgrade', 'age': '20', 'mw': '€500Th.', 'datum_mw': 'Dec 18, 2008', 'x': 1229554800000, 'marker': {'symbol': 'url(https://tmssl.akamaized.net/images/wappen/verysmall/159.png?lm=1567102522)'}}, {'y': 550000, 'verein': 'Red Star Belgrade', 'age': '21', 'mw': '€550Th.', 'datum_mw': 'Oct 8, 2009', 'x': 1254952800000, 'marker': {'symbol': 'url(https://tmssl.akamaized.net/images/wappen/verysmall/159.png?lm=1567102522)'}}, {'y': 500000, 'verein': 'Red Star Belgrade', 'age': '22', 'mw': '€500Th.', 'datum_mw': 'Apr 13, 2010', 'x': 1271109600000, 'marker': {'symbol': 'url(https://tmssl.akamaized.net/images/wappen/verysmall/159.png?lm=1567102522)'}}, {'y': 450000, 'verein': 'FK Spartak Subotica', 'age': '22', 'mw': '€450Th.', 'datum_mw': 'Oct 11, 2010', 'x': 1286748000000, 'marker': {'symbol': 'url(https://tmssl.akamaized.net/images/wappen/verysmall/15276.png?lm=1420204934)'}}, {'y': 500000, 'verein': 'FK Spartak Subotica', 'age': '23', 'mw': '€500Th.', 'datum_mw': 'Apr 19, 2011', 'x': 1303164000000, 'marker': {'symbol': 'url(https://tmssl.akamaized.net/images/wappen/verysmall/15276.png?lm=1420204934)'}}, {'y': 450000, 'verein': 'OFK Beograd', 'age': '23', 'mw': '€450Th.', 'datum_mw': 'Nov 2, 2011', 'x': 1320188400000, 'marker': {'symbol': 'url(https://tmssl.akamaized.net/images/wappen/verysmall/53.png?lm=1410710879)'}}, {'y': 550000, 'verein': 'OFK Beograd', 'age': '24', 'mw': '€550Th.', 'datum_mw': 'Apr 16, 2012', 'x': 1334527200000, 'marker': {'symbol': 'url(https://tmssl.akamaized.net/images/wappen/verysmall/53.png?lm=1410710879)'}}, {'y': 600000, 'verein': 'OFK Beograd', 'age': '24', 'mw': '€600Th.', 'datum_mw': 'Dec 26, 2012', 'x': 1356476400000, 'marker': {'symbol': 'url(https://tmssl.akamaized.net/images/wappen/verysmall/53.png?lm=1410710879)'}}, {'y': 750000, 'verein': 'OFK Beograd', 'age': '25', 'mw': '€750Th.', 'datum_mw': 'May 28, 2013', 'x': 1369692000000, 'marker': {'symbol': 'url(https://tmssl.akamaized.net/images/wappen/verysmall/53.png?lm=1410710879)'}}, {'y': 700000, 'verein': 'Dinamo Minsk', 'age': '25', 'mw': '€700Th.', 'datum_mw': 'Nov 25, 2013', 'x': 1385334000000, 'marker': {'symbol': 'url(https://tmssl.akamaized.net/images/wappen/verysmall/1180.png?lm=1610646679)'}}, {'y': 700000, 'verein': 'Dinamo Minsk', 'age': '26', 'mw': '€700Th.', 'datum_mw': 'Jul 5, 2014', 'x': 1404511200000, 'marker': {'symbol': 'url(https://tmssl.akamaized.net/images/wappen/verysmall/1180.png?lm=1610646679)'}}, {'y': 800000, 'verein': 'Dinamo Minsk', 'age': '26', 'mw': '€800Th.', 'datum_mw': 'Nov 19, 2014', 'x': 1416351600000, 'marker': {'symbol': 'url(https://tmssl.akamaized.net/images/wappen/verysmall/1180.png?lm=1610646679)'}}, {'y': 700000, 'verein': 'BATE Borisov', 'age': '27', 'mw': '€700Th.', 'datum_mw': 'Jul 9, 2015', 'x': 1436392800000, 'marker': {'symbol': 'url(https://tmssl.akamaized.net/images/wappen/verysmall/713_1459681438.png?lm=1459681438)'}}, {'y': 1000000, 'verein': 'BATE Borisov', 'age': '27', 'mw': '€1.00m', 'datum_mw': 'Sep 15, 2015', 'x': 1442268000000, 'marker': {'symbol': 'url(https://tmssl.akamaized.net/images/wappen/verysmall/713_1459681438.png?lm=1459681438)'}}, {'y': 1000000, 'verein': 'BATE Borisov', 'age': '27', 'mw': '€1.00m', 'datum_mw': 'Nov 20, 2015', 'x': 1447974000000, 'marker': {'symbol': 'url(https://tmssl.akamaized.net/images/wappen/verysmall/713_1459681438.png?lm=1459681438)'}}, {'y': 800000, 'verein': 'Hapoel Tel Aviv', 'age': '28', 'mw': '€800Th.', 'datum_mw': 'Apr 4, 2016', 'x': 1459720800000, 'marker': {'symbol': 'url(https://tmssl.akamaized.net/images/wappen/verysmall/1017.png?lm=1403616528)'}}, {'y': 600000, 'verein': 'FK Vozdovac', 'age': '29', 'mw': '€600Th.', 'datum_mw': 'May 4, 2017', 'x': 1493848800000, 'marker': {'symbol': 'url(https://tmssl.akamaized.net/images/wappen/verysmall/4634.png?lm=1468429229)'}}, {'y': 450000, 'verein': 'Hapoel Raanana', 'age': '30', 'mw': '€450Th.', 'datum_mw': 'Nov 8, 2018', 'x': 1541631600000, 'marker': {'symbol': 'url(https://tmssl.akamaized.net/images/wappen/verysmall/20857.png?lm=1409220879)'}}, {'y': 750000, 'verein': 'FK Vozdovac', 'age': '31', 'mw': '€750Th.', 'datum_mw': 'Oct 28, 2019', 'x': 1572217200000, 'marker': {'symbol': 'url(https://tmssl.akamaized.net/images/wappen/verysmall/4634.png?lm=1468429229)'}}, {'y': 600000, 'verein': 'FK Vozdovac', 'age': '32', 'mw': '€600Th.', 'datum_mw': 'Apr 8, 2020', 'x': 1586296800000, 'marker': {'symbol': 'url(https://tmssl.akamaized.net/images/wappen/verysmall/4634.png?lm=1468429229)'}}, {'y': 350000, 'verein': 'FK Tuzla City', 'age': '32', 'mw': '€350Th.', 'datum_mw': 'Jul 30, 2020', 'x': 1596060000000, 'marker': {'symbol': 'url(https://tmssl.akamaized.net/images/wappen/verysmall/43532.png?lm=1625086165)'}}, {'y': 150000, 'verein': 'FK Tuzla City', 'age': '32', 'mw': '€150Th.', 'datum_mw': 'Dec 16, 2020', 'x': 1608073200000, 'marker': {'symbol': 'url(https://tmssl.akamaized.net/images/wappen/verysmall/43532.png?lm=1625086165)'}}, {'y': 100000, 'verein': 'Graficar Belgrad', 'age': '33', 'mw': '€100Th.', 'datum_mw': 'Jun 6, 2021', 'x': 1622930400000, 'marker': {'symbol': 'url(https://tmssl.akamaized.net/images/wappen/verysmall/4655.png?lm=1548960147)'}}, {'y': 150000, 'verein': 'FK Kolubara Lazarevac', 'age': '33', 'mw': '€150Th.', 'datum_mw': 'Dec 25, 2021', 'x': 1640386800000, 'marker': {'symbol': 'url(https://tmssl.akamaized.net/images/wappen/verysmall/12514.png?lm=1479507965)'}}]}]			Jun 10, 2022			
Marko Vucetic	Марко Вучетић	Jun 24, 1986	Belgrad	36	1,80 m	Serbia	midfield - Defensive Midfield	both	HM Sport	FK Kolubara Lazarevac	Jul 20, 2019	Jun 30, 2022	0.0	27	25	2.12	-	2	-	2	8	4	1	-	-	-	1.970'	[{'type': 'line', 'name': 'Market value', 'data': [{'y': 200000, 'verein': 'FK Indjija', 'age': '24', 'mw': '€200Th.', 'datum_mw': 'Jun 29, 2010', 'x': 1277762400000, 'marker': {'symbol': 'url(https://tmssl.akamaized.net/images/wappen/verysmall/11044.png?lm=1420205305)'}}, {'y': 200000, 'verein': 'FK Indjija', 'age': '24', 'mw': '€200Th.', 'datum_mw': 'Nov 5, 2010', 'x': 1288911600000, 'marker': {'symbol': 'url(https://tmssl.akamaized.net/images/wappen/verysmall/11044.png?lm=1420205305)'}}, {'y': 400000, 'verein': 'FK Indjija', 'age': '24', 'mw': '€400Th.', 'datum_mw': 'Apr 25, 2011', 'x': 1303682400000, 'marker': {'symbol': 'url(https://tmssl.akamaized.net/images/wappen/verysmall/11044.png?lm=1420205305)'}}, {'y': 275000, 'verein': 'Bregalnica Stip', 'age': '25', 'mw': '€275Th.', 'datum_mw': 'Dec 19, 2011', 'x': 1324249200000, 'marker': {'symbol': 'url(https://tmssl.akamaized.net/images/wappen/verysmall/9892.png?lm=1576281676)'}}, {'y': 275000, 'verein': 'Bregalnica Stip', 'age': '25', 'mw': '€275Th.', 'datum_mw': 'May 28, 2012', 'x': 1338156000000, 'marker': {'symbol': 'url(https://tmssl.akamaized.net/images/wappen/verysmall/9892.png?lm=1576281676)'}}, {'y': 250000, 'verein': 'Bregalnica Stip', 'age': '26', 'mw': '€250Th.', 'datum_mw': 'Oct 9, 2012', 'x': 1349733600000, 'marker': {'symbol': 'url(https://tmssl.akamaized.net/images/wappen/verysmall/9892.png?lm=1576281676)'}}, {'y': 250000, 'verein': 'Bregalnica Stip', 'age': '26', 'mw': '€250Th.', 'datum_mw': 'Dec 21, 2012', 'x': 1356044400000, 'marker': {'symbol': 'url(https://tmssl.akamaized.net/images/wappen/verysmall/9892.png?lm=1576281676)'}}, {'y': 300000, 'verein': 'Adanaspor', 'age': '27', 'mw': '€300Th.', 'datum_mw': 'Jan 20, 2014', 'x': 1390172400000, 'marker': {'symbol': 'url(https://tmssl.akamaized.net/images/wappen/verysmall/6.png?lm=1442130460)'}}, {'y': 350000, 'verein': 'Adanaspor', 'age': '28', 'mw': '€350Th.', 'datum_mw': 'Jul 1, 2014', 'x': 1404165600000, 'marker': {'symbol': 'url(https://tmssl.akamaized.net/images/wappen/verysmall/6.png?lm=1442130460)'}}, {'y': 300000, 'verein': 'FK Napredak Krusevac', 'age': '28', 'mw': '€300Th.', 'datum_mw': 'Jun 15, 2015', 'x': 1434319200000, 'marker': {'symbol': 'url(https://tmssl.akamaized.net/images/wappen/verysmall/788.png?lm=1420204769)'}}, {'y': 275000, 'verein': 'FK Radnik Surdulica', 'age': '29', 'mw': '€275Th.', 'datum_mw': 'May 29, 2016', 'x': 1464472800000, 'marker': {'symbol': 'url(https://tmssl.akamaized.net/images/wappen/verysmall/33328.png?lm=1410709426)'}}, {'y': 200000, 'verein': 'Bregalnica Stip', 'age': '30', 'mw': '€200Th.', 'datum_mw': 'Jun 17, 2017', 'x': 1497650400000, 'marker': {'symbol': 'url(https://tmssl.akamaized.net/images/wappen/verysmall/9892.png?lm=1576281676)'}}, {'y': 175000, 'verein': 'FK Bezanija', 'age': '32', 'mw': '€175Th.', 'datum_mw': 'Jun 17, 2019', 'x': 1560722400000, 'marker': {'symbol': 'url(https://tmssl.akamaized.net/images/wappen/verysmall/10319.png?lm=1420206235)'}}, {'y': 100000, 'verein': 'FK Kolubara Lazarevac', 'age': '33', 'mw': '€100Th.', 'datum_mw': 'Dec 10, 2019', 'x': 1575932400000, 'marker': {'symbol': 'url(https://tmssl.akamaized.net/images/wappen/verysmall/12514.png?lm=1479507965)'}}, {'y': 100000, 'verein': 'FK Kolubara Lazarevac', 'age': '33', 'mw': '€100Th.', 'datum_mw': 'Jun 21, 2020', 'x': 1592690400000, 'marker': {'symbol': 'url(https://tmssl.akamaized.net/images/wappen/verysmall/12514.png?lm=1479507965)'}}, {'y': 50000, 'verein': 'FK Kolubara Lazarevac', 'age': '34', 'mw': '€50Th.', 'datum_mw': 'Dec 8, 2020', 'x': 1607382000000, 'marker': {'symbol': 'url(https://tmssl.akamaized.net/images/wappen/verysmall/12514.png?lm=1479507965)'}}, {'y': 50000, 'verein': 'FK Kolubara Lazarevac', 'age': '34', 'mw': '€50Th.', 'datum_mw': 'Jun 6, 2021', 'x': 1622930400000, 'marker': {'symbol': 'url(https://tmssl.akamaized.net/images/wappen/verysmall/12514.png?lm=1479507965)'}}, {'y': 50000, 'verein': 'FK Kolubara Lazarevac', 'age': '35', 'mw': '€50Th.', 'datum_mw': 'Dec 25, 2021', 'x': 1640386800000, 'marker': {'symbol': 'url(https://tmssl.akamaized.net/images/wappen/verysmall/12514.png?lm=1479507965)'}}]}]						
Milos Filipovic	Miloš Filipović	May 9, 1990	Kosovska Mitrovica	32	1,78 m	"Serbia
  Bosnia-Herzegovina"	midfield - Right Midfield	right	Top Sport Medium	FK Kolubara Lazarevac	Jul 1, 2021	-	0.0	28	28	1.89	6	9	-	4	14	3	-	-	1	334'	2.002'	[{'type': 'line', 'name': 'Market value', 'data': [{'y': 200000, 'verein': 'OFK Beograd', 'age': '20', 'mw': '€200Th.', 'datum_mw': 'Oct 11, 2010', 'x': 1286748000000, 'marker': {'symbol': 'url(https://tmssl.akamaized.net/images/wappen/verysmall/53.png?lm=1410710879)'}}, {'y': 200000, 'verein': 'OFK Beograd', 'age': '21', 'mw': '€200Th.', 'datum_mw': 'May 9, 2011', 'x': 1304892000000, 'marker': {'symbol': 'url(https://tmssl.akamaized.net/images/wappen/verysmall/53.png?lm=1410710879)'}}, {'y': 200000, 'verein': 'OFK Beograd', 'age': '21', 'mw': '€200Th.', 'datum_mw': 'Nov 2, 2011', 'x': 1320188400000, 'marker': {'symbol': 'url(https://tmssl.akamaized.net/images/wappen/verysmall/53.png?lm=1410710879)'}}, {'y': 200000, 'verein': 'FK Drina Zvornik', 'age': '24', 'mw': '€200Th.', 'datum_mw': 'Feb 2, 2015', 'x': 1422831600000, 'marker': {'symbol': 'url(https://tmssl.akamaized.net/images/wappen/verysmall/8577.png?lm=1436045115)'}}, {'y': 250000, 'verein': 'HSK Zrinjski Mostar', 'age': '25', 'mw': '€250Th.', 'datum_mw': 'Jul 22, 2015', 'x': 1437516000000, 'marker': {'symbol': 'url(https://tmssl.akamaized.net/images/wappen/verysmall/6808.png?lm=1474921934)'}}, {'y': 250000, 'verein': 'HSK Zrinjski Mostar', 'age': '25', 'mw': '€250Th.', 'datum_mw': 'Jan 7, 2016', 'x': 1452121200000, 'marker': {'symbol': 'url(https://tmssl.akamaized.net/images/wappen/verysmall/6808.png?lm=1474921934)'}}, {'y': 250000, 'verein': 'HSK Zrinjski Mostar', 'age': '26', 'mw': '€250Th.', 'datum_mw': 'Jul 19, 2016', 'x': 1468879200000, 'marker': {'symbol': 'url(https://tmssl.akamaized.net/images/wappen/verysmall/6808.png?lm=1474921934)'}}, {'y': 225000, 'verein': 'HSK Zrinjski Mostar', 'age': '26', 'mw': '€225Th.', 'datum_mw': 'Jan 21, 2017', 'x': 1484953200000, 'marker': {'symbol': 'url(https://tmssl.akamaized.net/images/wappen/verysmall/6808.png?lm=1474921934)'}}, {'y': 225000, 'verein': 'HSK Zrinjski Mostar', 'age': '27', 'mw': '€225Th.', 'datum_mw': 'Jul 20, 2017', 'x': 1500501600000, 'marker': {'symbol': 'url(https://tmssl.akamaized.net/images/wappen/verysmall/6808.png?lm=1474921934)'}}, {'y': 500000, 'verein': 'HSK Zrinjski Mostar', 'age': '27', 'mw': '€500Th.', 'datum_mw': 'Feb 15, 2018', 'x': 1518649200000, 'marker': {'symbol': 'url(https://tmssl.akamaized.net/images/wappen/verysmall/6808.png?lm=1474921934)'}}, {'y': 600000, 'verein': 'HSK Zrinjski Mostar', 'age': '28', 'mw': '€600Th.', 'datum_mw': 'Jul 31, 2018', 'x': 1532988000000, 'marker': {'symbol': 'url(https://tmssl.akamaized.net/images/wappen/verysmall/6808.png?lm=1474921934)'}}, {'y': 500000, 'verein': 'HSK Zrinjski Mostar', 'age': '28', 'mw': '€500Th.', 'datum_mw': 'Feb 25, 2019', 'x': 1551049200000, 'marker': {'symbol': 'url(https://tmssl.akamaized.net/images/wappen/verysmall/6808.png?lm=1474921934)'}}, {'y': 500000, 'verein': 'HSK Zrinjski Mostar', 'age': '29', 'mw': '€500Th.', 'datum_mw': 'Jun 19, 2019', 'x': 1560895200000, 'marker': {'symbol': 'url(https://tmssl.akamaized.net/images/wappen/verysmall/6808.png?lm=1474921934)'}}, {'y': 350000, 'verein': 'AE Larisa', 'age': '29', 'mw': '€350Th.', 'datum_mw': 'Dec 18, 2019', 'x': 1576623600000, 'marker': {'symbol': 'url(https://tmssl.akamaized.net/images/wappen/verysmall/4603.png?lm=1515835773)'}}, {'y': 300000, 'verein': 'HSK Zrinjski Mostar', 'age': '29', 'mw': '€300Th.', 'datum_mw': 'Apr 8, 2020', 'x': 1586296800000, 'marker': {'symbol': 'url(https://tmssl.akamaized.net/images/wappen/verysmall/6808.png?lm=1474921934)'}}, {'y': 300000, 'verein': 'HSK Zrinjski Mostar', 'age': '30', 'mw': '€300Th.', 'datum_mw': 'Dec 16, 2020', 'x': 1608073200000, 'marker': {'symbol': 'url(https://tmssl.akamaized.net/images/wappen/verysmall/6808.png?lm=1474921934)'}}, {'y': 200000, 'verein': 'HSK Zrinjski Mostar', 'age': '31', 'mw': '€200Th.', 'datum_mw': 'Jun 15, 2021', 'x': 1623708000000, 'marker': {'symbol': 'url(https://tmssl.akamaized.net/images/wappen/verysmall/6808.png?lm=1474921934)'}}, {'y': 200000, 'verein': 'FK Kolubara Lazarevac', 'age': '31', 'mw': '€200Th.', 'datum_mw': 'Dec 25, 2021', 'x': 1640386800000, 'marker': {'symbol': 'url(https://tmssl.akamaized.net/images/wappen/verysmall/12514.png?lm=1479507965)'}}]}]						
Petar Bojic	Петар Бојић	Sep 4, 1991	Užice	30	1,86 m	Serbia	midfield - Attacking Midfield	both	ENGELMAN SPORTS LTD	FK Kolubara Lazarevac	Feb 11, 2022	Jun 30, 2022	0.0	35	33	1.88	11	3	-	11	11	4	-	-	-	198'	2.176'	[{'type': 'line', 'name': 'Market value', 'data': [{'y': 400000, 'verein': 'FK Napredak Krusevac', 'age': '22', 'mw': '€400Th.', 'datum_mw': 'Oct 8, 2013', 'x': 1381183200000, 'marker': {'symbol': 'url(https://tmssl.akamaized.net/images/wappen/verysmall/788.png?lm=1420204769)'}}, {'y': 500000, 'verein': 'FK Cukaricki', 'age': '23', 'mw': '€500Th.', 'datum_mw': 'Nov 11, 2014', 'x': 1415660400000, 'marker': {'symbol': 'url(https://tmssl.akamaized.net/images/wappen/verysmall/6621.png?lm=1479507902)'}}, {'y': 700000, 'verein': 'FK Cukaricki', 'age': '23', 'mw': '€700Th.', 'datum_mw': 'Jun 15, 2015', 'x': 1434319200000, 'marker': {'symbol': 'url(https://tmssl.akamaized.net/images/wappen/verysmall/6621.png?lm=1479507902)'}}, {'y': 700000, 'verein': 'FK Cukaricki', 'age': '24', 'mw': '€700Th.', 'datum_mw': 'Nov 23, 2015', 'x': 1448233200000, 'marker': {'symbol': 'url(https://tmssl.akamaized.net/images/wappen/verysmall/6621.png?lm=1479507902)'}}, {'y': 750000, 'verein': 'FK Cukaricki', 'age': '24', 'mw': '€750Th.', 'datum_mw': 'May 29, 2016', 'x': 1464472800000, 'marker': {'symbol': 'url(https://tmssl.akamaized.net/images/wappen/verysmall/6621.png?lm=1479507902)'}}, {'y': 600000, 'verein': 'FK Cukaricki', 'age': '25', 'mw': '€600Th.', 'datum_mw': 'Dec 18, 2016', 'x': 1482015600000, 'marker': {'symbol': 'url(https://tmssl.akamaized.net/images/wappen/verysmall/6621.png?lm=1479507902)'}}, {'y': 600000, 'verein': 'FK Cukaricki', 'age': '25', 'mw': '€600Th.', 'datum_mw': 'May 4, 2017', 'x': 1493848800000, 'marker': {'symbol': 'url(https://tmssl.akamaized.net/images/wappen/verysmall/6621.png?lm=1479507902)'}}, {'y': 500000, 'verein': 'FK Cukaricki', 'age': '26', 'mw': '€500Th.', 'datum_mw': 'Jan 10, 2018', 'x': 1515538800000, 'marker': {'symbol': 'url(https://tmssl.akamaized.net/images/wappen/verysmall/6621.png?lm=1479507902)'}}, {'y': 700000, 'verein': 'FK Cukaricki', 'age': '26', 'mw': '€700Th.', 'datum_mw': 'Jul 2, 2018', 'x': 1530482400000, 'marker': {'symbol': 'url(https://tmssl.akamaized.net/images/wappen/verysmall/6621.png?lm=1479507902)'}}, {'y': 600000, 'verein': 'FK Cukaricki', 'age': '27', 'mw': '€600Th.', 'datum_mw': 'Jan 12, 2019', 'x': 1547247600000, 'marker': {'symbol': 'url(https://tmssl.akamaized.net/images/wappen/verysmall/6621.png?lm=1479507902)'}}, {'y': 600000, 'verein': 'FK Mladost Lucani', 'age': '27', 'mw': '€600Th.', 'datum_mw': 'Jun 9, 2019', 'x': 1560031200000, 'marker': {'symbol': 'url(https://tmssl.akamaized.net/images/wappen/verysmall/6622.png?lm=1410710765)'}}, {'y': 900000, 'verein': 'FK Vojvodina Novi Sad', 'age': '28', 'mw': '€900Th.', 'datum_mw': 'Oct 28, 2019', 'x': 1572217200000, 'marker': {'symbol': 'url(https://tmssl.akamaized.net/images/wappen/verysmall/448.png?lm=1543354208)'}}, {'y': 725000, 'verein': 'FK Vojvodina Novi Sad', 'age': '28', 'mw': '€725Th.', 'datum_mw': 'Apr 8, 2020', 'x': 1586296800000, 'marker': {'symbol': 'url(https://tmssl.akamaized.net/images/wappen/verysmall/448.png?lm=1543354208)'}}, {'y': 1300000, 'verein': 'FK Vojvodina Novi Sad', 'age': '28', 'mw': '€1.30m', 'datum_mw': 'Jun 28, 2020', 'x': 1593295200000, 'marker': {'symbol': 'url(https://tmssl.akamaized.net/images/wappen/verysmall/448.png?lm=1543354208)'}}, {'y': 1500000, 'verein': 'FK Vojvodina Novi Sad', 'age': '29', 'mw': '€1.50m', 'datum_mw': 'Dec 22, 2020', 'x': 1608591600000, 'marker': {'symbol': 'url(https://tmssl.akamaized.net/images/wappen/verysmall/448.png?lm=1543354208)'}}, {'y': 1200000, 'verein': 'FK Vojvodina Novi Sad', 'age': '29', 'mw': '€1.20m', 'datum_mw': 'Jun 12, 2021', 'x': 1623448800000, 'marker': {'symbol': 'url(https://tmssl.akamaized.net/images/wappen/verysmall/448.png?lm=1543354208)'}}, {'y': 1000000, 'verein': 'Sepsi OSK Sf. Gheorghe', 'age': '30', 'mw': '€1.00m', 'datum_mw': 'Sep 30, 2021', 'x': 1632952800000, 'marker': {'symbol': 'url(https://tmssl.akamaized.net/images/wappen/verysmall/54585.png?lm=1474753724)'}}, {'y': 800000, 'verein': 'Sepsi OSK Sf. Gheorghe', 'age': '30', 'mw': '€800Th.', 'datum_mw': 'Dec 22, 2021', 'x': 1640127600000, 'marker': {'symbol': 'url(https://tmssl.akamaized.net/images/wappen/verysmall/54585.png?lm=1474753724)'}}]}]					Sepsi OSK Sf. Gheorghe	Jun 30, 2024
Bogdan Mladenovic	Богдан Младеновић	Apr 4, 1996	Belgrad	26	1,83 m	Serbia	midfield - Attacking Midfield	left	MNV	FK Kolubara Lazarevac	Jul 1, 2021	-	0.0	25	15	2.33	1	-	-	11	3	1	-	-	-	411'	411'	[{'type': 'line', 'name': 'Market value', 'data': [{'y': 200000, 'verein': 'FK Rad', 'age': '19', 'mw': '€200Th.', 'datum_mw': 'Jun 15, 2015', 'x': 1434319200000, 'marker': {'symbol': 'url(https://tmssl.akamaized.net/images/wappen/verysmall/902.png?lm=1445329513)'}}, {'y': 200000, 'verein': 'FK Rad', 'age': '19', 'mw': '€200Th.', 'datum_mw': 'Nov 23, 2015', 'x': 1448233200000, 'marker': {'symbol': 'url(https://tmssl.akamaized.net/images/wappen/verysmall/902.png?lm=1445329513)'}}, {'y': 200000, 'verein': 'FK Rad', 'age': '20', 'mw': '€200Th.', 'datum_mw': 'May 29, 2016', 'x': 1464472800000, 'marker': {'symbol': 'url(https://tmssl.akamaized.net/images/wappen/verysmall/902.png?lm=1445329513)'}}, {'y': 450000, 'verein': 'FK Rad', 'age': '20', 'mw': '€450Th.', 'datum_mw': 'Dec 18, 2016', 'x': 1482015600000, 'marker': {'symbol': 'url(https://tmssl.akamaized.net/images/wappen/verysmall/902.png?lm=1445329513)'}}, {'y': 600000, 'verein': 'FK Rad', 'age': '21', 'mw': '€600Th.', 'datum_mw': 'May 4, 2017', 'x': 1493848800000, 'marker': {'symbol': 'url(https://tmssl.akamaized.net/images/wappen/verysmall/902.png?lm=1445329513)'}}, {'y': 500000, 'verein': 'FK Rad', 'age': '21', 'mw': '€500Th.', 'datum_mw': 'Jan 10, 2018', 'x': 1515538800000, 'marker': {'symbol': 'url(https://tmssl.akamaized.net/images/wappen/verysmall/902.png?lm=1445329513)'}}, {'y': 400000, 'verein': 'FK Rad', 'age': '22', 'mw': '€400Th.', 'datum_mw': 'Jul 2, 2018', 'x': 1530482400000, 'marker': {'symbol': 'url(https://tmssl.akamaized.net/images/wappen/verysmall/902.png?lm=1445329513)'}}, {'y': 450000, 'verein': 'FK Rad', 'age': '22', 'mw': '€450Th.', 'datum_mw': 'Jan 14, 2019', 'x': 1547420400000, 'marker': {'symbol': 'url(https://tmssl.akamaized.net/images/wappen/verysmall/902.png?lm=1445329513)'}}, {'y': 400000, 'verein': 'FK Rad', 'age': '23', 'mw': '€400Th.', 'datum_mw': 'Jun 9, 2019', 'x': 1560031200000, 'marker': {'symbol': 'url(https://tmssl.akamaized.net/images/wappen/verysmall/902.png?lm=1445329513)'}}, {'y': 300000, 'verein': 'Gil Vicente FC', 'age': '23', 'mw': '€300Th.', 'datum_mw': 'Dec 30, 2019', 'x': 1577660400000, 'marker': {'symbol': 'url(https://tmssl.akamaized.net/images/wappen/verysmall/2424.png?lm=1624283300)'}}, {'y': 200000, 'verein': 'FK Vojvodina Novi Sad', 'age': '24', 'mw': '€200Th.', 'datum_mw': 'Jun 28, 2020', 'x': 1593295200000, 'marker': {'symbol': 'url(https://tmssl.akamaized.net/images/wappen/verysmall/448.png?lm=1543354208)'}}, {'y': 300000, 'verein': 'FK Vojvodina Novi Sad', 'age': '24', 'mw': '€300Th.', 'datum_mw': 'Dec 22, 2020', 'x': 1608591600000, 'marker': {'symbol': 'url(https://tmssl.akamaized.net/images/wappen/verysmall/448.png?lm=1543354208)'}}, {'y': 350000, 'verein': 'FK Kolubara Lazarevac', 'age': '25', 'mw': '€350Th.', 'datum_mw': 'Dec 25, 2021', 'x': 1640386800000, 'marker': {'symbol': 'url(https://tmssl.akamaized.net/images/wappen/verysmall/12514.png?lm=1479507965)'}}]}]						
Milos Zecevic		Jan 28, 1999		23	1,78 m	Montenegro	midfield - Attacking Midfield	right	ALSTA	FK Kolubara Lazarevac	Jan 17, 2022	-	0.0	26	26	1.31	5	7	-	3	6	5	-	-	3	412'	2.059'	[{'type': 'line', 'name': 'Market value', 'data': [{'y': 25000, 'verein': 'Unknown', 'age': '17', 'mw': '€25Th.', 'datum_mw': 'Feb 26, 2016', 'x': 1456441200000, 'marker': {'symbol': 'url(https://tmssl.akamaized.net/images/wappen/verysmall/75.png?lm=1456997316)'}}, {'y': 25000, 'verein': 'Unknown', 'age': '17', 'mw': '€25Th.', 'datum_mw': 'Aug 26, 2016', 'x': 1472162400000, 'marker': {'symbol': 'url(https://tmssl.akamaized.net/images/wappen/verysmall/75.png?lm=1456997316)'}}, {'y': 50000, 'verein': 'Unknown', 'age': '18', 'mw': '€50Th.', 'datum_mw': 'Mar 31, 2017', 'x': 1490911200000, 'marker': {'symbol': 'url(https://tmssl.akamaized.net/images/wappen/verysmall/75.png?lm=1456997316)'}}, {'y': 75000, 'verein': 'Unknown', 'age': '18', 'mw': '€75Th.', 'datum_mw': 'Sep 17, 2017', 'x': 1505599200000, 'marker': {'symbol': 'url(https://tmssl.akamaized.net/images/wappen/verysmall/75.png?lm=1456997316)'}}, {'y': 150000, 'verein': 'Unknown', 'age': '19', 'mw': '€150Th.', 'datum_mw': 'Mar 31, 2018', 'x': 1522447200000, 'marker': {'symbol': 'url(https://tmssl.akamaized.net/images/wappen/verysmall/75.png?lm=1456997316)'}}, {'y': 125000, 'verein': 'Unknown', 'age': '19', 'mw': '€125Th.', 'datum_mw': 'Oct 1, 2018', 'x': 1538344800000, 'marker': {'symbol': 'url(https://tmssl.akamaized.net/images/wappen/verysmall/75.png?lm=1456997316)'}}, {'y': 175000, 'verein': 'Unknown', 'age': '20', 'mw': '€175Th.', 'datum_mw': 'Apr 5, 2019', 'x': 1554415200000, 'marker': {'symbol': 'url(https://tmssl.akamaized.net/images/wappen/verysmall/75.png?lm=1456997316)'}}, {'y': 225000, 'verein': 'OFK Grbalj', 'age': '20', 'mw': '€225Th.', 'datum_mw': 'Oct 9, 2019', 'x': 1570572000000, 'marker': {'symbol': 'url(https://tmssl.akamaized.net/images/wappen/verysmall/11099.png?lm=1416407039)'}}, {'y': 200000, 'verein': 'Rudar Pljevlja', 'age': '21', 'mw': '€200Th.', 'datum_mw': 'Oct 1, 2020', 'x': 1601503200000, 'marker': {'symbol': 'url(https://tmssl.akamaized.net/images/wappen/verysmall/5972.png?lm=1416406629)'}}, {'y': 250000, 'verein': 'Rudar Pljevlja', 'age': '22', 'mw': '€250Th.', 'datum_mw': 'Apr 12, 2021', 'x': 1618178400000, 'marker': {'symbol': 'url(https://tmssl.akamaized.net/images/wappen/verysmall/5972.png?lm=1416406629)'}}, {'y': 225000, 'verein': 'Rudar Pljevlja', 'age': '22', 'mw': '€225Th.', 'datum_mw': 'Oct 20, 2021', 'x': 1634680800000, 'marker': {'symbol': 'url(https://tmssl.akamaized.net/images/wappen/verysmall/5972.png?lm=1416406629)'}}]}]						
Dimitrije Petronijevic																																		
Marko Simic	Марко Симић	Nov 7, 1993	Belgrad	28	1,84 m	Serbia	attack - Left Winger	both	no agent	FK Kolubara Lazarevac	Jan 14, 2020	Jun 30, 2022	0.0	34	27	1.93	4	4	-	13	11	2	-	-	-	318'	1.271'	[{'type': 'line', 'name': 'Market value', 'data': [{'y': 200000, 'verein': 'OFK Beograd', 'age': '22', 'mw': '€200Th.', 'datum_mw': 'Nov 23, 2015', 'x': 1448233200000, 'marker': {'symbol': 'url(https://tmssl.akamaized.net/images/wappen/verysmall/53.png?lm=1410710879)'}}, {'y': 150000, 'verein': 'OFK Beograd', 'age': '22', 'mw': '€150Th.', 'datum_mw': 'May 29, 2016', 'x': 1464472800000, 'marker': {'symbol': 'url(https://tmssl.akamaized.net/images/wappen/verysmall/53.png?lm=1410710879)'}}, {'y': 150000, 'verein': 'FK Mladost Lucani', 'age': '23', 'mw': '€150Th.', 'datum_mw': 'Dec 18, 2016', 'x': 1482015600000, 'marker': {'symbol': 'url(https://tmssl.akamaized.net/images/wappen/verysmall/6622.png?lm=1410710765)'}}, {'y': 200000, 'verein': 'FK Kolubara Lazarevac', 'age': '23', 'mw': '€200Th.', 'datum_mw': 'May 4, 2017', 'x': 1493848800000, 'marker': {'symbol': 'url(https://tmssl.akamaized.net/images/wappen/verysmall/12514.png?lm=1479507965)'}}, {'y': 150000, 'verein': 'FK Bezanija', 'age': '25', 'mw': '€150Th.', 'datum_mw': 'Jan 10, 2019', 'x': 1547074800000, 'marker': {'symbol': 'url(https://tmssl.akamaized.net/images/wappen/verysmall/10319.png?lm=1420206235)'}}, {'y': 100000, 'verein': 'GFK Sloboda Uzice', 'age': '25', 'mw': '€100Th.', 'datum_mw': 'Jun 17, 2019', 'x': 1560722400000, 'marker': {'symbol': 'url(https://tmssl.akamaized.net/images/wappen/verysmall/11066.png?lm=1420205194)'}}, {'y': 50000, 'verein': 'OFK Backa', 'age': '26', 'mw': '€50Th.', 'datum_mw': 'Dec 10, 2019', 'x': 1575932400000, 'marker': {'symbol': 'url(https://tmssl.akamaized.net/images/wappen/verysmall/4650.png?lm=1560896214)'}}, {'y': 75000, 'verein': 'FK Kolubara Lazarevac', 'age': '26', 'mw': '€75Th.', 'datum_mw': 'Jun 21, 2020', 'x': 1592690400000, 'marker': {'symbol': 'url(https://tmssl.akamaized.net/images/wappen/verysmall/12514.png?lm=1479507965)'}}, {'y': 100000, 'verein': 'FK Kolubara Lazarevac', 'age': '27', 'mw': '€100Th.', 'datum_mw': 'Dec 8, 2020', 'x': 1607382000000, 'marker': {'symbol': 'url(https://tmssl.akamaized.net/images/wappen/verysmall/12514.png?lm=1479507965)'}}, {'y': 200000, 'verein': 'FK Kolubara Lazarevac', 'age': '27', 'mw': '€200Th.', 'datum_mw': 'Jun 6, 2021', 'x': 1622930400000, 'marker': {'symbol': 'url(https://tmssl.akamaized.net/images/wappen/verysmall/12514.png?lm=1479507965)'}}, {'y': 100000, 'verein': 'FK Kolubara Lazarevac', 'age': '28', 'mw': '€100Th.', 'datum_mw': 'Dec 25, 2021', 'x': 1640386800000, 'marker': {'symbol': 'url(https://tmssl.akamaized.net/images/wappen/verysmall/12514.png?lm=1479507965)'}}]}]						
Nemanja Andric	Heмaњa Aндpић	Jun 13, 1987	Belgrad	35	1,71 m	"Serbia
  Hungary"	attack - Left Winger	both		FK Kolubara Lazarevac	Jul 14, 2021	Jun 30, 2022	0.0	35	35	0.89	2	2	-	15	15	7	-	-	-	918'	1.835'	[{'type': 'line', 'name': 'Market value', 'data': [{'y': 100000, 'verein': 'FK Rad', 'age': '20', 'mw': '€100Th.', 'datum_mw': 'May 13, 2008', 'x': 1210629600000, 'marker': {'symbol': 'url(https://tmssl.akamaized.net/images/wappen/verysmall/902.png?lm=1445329513)'}}, {'y': 200000, 'verein': 'FK Rad', 'age': '21', 'mw': '€200Th.', 'datum_mw': 'Oct 24, 2008', 'x': 1224799200000, 'marker': {'symbol': 'url(https://tmssl.akamaized.net/images/wappen/verysmall/902.png?lm=1445329513)'}}, {'y': 300000, 'verein': 'FK Rad', 'age': '21', 'mw': '€300Th.', 'datum_mw': 'May 18, 2009', 'x': 1242597600000, 'marker': {'symbol': 'url(https://tmssl.akamaized.net/images/wappen/verysmall/902.png?lm=1445329513)'}}, {'y': 500000, 'verein': 'FK Rad', 'age': '22', 'mw': '€500Th.', 'datum_mw': 'Oct 23, 2009', 'x': 1256248800000, 'marker': {'symbol': 'url(https://tmssl.akamaized.net/images/wappen/verysmall/902.png?lm=1445329513)'}}, {'y': 600000, 'verein': 'FK Rad', 'age': '22', 'mw': '€600Th.', 'datum_mw': 'Apr 28, 2010', 'x': 1272405600000, 'marker': {'symbol': 'url(https://tmssl.akamaized.net/images/wappen/verysmall/902.png?lm=1445329513)'}}, {'y': 700000, 'verein': 'FK Rad', 'age': '23', 'mw': '€700Th.', 'datum_mw': 'Nov 5, 2010', 'x': 1288911600000, 'marker': {'symbol': 'url(https://tmssl.akamaized.net/images/wappen/verysmall/902.png?lm=1445329513)'}}, {'y': 600000, 'verein': 'FK Rad', 'age': '23', 'mw': '€600Th.', 'datum_mw': 'May 1, 2011', 'x': 1304200800000, 'marker': {'symbol': 'url(https://tmssl.akamaized.net/images/wappen/verysmall/902.png?lm=1445329513)'}}, {'y': 600000, 'verein': 'FK Rad', 'age': '24', 'mw': '€600Th.', 'datum_mw': 'Oct 26, 2011', 'x': 1319580000000, 'marker': {'symbol': 'url(https://tmssl.akamaized.net/images/wappen/verysmall/902.png?lm=1445329513)'}}, {'y': 500000, 'verein': 'FK Rad', 'age': '24', 'mw': '€500Th.', 'datum_mw': 'May 2, 2012', 'x': 1335909600000, 'marker': {'symbol': 'url(https://tmssl.akamaized.net/images/wappen/verysmall/902.png?lm=1445329513)'}}, {'y': 400000, 'verein': 'ETO FC Győr ', 'age': '25', 'mw': '€400Th.', 'datum_mw': 'Jul 25, 2012', 'x': 1343167200000, 'marker': {'symbol': 'url(https://tmssl.akamaized.net/images/wappen/verysmall/6055_1437865364.png?lm=1437865364)'}}, {'y': 300000, 'verein': 'ETO FC Győr ', 'age': '25', 'mw': '€300Th.', 'datum_mw': 'Jan 6, 2013', 'x': 1357426800000, 'marker': {'symbol': 'url(https://tmssl.akamaized.net/images/wappen/verysmall/6055_1437865364.png?lm=1437865364)'}}, {'y': 350000, 'verein': 'ETO FC Győr ', 'age': '26', 'mw': '€350Th.', 'datum_mw': 'Jul 11, 2013', 'x': 1373493600000, 'marker': {'symbol': 'url(https://tmssl.akamaized.net/images/wappen/verysmall/6055_1437865364.png?lm=1437865364)'}}, {'y': 350000, 'verein': 'ETO FC Győr ', 'age': '26', 'mw': '€350Th.', 'datum_mw': 'Jan 2, 2014', 'x': 1388617200000, 'marker': {'symbol': 'url(https://tmssl.akamaized.net/images/wappen/verysmall/6055_1437865364.png?lm=1437865364)'}}, {'y': 300000, 'verein': 'ETO FC Győr ', 'age': '27', 'mw': '€300Th.', 'datum_mw': 'Jul 24, 2014', 'x': 1406152800000, 'marker': {'symbol': 'url(https://tmssl.akamaized.net/images/wappen/verysmall/6055_1437865364.png?lm=1437865364)'}}, {'y': 300000, 'verein': 'ETO FC Győr ', 'age': '27', 'mw': '€300Th.', 'datum_mw': 'Feb 3, 2015', 'x': 1422918000000, 'marker': {'symbol': 'url(https://tmssl.akamaized.net/images/wappen/verysmall/6055_1437865364.png?lm=1437865364)'}}, {'y': 300000, 'verein': 'Újpest FC', 'age': '28', 'mw': '€300Th.', 'datum_mw': 'Nov 27, 2015', 'x': 1448578800000, 'marker': {'symbol': 'url(https://tmssl.akamaized.net/images/wappen/verysmall/708_1598282763.png?lm=1598282733)'}}, {'y': 350000, 'verein': 'Újpest FC', 'age': '28', 'mw': '€350Th.', 'datum_mw': 'Jun 1, 2016', 'x': 1464732000000, 'marker': {'symbol': 'url(https://tmssl.akamaized.net/images/wappen/verysmall/708_1598282763.png?lm=1598282733)'}}, {'y': 300000, 'verein': 'Újpest FC', 'age': '29', 'mw': '€300Th.', 'datum_mw': 'Sep 30, 2016', 'x': 1475186400000, 'marker': {'symbol': 'url(https://tmssl.akamaized.net/images/wappen/verysmall/708_1598282763.png?lm=1598282733)'}}, {'y': 300000, 'verein': 'Újpest FC', 'age': '29', 'mw': '€300Th.', 'datum_mw': 'Feb 23, 2017', 'x': 1487804400000, 'marker': {'symbol': 'url(https://tmssl.akamaized.net/images/wappen/verysmall/708_1598282763.png?lm=1598282733)'}}, {'y': 250000, 'verein': 'Balmazújváros FC', 'age': '30', 'mw': '€250Th.', 'datum_mw': 'Jul 31, 2017', 'x': 1501452000000, 'marker': {'symbol': 'url(https://tmssl.akamaized.net/images/wappen/verysmall/30533.png?lm=1416570020)'}}, {'y': 200000, 'verein': 'Balmazújváros FC', 'age': '30', 'mw': '€200Th.', 'datum_mw': 'Mar 15, 2018', 'x': 1521068400000, 'marker': {'symbol': 'url(https://tmssl.akamaized.net/images/wappen/verysmall/30533.png?lm=1416570020)'}}, {'y': 200000, 'verein': 'ETO FC Győr ', 'age': '31', 'mw': '€200Th.', 'datum_mw': 'Jan 5, 2019', 'x': 1546642800000, 'marker': {'symbol': 'url(https://tmssl.akamaized.net/images/wappen/verysmall/6055.png?lm=1490383610)'}}, {'y': 200000, 'verein': 'ETO FC Győr ', 'age': '32', 'mw': '€200Th.', 'datum_mw': 'Oct 30, 2019', 'x': 1572390000000, 'marker': {'symbol': 'url(https://tmssl.akamaized.net/images/wappen/verysmall/6055.png?lm=1490383610)'}}, {'y': 150000, 'verein': 'Kaposvári Rákóczi FC', 'age': '33', 'mw': '€150Th.', 'datum_mw': 'Oct 23, 2020', 'x': 1603404000000, 'marker': {'symbol': 'url(https://tmssl.akamaized.net/images/wappen/verysmall/6056.png?lm=1494102626)'}}, {'y': 100000, 'verein': 'Kaposvári Rákóczi FC', 'age': '33', 'mw': '€100Th.', 'datum_mw': 'Jan 24, 2021', 'x': 1611442800000, 'marker': {'symbol': 'url(https://tmssl.akamaized.net/images/wappen/verysmall/6056.png?lm=1494102626)'}}, {'y': 50000, 'verein': 'Kaposvári Rákóczi FC', 'age': '33', 'mw': '€50Th.', 'datum_mw': 'Jun 1, 2021', 'x': 1622498400000, 'marker': {'symbol': 'url(https://tmssl.akamaized.net/images/wappen/verysmall/6056.png?lm=1494102626)'}}, {'y': 50000, 'verein': 'FK Kolubara Lazarevac', 'age': '34', 'mw': '€50Th.', 'datum_mw': 'Dec 25, 2021', 'x': 1640386800000, 'marker': {'symbol': 'url(https://tmssl.akamaized.net/images/wappen/verysmall/12514.png?lm=1479507965)'}}]}]						
Milos Djokic																																		
Dejan Tumbas																																		
Luka Velikic																																		
Uros Djuranovic	Урош Ђурановић	Feb 1, 1994	Budva	28	1,84 m	Montenegro	attack - Centre-Forward	right		FK Kolubara Lazarevac	Jul 1, 2021	Jun 30, 2022	0.0	30	29	1.17	6	4	-	8	9	4	-	-	-	338'	2.025'	[{'type': 'line', 'name': 'Market value', 'data': [{'y': 50000, 'verein': 'FK Iskra Danilovgrad', 'age': '22', 'mw': '€50Th.', 'datum_mw': 'Feb 26, 2016', 'x': 1456441200000, 'marker': {'symbol': 'url(https://tmssl.akamaized.net/images/wappen/verysmall/35545.png?lm=1416511433)'}}, {'y': 100000, 'verein': 'FK Decic Tuzi', 'age': '22', 'mw': '€100Th.', 'datum_mw': 'Aug 26, 2016', 'x': 1472162400000, 'marker': {'symbol': 'url(https://tmssl.akamaized.net/images/wappen/verysmall/11065.png?lm=1416510731)'}}, {'y': 100000, 'verein': 'FK Decic Tuzi', 'age': '23', 'mw': '€100Th.', 'datum_mw': 'Mar 31, 2017', 'x': 1490911200000, 'marker': {'symbol': 'url(https://tmssl.akamaized.net/images/wappen/verysmall/11065.png?lm=1416510731)'}}, {'y': 225000, 'verein': 'FK Decic Tuzi', 'age': '23', 'mw': '€225Th.', 'datum_mw': 'Jun 10, 2017', 'x': 1497045600000, 'marker': {'symbol': 'url(https://tmssl.akamaized.net/images/wappen/verysmall/11065.png?lm=1416510731)'}}, {'y': 225000, 'verein': 'FK Dukla Prague', 'age': '23', 'mw': '€225Th.', 'datum_mw': 'Dec 21, 2017', 'x': 1513810800000, 'marker': {'symbol': 'url(https://tmssl.akamaized.net/images/wappen/verysmall/450.png?lm=1615661402)'}}, {'y': 250000, 'verein': 'FK Dukla Prague', 'age': '24', 'mw': '€250Th.', 'datum_mw': 'Jul 14, 2018', 'x': 1531519200000, 'marker': {'symbol': 'url(https://tmssl.akamaized.net/images/wappen/verysmall/450.png?lm=1615661402)'}}, {'y': 300000, 'verein': 'FK Dukla Prague', 'age': '24', 'mw': '€300Th.', 'datum_mw': 'Dec 30, 2018', 'x': 1546124400000, 'marker': {'symbol': 'url(https://tmssl.akamaized.net/images/wappen/verysmall/450.png?lm=1615661402)'}}, {'y': 300000, 'verein': 'FK Dukla Prague', 'age': '25', 'mw': '€300Th.', 'datum_mw': 'Jun 25, 2019', 'x': 1561413600000, 'marker': {'symbol': 'url(https://tmssl.akamaized.net/images/wappen/verysmall/450.png?lm=1615661402)'}}, {'y': 200000, 'verein': 'Korona Kielce', 'age': '25', 'mw': '€200Th.', 'datum_mw': 'Jan 15, 2020', 'x': 1579042800000, 'marker': {'symbol': 'url(https://tmssl.akamaized.net/images/wappen/verysmall/6110.png?lm=1444671585)'}}, {'y': 300000, 'verein': 'FK Radnicki Nis', 'age': '26', 'mw': '€300Th.', 'datum_mw': 'Dec 22, 2020', 'x': 1608591600000, 'marker': {'symbol': 'url(https://tmssl.akamaized.net/images/wappen/verysmall/7567.png?lm=1420204988)'}}, {'y': 400000, 'verein': 'ACSM Politehnica Iasi', 'age': '27', 'mw': '€400Th.', 'datum_mw': 'Mar 21, 2021', 'x': 1616281200000, 'marker': {'symbol': 'url(https://tmssl.akamaized.net/images/wappen/verysmall/33966.png?lm=1538310370)'}}, {'y': 350000, 'verein': 'ACSM Politehnica Iasi', 'age': '27', 'mw': '€350Th.', 'datum_mw': 'Jun 3, 2021', 'x': 1622671200000, 'marker': {'symbol': 'url(https://tmssl.akamaized.net/images/wappen/verysmall/33966.png?lm=1538310370)'}}, {'y': 500000, 'verein': 'FK Kolubara Lazarevac', 'age': '27', 'mw': '€500Th.', 'datum_mw': 'Dec 25, 2021', 'x': 1640386800000, 'marker': {'symbol': 'url(https://tmssl.akamaized.net/images/wappen/verysmall/12514.png?lm=1479507965)'}}]}]						
Djuradj Dobrijevic																																		
Dejan Djenic	Дејан Ђенић	Jun 2, 1986	Čačak	36	1,81 m	Serbia	attack - Centre-Forward	right	Virtus International	FK Kolubara Lazarevac	Jul 21, 2019	Jun 30, 2022	0.0	31	31	1.97	7	2	-	6	7	3	-	1	-	334'	2.336'	[{'type': 'line', 'name': 'Market value', 'data': [{'y': 400000, 'verein': 'FK Jagodina', 'age': '24', 'mw': '€400Th.', 'datum_mw': 'Nov 1, 2010', 'x': 1288566000000, 'marker': {'symbol': 'url(https://tmssl.akamaized.net/images/wappen/verysmall/12132.png?lm=1420204543)'}}, {'y': 300000, 'verein': 'FK Jagodina', 'age': '25', 'mw': '€300Th.', 'datum_mw': 'Nov 2, 2011', 'x': 1320188400000, 'marker': {'symbol': 'url(https://tmssl.akamaized.net/images/wappen/verysmall/12132.png?lm=1420204543)'}}, {'y': 350000, 'verein': 'FK Jagodina', 'age': '25', 'mw': '€350Th.', 'datum_mw': 'Apr 2, 2012', 'x': 1333317600000, 'marker': {'symbol': 'url(https://tmssl.akamaized.net/images/wappen/verysmall/12132.png?lm=1420204543)'}}, {'y': 300000, 'verein': 'FK Jagodina', 'age': '26', 'mw': '€300Th.', 'datum_mw': 'Nov 2, 2012', 'x': 1351810800000, 'marker': {'symbol': 'url(https://tmssl.akamaized.net/images/wappen/verysmall/12132.png?lm=1420204543)'}}, {'y': 400000, 'verein': 'FK Jagodina', 'age': '26', 'mw': '€400Th.', 'datum_mw': 'May 28, 2013', 'x': 1369692000000, 'marker': {'symbol': 'url(https://tmssl.akamaized.net/images/wappen/verysmall/12132.png?lm=1420204543)'}}, {'y': 250000, 'verein': 'FK Ekranas Panevezys (- 2014)', 'age': '27', 'mw': '€250Th.', 'datum_mw': 'Dec 2, 2013', 'x': 1385938800000, 'marker': {'symbol': 'url(https://tmssl.akamaized.net/images/wappen/verysmall/3850.png?lm=1418575601)'}}, {'y': 300000, 'verein': 'FK Borac Cacak', 'age': '28', 'mw': '€300Th.', 'datum_mw': 'Nov 11, 2014', 'x': 1415660400000, 'marker': {'symbol': 'url(https://tmssl.akamaized.net/images/wappen/verysmall/2209_1543082510.png?lm=1543082510)'}}, {'y': 250000, 'verein': 'FK Metalac Gornji Milanovac', 'age': '29', 'mw': '€250Th.', 'datum_mw': 'Nov 23, 2015', 'x': 1448233200000, 'marker': {'symbol': 'url(https://tmssl.akamaized.net/images/wappen/verysmall/12135.png?lm=1468946587)'}}, {'y': 250000, 'verein': 'FK Bokelj', 'age': '29', 'mw': '€250Th.', 'datum_mw': 'Feb 26, 2016', 'x': 1456441200000, 'marker': {'symbol': 'url(https://tmssl.akamaized.net/images/wappen/verysmall/4949.png?lm=1416406698)'}}, {'y': 250000, 'verein': 'FK Rad', 'age': '30', 'mw': '€250Th.', 'datum_mw': 'Dec 18, 2016', 'x': 1482015600000, 'marker': {'symbol': 'url(https://tmssl.akamaized.net/images/wappen/verysmall/902.png?lm=1445329513)'}}, {'y': 350000, 'verein': 'FK Rad', 'age': '30', 'mw': '€350Th.', 'datum_mw': 'May 4, 2017', 'x': 1493848800000, 'marker': {'symbol': 'url(https://tmssl.akamaized.net/images/wappen/verysmall/902.png?lm=1445329513)'}}, {'y': 250000, 'verein': 'FK Zemun', 'age': '31', 'mw': '€250Th.', 'datum_mw': 'Jan 10, 2018', 'x': 1515538800000, 'marker': {'symbol': 'url(https://tmssl.akamaized.net/images/wappen/verysmall/3521.png?lm=1586917391)'}}, {'y': 250000, 'verein': 'FK Spartak Subotica', 'age': '32', 'mw': '€250Th.', 'datum_mw': 'Jul 2, 2018', 'x': 1530482400000, 'marker': {'symbol': 'url(https://tmssl.akamaized.net/images/wappen/verysmall/15276.png?lm=1420204934)'}}, {'y': 200000, 'verein': 'FK Spartak Subotica', 'age': '32', 'mw': '€200Th.', 'datum_mw': 'Jan 14, 2019', 'x': 1547420400000, 'marker': {'symbol': 'url(https://tmssl.akamaized.net/images/wappen/verysmall/15276.png?lm=1420204934)'}}, {'y': 200000, 'verein': 'FK Spartak Subotica', 'age': '33', 'mw': '€200Th.', 'datum_mw': 'Jun 9, 2019', 'x': 1560031200000, 'marker': {'symbol': 'url(https://tmssl.akamaized.net/images/wappen/verysmall/15276.png?lm=1420204934)'}}, {'y': 150000, 'verein': 'FK Kolubara Lazarevac', 'age': '33', 'mw': '€150Th.', 'datum_mw': 'Dec 10, 2019', 'x': 1575932400000, 'marker': {'symbol': 'url(https://tmssl.akamaized.net/images/wappen/verysmall/12514.png?lm=1479507965)'}}, {'y': 100000, 'verein': 'FK Kolubara Lazarevac', 'age': '34', 'mw': '€100Th.', 'datum_mw': 'Jun 21, 2020', 'x': 1592690400000, 'marker': {'symbol': 'url(https://tmssl.akamaized.net/images/wappen/verysmall/12514.png?lm=1479507965)'}}, {'y': 50000, 'verein': 'FK Kolubara Lazarevac', 'age': '34', 'mw': '€50Th.', 'datum_mw': 'Dec 8, 2020', 'x': 1607382000000, 'marker': {'symbol': 'url(https://tmssl.akamaized.net/images/wappen/verysmall/12514.png?lm=1479507965)'}}, {'y': 50000, 'verein': 'FK Kolubara Lazarevac', 'age': '35', 'mw': '€50Th.', 'datum_mw': 'Jun 6, 2021', 'x': 1622930400000, 'marker': {'symbol': 'url(https://tmssl.akamaized.net/images/wappen/verysmall/12514.png?lm=1479507965)'}}, {'y': 50000, 'verein': 'FK Kolubara Lazarevac', 'age': '35', 'mw': '€50Th.', 'datum_mw': 'Dec 25, 2021', 'x': 1640386800000, 'marker': {'symbol': 'url(https://tmssl.akamaized.net/images/wappen/verysmall/12514.png?lm=1479507965)'}}]}]						
Dimitrije Antic																																		
