Name	Name in home country	Date of birth	Place of birth	Age	Height	Citizenship	Position	Foot	Player agent	Current club	Joined	Contract expires	On loan from	Contract there expires	Social-Media	CL Appearances	Squad	Appearances	PPG	Goals	Assists	Sub on	Sub off	Yellow cards	Seccond Yellow Cards	Red cards	Goals conceded	Clean sheets	Minutes played	Market Values	Own goals	Penalty goals	Minutes per goal	Date of last contract extension
Nikola Vasiljevic	Никола Васиљевић	Jun 24, 1996	Niš	26	2,02 m	Serbia	Goalkeeper	right	FPA	FK Napredak Krusevac	Jul 1, 2021	Jun 30, 2022	Red Star Belgrade	Jun 30, 2023		0.0	17	16	1.13	-	-	-	-	1	-	-	23	4	1.440'	[{'type': 'line', 'name': 'Market value', 'data': [{'y': 100000, 'verein': 'GFK Sloboda Uzice', 'age': '16', 'mw': '€100Th.', 'datum_mw': 'May 28, 2013', 'x': 1369692000000, 'marker': {'symbol': 'url(https://tmssl.akamaized.net/images/wappen/verysmall/11066.png?lm=1420205194)'}}, {'y': 100000, 'verein': 'GFK Sloboda Uzice', 'age': '17', 'mw': '€100Th.', 'datum_mw': 'Nov 15, 2013', 'x': 1384470000000, 'marker': {'symbol': 'url(https://tmssl.akamaized.net/images/wappen/verysmall/11066.png?lm=1420205194)'}}, {'y': 100000, 'verein': 'FK Radnicki Nis', 'age': '18', 'mw': '€100Th.', 'datum_mw': 'Jun 15, 2015', 'x': 1434319200000, 'marker': {'symbol': 'url(https://tmssl.akamaized.net/images/wappen/verysmall/7567.png?lm=1420204988)'}}, {'y': 100000, 'verein': 'FK Radnik Surdulica', 'age': '19', 'mw': '€100Th.', 'datum_mw': 'Nov 23, 2015', 'x': 1448233200000, 'marker': {'symbol': 'url(https://tmssl.akamaized.net/images/wappen/verysmall/33328.png?lm=1410709426)'}}, {'y': 100000, 'verein': 'FK Radnik Surdulica', 'age': '19', 'mw': '€100Th.', 'datum_mw': 'May 29, 2016', 'x': 1464472800000, 'marker': {'symbol': 'url(https://tmssl.akamaized.net/images/wappen/verysmall/33328.png?lm=1410709426)'}}, {'y': 100000, 'verein': 'FK Radnik Surdulica', 'age': '20', 'mw': '€100Th.', 'datum_mw': 'Dec 18, 2016', 'x': 1482015600000, 'marker': {'symbol': 'url(https://tmssl.akamaized.net/images/wappen/verysmall/33328.png?lm=1410709426)'}}, {'y': 100000, 'verein': 'FK Radnik Surdulica', 'age': '20', 'mw': '€100Th.', 'datum_mw': 'May 4, 2017', 'x': 1493848800000, 'marker': {'symbol': 'url(https://tmssl.akamaized.net/images/wappen/verysmall/33328.png?lm=1410709426)'}}, {'y': 100000, 'verein': 'FK Radnik Surdulica', 'age': '21', 'mw': '€100Th.', 'datum_mw': 'Jan 10, 2018', 'x': 1515538800000, 'marker': {'symbol': 'url(https://tmssl.akamaized.net/images/wappen/verysmall/33328.png?lm=1410709426)'}}, {'y': 250000, 'verein': 'FK Radnik Surdulica', 'age': '22', 'mw': '€250Th.', 'datum_mw': 'Jul 2, 2018', 'x': 1530482400000, 'marker': {'symbol': 'url(https://tmssl.akamaized.net/images/wappen/verysmall/33328.png?lm=1410709426)'}}, {'y': 600000, 'verein': 'FK Radnik Surdulica', 'age': '22', 'mw': '€600Th.', 'datum_mw': 'Jan 14, 2019', 'x': 1547420400000, 'marker': {'symbol': 'url(https://tmssl.akamaized.net/images/wappen/verysmall/33328.png?lm=1410709426)'}}, {'y': 800000, 'verein': 'FK Radnik Surdulica', 'age': '22', 'mw': '€800Th.', 'datum_mw': 'Jun 9, 2019', 'x': 1560031200000, 'marker': {'symbol': 'url(https://tmssl.akamaized.net/images/wappen/verysmall/33328.png?lm=1410709426)'}}, {'y': 500000, 'verein': 'Red Star Belgrade', 'age': '23', 'mw': '€500Th.', 'datum_mw': 'Oct 28, 2019', 'x': 1572217200000, 'marker': {'symbol': 'url(https://tmssl.akamaized.net/images/wappen/verysmall/159.png?lm=1567102522)'}}, {'y': 400000, 'verein': 'FK Radnik Surdulica', 'age': '23', 'mw': '€400Th.', 'datum_mw': 'Apr 8, 2020', 'x': 1586296800000, 'marker': {'symbol': 'url(https://tmssl.akamaized.net/images/wappen/verysmall/33328.png?lm=1410709426)'}}, {'y': 500000, 'verein': 'FK Radnik Surdulica', 'age': '24', 'mw': '€500Th.', 'datum_mw': 'Jun 28, 2020', 'x': 1593295200000, 'marker': {'symbol': 'url(https://tmssl.akamaized.net/images/wappen/verysmall/33328.png?lm=1410709426)'}}, {'y': 400000, 'verein': 'Red Star Belgrade', 'age': '24', 'mw': '€400Th.', 'datum_mw': 'Dec 22, 2020', 'x': 1608591600000, 'marker': {'symbol': 'url(https://tmssl.akamaized.net/images/wappen/verysmall/159.png?lm=1567102522)'}}, {'y': 350000, 'verein': 'FK Proleter Novi Sad', 'age': '24', 'mw': '€350Th.', 'datum_mw': 'Jun 12, 2021', 'x': 1623448800000, 'marker': {'symbol': 'url(https://tmssl.akamaized.net/images/wappen/verysmall/19488.png?lm=1586916069)'}}, {'y': 400000, 'verein': 'FK Napredak Krusevac', 'age': '25', 'mw': '€400Th.', 'datum_mw': 'Dec 25, 2021', 'x': 1640386800000, 'marker': {'symbol': 'url(https://tmssl.akamaized.net/images/wappen/verysmall/788.png?lm=1420204769)'}}]}]				
Vladimir Savic		Mar 12, 1996	Požarevac	26	1,91 m	Serbia	Goalkeeper	right		FK Napredak Krusevac	Jan 21, 2022	Jun 30, 2023				0.0	16	3	1.33	-	-	-	-	-	-	-	5	-	270'	[{'type': 'line', 'name': 'Market value', 'data': [{'y': 75000, 'verein': 'FK Radnicki 1923 Kragujevac', 'age': '23', 'mw': '€75Th.', 'datum_mw': 'Dec 10, 2019', 'x': 1575932400000, 'marker': {'symbol': 'url(https://tmssl.akamaized.net/images/wappen/verysmall/4645.png?lm=1403100499)'}}, {'y': 100000, 'verein': 'FK Radnicki 1923 Kragujevac', 'age': '24', 'mw': '€100Th.', 'datum_mw': 'Jun 21, 2020', 'x': 1592690400000, 'marker': {'symbol': 'url(https://tmssl.akamaized.net/images/wappen/verysmall/4645.png?lm=1403100499)'}}, {'y': 50000, 'verein': 'FK Radnicki 1923 Kragujevac', 'age': '24', 'mw': '€50Th.', 'datum_mw': 'Dec 8, 2020', 'x': 1607382000000, 'marker': {'symbol': 'url(https://tmssl.akamaized.net/images/wappen/verysmall/4645.png?lm=1403100499)'}}, {'y': 100000, 'verein': 'FK Zlatibor Cajetina', 'age': '25', 'mw': '€100Th.', 'datum_mw': 'Dec 25, 2021', 'x': 1640386800000, 'marker': {'symbol': 'url(https://tmssl.akamaized.net/images/wappen/verysmall/32099.png?lm=1518876713)'}}]}]				
Mateja Brkic																																		
Dejan Kerkez	Дејaн Керкез	Jan 20, 1996	Novi Sad	26	1,90 m	Serbia	Defender - Centre-Back	right	Seven Stars	FK Napredak Krusevac	Jul 8, 2021	Jun 30, 2023				0.0	13	4	1.50	-	-	1	2	2	-	-			225'	[{'type': 'line', 'name': 'Market value', 'data': [{'y': 250000, 'verein': 'FK Spartak Subotica', 'age': '21', 'mw': '€250Th.', 'datum_mw': 'Jan 10, 2018', 'x': 1515538800000, 'marker': {'symbol': 'url(https://tmssl.akamaized.net/images/wappen/verysmall/15276.png?lm=1420204934)'}}, {'y': 700000, 'verein': 'FK Spartak Subotica', 'age': '22', 'mw': '€700Th.', 'datum_mw': 'Jul 2, 2018', 'x': 1530482400000, 'marker': {'symbol': 'url(https://tmssl.akamaized.net/images/wappen/verysmall/15276.png?lm=1420204934)'}}, {'y': 650000, 'verein': 'FK Spartak Subotica', 'age': '22', 'mw': '€650Th.', 'datum_mw': 'Jan 14, 2019', 'x': 1547420400000, 'marker': {'symbol': 'url(https://tmssl.akamaized.net/images/wappen/verysmall/15276.png?lm=1420204934)'}}, {'y': 800000, 'verein': 'FK Spartak Subotica', 'age': '23', 'mw': '€800Th.', 'datum_mw': 'Jun 9, 2019', 'x': 1560031200000, 'marker': {'symbol': 'url(https://tmssl.akamaized.net/images/wappen/verysmall/15276.png?lm=1420204934)'}}, {'y': 800000, 'verein': 'CS Marítimo', 'age': '23', 'mw': '€800Th.', 'datum_mw': 'Dec 30, 2019', 'x': 1577660400000, 'marker': {'symbol': 'url(https://tmssl.akamaized.net/images/wappen/verysmall/1301.png?lm=1432894070)'}}, {'y': 650000, 'verein': 'CS Marítimo', 'age': '24', 'mw': '€650Th.', 'datum_mw': 'Apr 8, 2020', 'x': 1586296800000, 'marker': {'symbol': 'url(https://tmssl.akamaized.net/images/wappen/verysmall/1301.png?lm=1432894070)'}}, {'y': 800000, 'verein': 'CS Marítimo', 'age': '24', 'mw': '€800Th.', 'datum_mw': 'Aug 17, 2020', 'x': 1597615200000, 'marker': {'symbol': 'url(https://tmssl.akamaized.net/images/wappen/verysmall/1301.png?lm=1432894070)'}}, {'y': 500000, 'verein': 'CS Marítimo', 'age': '25', 'mw': '€500Th.', 'datum_mw': 'Jan 28, 2021', 'x': 1611788400000, 'marker': {'symbol': 'url(https://tmssl.akamaized.net/images/wappen/verysmall/1301.png?lm=1432894070)'}}, {'y': 250000, 'verein': 'CD Mafra', 'age': '25', 'mw': '€250Th.', 'datum_mw': 'Jun 29, 2021', 'x': 1624917600000, 'marker': {'symbol': 'url(https://tmssl.akamaized.net/images/wappen/verysmall/7056.png?lm=1460151703)'}}, {'y': 450000, 'verein': 'FK Napredak Krusevac', 'age': '25', 'mw': '€450Th.', 'datum_mw': 'Dec 25, 2021', 'x': 1640386800000, 'marker': {'symbol': 'url(https://tmssl.akamaized.net/images/wappen/verysmall/788.png?lm=1420204769)'}}]}]	-	-	-	
Ognjen Mrsic	Огњен Мршић	Feb 13, 1999		23	1,93 m	Serbia	Defender - Centre-Back			FK Napredak Krusevac	Jul 23, 2020	Jun 30, 2022				0.0	38	31	1.55	-	-	2	4	7	-	-			2.613'	[{'type': 'line', 'name': 'Market value', 'data': [{'y': 200000, 'verein': 'FK Napredak Krusevac', 'age': '21', 'mw': '€200Th.', 'datum_mw': 'Dec 22, 2020', 'x': 1608591600000, 'marker': {'symbol': 'url(https://tmssl.akamaized.net/images/wappen/verysmall/788.png?lm=1420204769)'}}, {'y': 350000, 'verein': 'FK Napredak Krusevac', 'age': '22', 'mw': '€350Th.', 'datum_mw': 'Jun 12, 2021', 'x': 1623448800000, 'marker': {'symbol': 'url(https://tmssl.akamaized.net/images/wappen/verysmall/788.png?lm=1420204769)'}}, {'y': 450000, 'verein': 'FK Napredak Krusevac', 'age': '22', 'mw': '€450Th.', 'datum_mw': 'Dec 25, 2021', 'x': 1640386800000, 'marker': {'symbol': 'url(https://tmssl.akamaized.net/images/wappen/verysmall/788.png?lm=1420204769)'}}]}]	-	-	-	
Jovan Marinkovic 	Јован Маринковић	Sep 12, 1996	Niš	25	1,86 m	Serbia	Defender - Centre-Back	right		FK Napredak Krusevac	Jul 1, 2020	May 31, 2022				0.0	39	36	1.39	2	1	3	3	3	1	-			2.950'	[{'type': 'line', 'name': 'Market value', 'data': [{'y': 50000, 'verein': 'FK Javor-Matis Ivanjica', 'age': '22', 'mw': '€50Th.', 'datum_mw': 'Jan 10, 2019', 'x': 1547074800000, 'marker': {'symbol': 'url(https://tmssl.akamaized.net/images/wappen/verysmall/8819.png?lm=1420205090)'}}, {'y': 100000, 'verein': 'FK Javor-Matis Ivanjica', 'age': '22', 'mw': '€100Th.', 'datum_mw': 'Jun 17, 2019', 'x': 1560722400000, 'marker': {'symbol': 'url(https://tmssl.akamaized.net/images/wappen/verysmall/8819.png?lm=1420205090)'}}, {'y': 200000, 'verein': 'OFK Backa', 'age': '23', 'mw': '€200Th.', 'datum_mw': 'Dec 10, 2019', 'x': 1575932400000, 'marker': {'symbol': 'url(https://tmssl.akamaized.net/images/wappen/verysmall/4650.png?lm=1560896214)'}}, {'y': 150000, 'verein': 'OFK Backa', 'age': '23', 'mw': '€150Th.', 'datum_mw': 'Jun 21, 2020', 'x': 1592690400000, 'marker': {'symbol': 'url(https://tmssl.akamaized.net/images/wappen/verysmall/4650.png?lm=1560896214)'}}, {'y': 250000, 'verein': 'FK Napredak Krusevac', 'age': '24', 'mw': '€250Th.', 'datum_mw': 'Dec 22, 2020', 'x': 1608591600000, 'marker': {'symbol': 'url(https://tmssl.akamaized.net/images/wappen/verysmall/788.png?lm=1420204769)'}}, {'y': 250000, 'verein': 'FK Napredak Krusevac', 'age': '24', 'mw': '€250Th.', 'datum_mw': 'Jun 12, 2021', 'x': 1623448800000, 'marker': {'symbol': 'url(https://tmssl.akamaized.net/images/wappen/verysmall/788.png?lm=1420204769)'}}, {'y': 300000, 'verein': 'FK Napredak Krusevac', 'age': '25', 'mw': '€300Th.', 'datum_mw': 'Dec 25, 2021', 'x': 1640386800000, 'marker': {'symbol': 'url(https://tmssl.akamaized.net/images/wappen/verysmall/788.png?lm=1420204769)'}}]}]	-	-	1.475'	
Marko Tomic																																		
Nemanja Kojcic																																		
Nemanja Djekovic		May 9, 2003		19		Serbia	Defender - Centre-Back			FK Napredak Krusevac	Jan 1, 2022	May 31, 2024				0.0	38	24	1.08	-	-	4	1	1	-	-			1.795'	[{'type': 'line', 'name': 'Market value', 'data': [{'y': 25000, 'verein': 'Unknown', 'age': '17', 'mw': '€25Th.', 'datum_mw': 'Dec 22, 2020', 'x': 1608591600000, 'marker': {'symbol': 'url(https://tmssl.akamaized.net/images/wappen/verysmall/75.png?lm=1456997316)'}}, {'y': 25000, 'verein': 'Unknown', 'age': '18', 'mw': '€25Th.', 'datum_mw': 'Jun 12, 2021', 'x': 1623448800000, 'marker': {'symbol': 'url(https://tmssl.akamaized.net/images/wappen/verysmall/75.png?lm=1456997316)'}}, {'y': 50000, 'verein': 'FK Jedinstvo Paracin', 'age': '18', 'mw': '€50Th.', 'datum_mw': 'Dec 25, 2021', 'x': 1640386800000, 'marker': {'symbol': 'url(https://tmssl.akamaized.net/images/wappen/verysmall/26019.png?lm=1460822145)'}}]}]	-	-	-	
Milan Spremo	Милан Спремо	Apr 27, 1995	Novi Sad	27	1,75 m	"Serbia
  Bosnia-Herzegovina"	Defender - Left-Back	left		FK Napredak Krusevac	Jul 1, 2019	Jun 30, 2022				0.0	38	38	1.32	1	3	2	7	7	-	-			3.235'	[{'type': 'line', 'name': 'Market value', 'data': [{'y': 100000, 'verein': 'FK Vojvodina Novi Sad', 'age': '18', 'mw': '€100Th.', 'datum_mw': 'May 28, 2013', 'x': 1369692000000, 'marker': {'symbol': 'url(https://tmssl.akamaized.net/images/wappen/verysmall/448_1543354528.png?lm=1543354528)'}}, {'y': 75000, 'verein': 'NK Celje', 'age': '20', 'mw': '€75Th.', 'datum_mw': 'Aug 11, 2015', 'x': 1439244000000, 'marker': {'symbol': 'url(https://tmssl.akamaized.net/images/wappen/verysmall/710_1625564874.png?lm=1625564875)'}}, {'y': 75000, 'verein': 'NK Celje', 'age': '20', 'mw': '€75Th.', 'datum_mw': 'Jan 30, 2016', 'x': 1454108400000, 'marker': {'symbol': 'url(https://tmssl.akamaized.net/images/wappen/verysmall/710_1625564874.png?lm=1625564875)'}}, {'y': 150000, 'verein': 'FK Javor-Matis Ivanjica', 'age': '21', 'mw': '€150Th.', 'datum_mw': 'Dec 18, 2016', 'x': 1482015600000, 'marker': {'symbol': 'url(https://tmssl.akamaized.net/images/wappen/verysmall/8819.png?lm=1420205090)'}}, {'y': 300000, 'verein': 'FK Vojvodina Novi Sad', 'age': '22', 'mw': '€300Th.', 'datum_mw': 'May 4, 2017', 'x': 1493848800000, 'marker': {'symbol': 'url(https://tmssl.akamaized.net/images/wappen/verysmall/448_1543354528.png?lm=1543354528)'}}, {'y': 300000, 'verein': 'OFK Backa', 'age': '22', 'mw': '€300Th.', 'datum_mw': 'Dec 30, 2017', 'x': 1514588400000, 'marker': {'symbol': 'url(https://tmssl.akamaized.net/images/wappen/verysmall/4650.png?lm=1560896214)'}}, {'y': 300000, 'verein': 'OFK Backa', 'age': '23', 'mw': '€300Th.', 'datum_mw': 'Jul 2, 2018', 'x': 1530482400000, 'marker': {'symbol': 'url(https://tmssl.akamaized.net/images/wappen/verysmall/4650.png?lm=1560896214)'}}, {'y': 300000, 'verein': 'OFK Backa', 'age': '23', 'mw': '€300Th.', 'datum_mw': 'Jan 14, 2019', 'x': 1547420400000, 'marker': {'symbol': 'url(https://tmssl.akamaized.net/images/wappen/verysmall/4650.png?lm=1560896214)'}}, {'y': 250000, 'verein': 'OFK Backa', 'age': '24', 'mw': '€250Th.', 'datum_mw': 'Jun 9, 2019', 'x': 1560031200000, 'marker': {'symbol': 'url(https://tmssl.akamaized.net/images/wappen/verysmall/4650.png?lm=1560896214)'}}, {'y': 400000, 'verein': 'FK Napredak Krusevac', 'age': '24', 'mw': '€400Th.', 'datum_mw': 'Oct 28, 2019', 'x': 1572217200000, 'marker': {'symbol': 'url(https://tmssl.akamaized.net/images/wappen/verysmall/788.png?lm=1420204769)'}}, {'y': 325000, 'verein': 'FK Napredak Krusevac', 'age': '24', 'mw': '€325Th.', 'datum_mw': 'Apr 8, 2020', 'x': 1586296800000, 'marker': {'symbol': 'url(https://tmssl.akamaized.net/images/wappen/verysmall/788.png?lm=1420204769)'}}, {'y': 400000, 'verein': 'FK Napredak Krusevac', 'age': '25', 'mw': '€400Th.', 'datum_mw': 'Jun 28, 2020', 'x': 1593295200000, 'marker': {'symbol': 'url(https://tmssl.akamaized.net/images/wappen/verysmall/788.png?lm=1420204769)'}}, {'y': 300000, 'verein': 'FK Napredak Krusevac', 'age': '25', 'mw': '€300Th.', 'datum_mw': 'Dec 22, 2020', 'x': 1608591600000, 'marker': {'symbol': 'url(https://tmssl.akamaized.net/images/wappen/verysmall/788.png?lm=1420204769)'}}, {'y': 300000, 'verein': 'FK Napredak Krusevac', 'age': '26', 'mw': '€300Th.', 'datum_mw': 'Jun 12, 2021', 'x': 1623448800000, 'marker': {'symbol': 'url(https://tmssl.akamaized.net/images/wappen/verysmall/788.png?lm=1420204769)'}}, {'y': 400000, 'verein': 'FK Napredak Krusevac', 'age': '26', 'mw': '€400Th.', 'datum_mw': 'Dec 25, 2021', 'x': 1640386800000, 'marker': {'symbol': 'url(https://tmssl.akamaized.net/images/wappen/verysmall/788.png?lm=1420204769)'}}]}]	-	-	3.235'	
Josip Projic	Jocип Пpojић	Aug 23, 1987	Kruševac	34	1,78 m	Serbia	Defender - Left-Back	right		FK Napredak Krusevac	Jan 24, 2022	Jun 30, 2022				0.0	17	7	1.43	-	-	-	1	2	-	-			618'	[{'type': 'line', 'name': 'Market value', 'data': [{'y': 200000, 'verein': 'FK Napredak Krusevac', 'age': '20', 'mw': '€200Th.', 'datum_mw': 'Oct 26, 2007', 'x': 1193349600000, 'marker': {'symbol': 'url(https://tmssl.akamaized.net/images/wappen/verysmall/788.png?lm=1420204769)'}}, {'y': 350000, 'verein': 'FK Napredak Krusevac', 'age': '21', 'mw': '€350Th.', 'datum_mw': 'Oct 24, 2008', 'x': 1224799200000, 'marker': {'symbol': 'url(https://tmssl.akamaized.net/images/wappen/verysmall/788.png?lm=1420204769)'}}, {'y': 250000, 'verein': 'FK Jagodina', 'age': '24', 'mw': '€250Th.', 'datum_mw': 'Nov 2, 2011', 'x': 1320188400000, 'marker': {'symbol': 'url(https://tmssl.akamaized.net/images/wappen/verysmall/12132.png?lm=1420204543)'}}, {'y': 350000, 'verein': 'FK Jagodina', 'age': '24', 'mw': '€350Th.', 'datum_mw': 'Apr 2, 2012', 'x': 1333317600000, 'marker': {'symbol': 'url(https://tmssl.akamaized.net/images/wappen/verysmall/12132.png?lm=1420204543)'}}, {'y': 500000, 'verein': 'FK Jagodina', 'age': '25', 'mw': '€500Th.', 'datum_mw': 'Nov 2, 2012', 'x': 1351810800000, 'marker': {'symbol': 'url(https://tmssl.akamaized.net/images/wappen/verysmall/12132.png?lm=1420204543)'}}, {'y': 350000, 'verein': 'FK Jagodina', 'age': '25', 'mw': '€350Th.', 'datum_mw': 'May 28, 2013', 'x': 1369692000000, 'marker': {'symbol': 'url(https://tmssl.akamaized.net/images/wappen/verysmall/12132.png?lm=1420204543)'}}, {'y': 400000, 'verein': 'FK Jagodina', 'age': '26', 'mw': '€400Th.', 'datum_mw': 'Oct 8, 2013', 'x': 1381183200000, 'marker': {'symbol': 'url(https://tmssl.akamaized.net/images/wappen/verysmall/12132.png?lm=1420204543)'}}, {'y': 400000, 'verein': 'APO Levadiakos', 'age': '27', 'mw': '€400Th.', 'datum_mw': 'Nov 11, 2014', 'x': 1415660400000, 'marker': {'symbol': 'url(https://tmssl.akamaized.net/images/wappen/verysmall/2672.png?lm=1410074899)'}}, {'y': 350000, 'verein': 'FK Napredak Krusevac', 'age': '29', 'mw': '€350Th.', 'datum_mw': 'Dec 18, 2016', 'x': 1482015600000, 'marker': {'symbol': 'url(https://tmssl.akamaized.net/images/wappen/verysmall/788.png?lm=1420204769)'}}, {'y': 300000, 'verein': 'FK Napredak Krusevac', 'age': '29', 'mw': '€300Th.', 'datum_mw': 'May 4, 2017', 'x': 1493848800000, 'marker': {'symbol': 'url(https://tmssl.akamaized.net/images/wappen/verysmall/788.png?lm=1420204769)'}}, {'y': 300000, 'verein': 'FK Zeljeznicar Sarajevo', 'age': '30', 'mw': '€300Th.', 'datum_mw': 'Feb 15, 2018', 'x': 1518649200000, 'marker': {'symbol': 'url(https://tmssl.akamaized.net/images/wappen/verysmall/2573.png?lm=1499719923)'}}, {'y': 200000, 'verein': 'FK Napredak Krusevac', 'age': '31', 'mw': '€200Th.', 'datum_mw': 'Jan 14, 2019', 'x': 1547420400000, 'marker': {'symbol': 'url(https://tmssl.akamaized.net/images/wappen/verysmall/788.png?lm=1420204769)'}}, {'y': 200000, 'verein': 'Fakel Voronezh', 'age': '31', 'mw': '€200Th.', 'datum_mw': 'Jun 14, 2019', 'x': 1560463200000, 'marker': {'symbol': 'url(https://tmssl.akamaized.net/images/wappen/verysmall/1124.png?lm=1618167383)'}}, {'y': 125000, 'verein': 'FK Kolubara Lazarevac', 'age': '32', 'mw': '€125Th.', 'datum_mw': 'Dec 10, 2019', 'x': 1575932400000, 'marker': {'symbol': 'url(https://tmssl.akamaized.net/images/wappen/verysmall/12514.png?lm=1479507965)'}}, {'y': 150000, 'verein': 'Ethnikos Achnas', 'age': '33', 'mw': '€150Th.', 'datum_mw': 'Oct 6, 2020', 'x': 1601935200000, 'marker': {'symbol': 'url(https://tmssl.akamaized.net/images/wappen/verysmall/4590.png?lm=1421003360)'}}]}]	-	-	-	
Stefan Todorovic	Стефан Тодоровић	Aug 26, 1997	Kruševac	24	1,81 m	Serbia	Defender - Left-Back	both	no agent	FK Napredak Krusevac	Sep 15, 2020	May 31, 2023				0.0	30	6	0.17	-	-	2	3	1	-	-			224'	[{'type': 'line', 'name': 'Market value', 'data': [{'y': 25000, 'verein': 'FK Zlatibor Cajetina', 'age': '21', 'mw': '€25Th.', 'datum_mw': 'Jan 10, 2019', 'x': 1547074800000, 'marker': {'symbol': 'url(https://tmssl.akamaized.net/images/wappen/verysmall/32099.png?lm=1518876713)'}}, {'y': 75000, 'verein': 'FK Zlatibor Cajetina', 'age': '21', 'mw': '€75Th.', 'datum_mw': 'Jun 17, 2019', 'x': 1560722400000, 'marker': {'symbol': 'url(https://tmssl.akamaized.net/images/wappen/verysmall/32099.png?lm=1518876713)'}}, {'y': 150000, 'verein': 'FK Zlatibor Cajetina', 'age': '22', 'mw': '€150Th.', 'datum_mw': 'Dec 10, 2019', 'x': 1575932400000, 'marker': {'symbol': 'url(https://tmssl.akamaized.net/images/wappen/verysmall/32099.png?lm=1518876713)'}}, {'y': 150000, 'verein': 'FK Zlatibor Cajetina', 'age': '22', 'mw': '€150Th.', 'datum_mw': 'Jun 21, 2020', 'x': 1592690400000, 'marker': {'symbol': 'url(https://tmssl.akamaized.net/images/wappen/verysmall/32099.png?lm=1518876713)'}}, {'y': 100000, 'verein': 'FK Napredak Krusevac', 'age': '23', 'mw': '€100Th.', 'datum_mw': 'Dec 22, 2020', 'x': 1608591600000, 'marker': {'symbol': 'url(https://tmssl.akamaized.net/images/wappen/verysmall/788.png?lm=1420204769)'}}, {'y': 50000, 'verein': 'FK Napredak Krusevac', 'age': '23', 'mw': '€50Th.', 'datum_mw': 'Jun 12, 2021', 'x': 1623448800000, 'marker': {'symbol': 'url(https://tmssl.akamaized.net/images/wappen/verysmall/788.png?lm=1420204769)'}}, {'y': 50000, 'verein': 'FK Napredak Krusevac', 'age': '24', 'mw': '€50Th.', 'datum_mw': 'Dec 25, 2021', 'x': 1640386800000, 'marker': {'symbol': 'url(https://tmssl.akamaized.net/images/wappen/verysmall/788.png?lm=1420204769)'}}]}]	-	-	-	
Stefan Jovanovic	Стефан Јовановић	Apr 7, 1994	Kraljevo	28	1,78 m	Serbia	Defender - Right-Back	both	NOVERA Sports	FK Napredak Krusevac	Jul 1, 2021	May 31, 2023				0.0	21	21	0.67	-	2	2	1	9	-	-			1.723'	[{'type': 'line', 'name': 'Market value', 'data': [{'y': 125000, 'verein': 'FK Mladost Lucani', 'age': '23', 'mw': '€125Th.', 'datum_mw': 'Jan 10, 2018', 'x': 1515538800000, 'marker': {'symbol': 'url(https://tmssl.akamaized.net/images/wappen/verysmall/6622.png?lm=1410710765)'}}, {'y': 125000, 'verein': 'FK Mladost Lucani', 'age': '24', 'mw': '€125Th.', 'datum_mw': 'Jul 2, 2018', 'x': 1530482400000, 'marker': {'symbol': 'url(https://tmssl.akamaized.net/images/wappen/verysmall/6622.png?lm=1410710765)'}}, {'y': 275000, 'verein': 'OFK Backa', 'age': '24', 'mw': '€275Th.', 'datum_mw': 'Jan 14, 2019', 'x': 1547420400000, 'marker': {'symbol': 'url(https://tmssl.akamaized.net/images/wappen/verysmall/4650.png?lm=1560896214)'}}, {'y': 350000, 'verein': 'OFK Backa', 'age': '25', 'mw': '€350Th.', 'datum_mw': 'Jun 9, 2019', 'x': 1560031200000, 'marker': {'symbol': 'url(https://tmssl.akamaized.net/images/wappen/verysmall/4650.png?lm=1560896214)'}}, {'y': 300000, 'verein': 'FK Proleter Novi Sad', 'age': '25', 'mw': '€300Th.', 'datum_mw': 'Oct 28, 2019', 'x': 1572217200000, 'marker': {'symbol': 'url(https://tmssl.akamaized.net/images/wappen/verysmall/19488.png?lm=1586916069)'}}, {'y': 250000, 'verein': 'OFK Backa', 'age': '26', 'mw': '€250Th.', 'datum_mw': 'Jun 21, 2020', 'x': 1592690400000, 'marker': {'symbol': 'url(https://tmssl.akamaized.net/images/wappen/verysmall/4650.png?lm=1560896214)'}}, {'y': 250000, 'verein': 'OFK Backa', 'age': '26', 'mw': '€250Th.', 'datum_mw': 'Dec 22, 2020', 'x': 1608591600000, 'marker': {'symbol': 'url(https://tmssl.akamaized.net/images/wappen/verysmall/4650.png?lm=1560896214)'}}, {'y': 250000, 'verein': 'OFK Backa', 'age': '27', 'mw': '€250Th.', 'datum_mw': 'Jun 12, 2021', 'x': 1623448800000, 'marker': {'symbol': 'url(https://tmssl.akamaized.net/images/wappen/verysmall/4650.png?lm=1560896214)'}}, {'y': 400000, 'verein': 'FK Napredak Krusevac', 'age': '27', 'mw': '€400Th.', 'datum_mw': 'Dec 25, 2021', 'x': 1640386800000, 'marker': {'symbol': 'url(https://tmssl.akamaized.net/images/wappen/verysmall/788.png?lm=1420204769)'}}]}]	-	-	-	
Nemanja Krstic																																		
Sasa Marjanovic	Саша Марјановић	Nov 13, 1987	Niš	34	1,82 m	Serbia	midfield - Defensive Midfield	right	Petar Bazic	FK Napredak Krusevac	Oct 5, 2020	Jun 30, 2022				0.0	23	21	1.57	3	2	-	3	4	-	-			1.775'	[{'type': 'line', 'name': 'Market value', 'data': [{'y': 200000, 'verein': 'FK Cukaricki', 'age': '19', 'mw': '€200Th.', 'datum_mw': 'Oct 13, 2007', 'x': 1192226400000, 'marker': {'symbol': 'url(https://tmssl.akamaized.net/images/wappen/verysmall/6621.png?lm=1479507902)'}}, {'y': 250000, 'verein': 'FK Cukaricki', 'age': '20', 'mw': '€250Th.', 'datum_mw': 'Oct 14, 2008', 'x': 1223935200000, 'marker': {'symbol': 'url(https://tmssl.akamaized.net/images/wappen/verysmall/6621.png?lm=1479507902)'}}, {'y': 400000, 'verein': 'FK Jagodina', 'age': '21', 'mw': '€400Th.', 'datum_mw': 'Nov 9, 2009', 'x': 1257721200000, 'marker': {'symbol': 'url(https://tmssl.akamaized.net/images/wappen/verysmall/12132.png?lm=1420204543)'}}, {'y': 450000, 'verein': 'FK Jagodina', 'age': '22', 'mw': '€450Th.', 'datum_mw': 'May 5, 2010', 'x': 1273010400000, 'marker': {'symbol': 'url(https://tmssl.akamaized.net/images/wappen/verysmall/12132.png?lm=1420204543)'}}, {'y': 450000, 'verein': 'FK Jagodina', 'age': '22', 'mw': '€450Th.', 'datum_mw': 'Nov 1, 2010', 'x': 1288566000000, 'marker': {'symbol': 'url(https://tmssl.akamaized.net/images/wappen/verysmall/12132.png?lm=1420204543)'}}, {'y': 350000, 'verein': 'FK Jagodina', 'age': '23', 'mw': '€350Th.', 'datum_mw': 'Apr 25, 2011', 'x': 1303682400000, 'marker': {'symbol': 'url(https://tmssl.akamaized.net/images/wappen/verysmall/12132.png?lm=1420204543)'}}, {'y': 250000, 'verein': 'FK Jagodina', 'age': '23', 'mw': '€250Th.', 'datum_mw': 'Nov 2, 2011', 'x': 1320188400000, 'marker': {'symbol': 'url(https://tmssl.akamaized.net/images/wappen/verysmall/12132.png?lm=1420204543)'}}, {'y': 300000, 'verein': 'FK Jagodina', 'age': '24', 'mw': '€300Th.', 'datum_mw': 'Apr 2, 2012', 'x': 1333317600000, 'marker': {'symbol': 'url(https://tmssl.akamaized.net/images/wappen/verysmall/12132.png?lm=1420204543)'}}, {'y': 300000, 'verein': 'FK Radnicki Nis', 'age': '26', 'mw': '€300Th.', 'datum_mw': 'Nov 11, 2014', 'x': 1415660400000, 'marker': {'symbol': 'url(https://tmssl.akamaized.net/images/wappen/verysmall/7567.png?lm=1420204988)'}}, {'y': 350000, 'verein': 'FK Radnicki Nis', 'age': '27', 'mw': '€350Th.', 'datum_mw': 'Jun 15, 2015', 'x': 1434319200000, 'marker': {'symbol': 'url(https://tmssl.akamaized.net/images/wappen/verysmall/7567.png?lm=1420204988)'}}, {'y': 350000, 'verein': 'FK Radnicki Nis', 'age': '28', 'mw': '€350Th.', 'datum_mw': 'Nov 23, 2015', 'x': 1448233200000, 'marker': {'symbol': 'url(https://tmssl.akamaized.net/images/wappen/verysmall/7567.png?lm=1420204988)'}}, {'y': 500000, 'verein': 'FK Radnicki Nis', 'age': '28', 'mw': '€500Th.', 'datum_mw': 'May 29, 2016', 'x': 1464472800000, 'marker': {'symbol': 'url(https://tmssl.akamaized.net/images/wappen/verysmall/7567.png?lm=1420204988)'}}, {'y': 400000, 'verein': 'FK Partizan Belgrade', 'age': '29', 'mw': '€400Th.', 'datum_mw': 'Dec 18, 2016', 'x': 1482015600000, 'marker': {'symbol': 'url(https://tmssl.akamaized.net/images/wappen/verysmall/669.png?lm=1541834922)'}}, {'y': 350000, 'verein': 'FK Partizan Belgrade', 'age': '29', 'mw': '€350Th.', 'datum_mw': 'May 4, 2017', 'x': 1493848800000, 'marker': {'symbol': 'url(https://tmssl.akamaized.net/images/wappen/verysmall/669.png?lm=1541834922)'}}, {'y': 300000, 'verein': 'FK Partizan Belgrade', 'age': '30', 'mw': '€300Th.', 'datum_mw': 'Jan 10, 2018', 'x': 1515538800000, 'marker': {'symbol': 'url(https://tmssl.akamaized.net/images/wappen/verysmall/669.png?lm=1541834922)'}}, {'y': 300000, 'verein': 'FK Aktobe', 'age': '30', 'mw': '€300Th.', 'datum_mw': 'Jul 1, 2018', 'x': 1530396000000, 'marker': {'symbol': 'url(https://tmssl.akamaized.net/images/wappen/verysmall/10157.png?lm=1600683766)'}}, {'y': 300000, 'verein': 'FK Aktobe', 'age': '31', 'mw': '€300Th.', 'datum_mw': 'Dec 28, 2018', 'x': 1545951600000, 'marker': {'symbol': 'url(https://tmssl.akamaized.net/images/wappen/verysmall/10157.png?lm=1600683766)'}}, {'y': 300000, 'verein': 'FK Aktobe', 'age': '31', 'mw': '€300Th.', 'datum_mw': 'Jun 13, 2019', 'x': 1560376800000, 'marker': {'symbol': 'url(https://tmssl.akamaized.net/images/wappen/verysmall/10157.png?lm=1600683766)'}}, {'y': 300000, 'verein': 'Nea Salamina Famagusta', 'age': '32', 'mw': '€300Th.', 'datum_mw': 'Jan 6, 2020', 'x': 1578265200000, 'marker': {'symbol': 'url(https://tmssl.akamaized.net/images/wappen/verysmall/18945.png?lm=1443216484)'}}, {'y': 250000, 'verein': 'FK Napredak Krusevac', 'age': '33', 'mw': '€250Th.', 'datum_mw': 'Dec 22, 2020', 'x': 1608591600000, 'marker': {'symbol': 'url(https://tmssl.akamaized.net/images/wappen/verysmall/788.png?lm=1420204769)'}}, {'y': 250000, 'verein': 'FK Napredak Krusevac', 'age': '33', 'mw': '€250Th.', 'datum_mw': 'Jun 12, 2021', 'x': 1623448800000, 'marker': {'symbol': 'url(https://tmssl.akamaized.net/images/wappen/verysmall/788.png?lm=1420204769)'}}, {'y': 250000, 'verein': 'FK Napredak Krusevac', 'age': '34', 'mw': '€250Th.', 'datum_mw': 'Dec 25, 2021', 'x': 1640386800000, 'marker': {'symbol': 'url(https://tmssl.akamaized.net/images/wappen/verysmall/788.png?lm=1420204769)'}}]}]	-	-	592'	Jun 10, 2021
Uros Raskovic	Урош Рашковић	Sep 2, 2000	Kruševac	21	1,84 m	Serbia	midfield - Defensive Midfield	right		FK Napredak Krusevac	Jul 1, 2019	Jun 30, 2022				0.0	16	10	1.40	-	-	4	2	2	1	-			532'	[{'type': 'line', 'name': 'Market value', 'data': [{'y': 50000, 'verein': 'FK Napredak Krusevac', 'age': '19', 'mw': '€50Th.', 'datum_mw': 'Oct 28, 2019', 'x': 1572217200000, 'marker': {'symbol': 'url(https://tmssl.akamaized.net/images/wappen/verysmall/788.png?lm=1420204769)'}}, {'y': 50000, 'verein': 'FK Napredak Krusevac', 'age': '19', 'mw': '€50Th.', 'datum_mw': 'Jun 28, 2020', 'x': 1593295200000, 'marker': {'symbol': 'url(https://tmssl.akamaized.net/images/wappen/verysmall/788.png?lm=1420204769)'}}, {'y': 150000, 'verein': 'FK Napredak Krusevac', 'age': '20', 'mw': '€150Th.', 'datum_mw': 'Dec 22, 2020', 'x': 1608591600000, 'marker': {'symbol': 'url(https://tmssl.akamaized.net/images/wappen/verysmall/788.png?lm=1420204769)'}}, {'y': 100000, 'verein': 'FK Napredak Krusevac', 'age': '20', 'mw': '€100Th.', 'datum_mw': 'Jun 12, 2021', 'x': 1623448800000, 'marker': {'symbol': 'url(https://tmssl.akamaized.net/images/wappen/verysmall/788.png?lm=1420204769)'}}, {'y': 200000, 'verein': 'FK Napredak Krusevac', 'age': '21', 'mw': '€200Th.', 'datum_mw': 'Dec 25, 2021', 'x': 1640386800000, 'marker': {'symbol': 'url(https://tmssl.akamaized.net/images/wappen/verysmall/788.png?lm=1420204769)'}}]}]	-	-	-	
Marko Pantic																																		
Luka Laban																																		
Nenad Ivanic																																		
Nemanja Milovanovic	Немања Миловановић	Jun 12, 1991	Krusevac	31	1,89 m	Serbia	midfield - Central Midfield			FK Napredak Krusevac	Jul 14, 2020	Jun 30, 2022				0.0	39	26	1.27	-	-	14	6	2	-	-			1.197'	[{'type': 'line', 'name': 'Market value', 'data': [{'y': 150000, 'verein': 'FK Mladost Lucani', 'age': '24', 'mw': '€150Th.', 'datum_mw': 'Nov 23, 2015', 'x': 1448233200000, 'marker': {'symbol': 'url(https://tmssl.akamaized.net/images/wappen/verysmall/6622.png?lm=1410710765)'}}, {'y': 200000, 'verein': 'FK Gorodeya  (- 2020)', 'age': '25', 'mw': '€200Th.', 'datum_mw': 'Jun 15, 2016', 'x': 1465941600000, 'marker': {'symbol': 'url(https://tmssl.akamaized.net/images/wappen/verysmall/29525.png?lm=1623506067)'}}, {'y': 150000, 'verein': 'Without Club', 'age': '25', 'mw': '€150Th.', 'datum_mw': 'Nov 30, 2016', 'x': 1480460400000, 'marker': {'symbol': 'url(https://tmssl.akamaized.net/images/wappen/verysmall/515.png?lm=1456997255)'}}, {'y': 150000, 'verein': 'FK Javor-Matis Ivanjica', 'age': '27', 'mw': '€150Th.', 'datum_mw': 'Jan 10, 2019', 'x': 1547074800000, 'marker': {'symbol': 'url(https://tmssl.akamaized.net/images/wappen/verysmall/8819.png?lm=1420205090)'}}, {'y': 200000, 'verein': 'FK Javor-Matis Ivanjica', 'age': '28', 'mw': '€200Th.', 'datum_mw': 'Jun 17, 2019', 'x': 1560722400000, 'marker': {'symbol': 'url(https://tmssl.akamaized.net/images/wappen/verysmall/8819.png?lm=1420205090)'}}, {'y': 200000, 'verein': 'OFK Backa', 'age': '28', 'mw': '€200Th.', 'datum_mw': 'Dec 10, 2019', 'x': 1575932400000, 'marker': {'symbol': 'url(https://tmssl.akamaized.net/images/wappen/verysmall/4650.png?lm=1560896214)'}}, {'y': 150000, 'verein': 'FK Kolubara Lazarevac', 'age': '29', 'mw': '€150Th.', 'datum_mw': 'Jun 21, 2020', 'x': 1592690400000, 'marker': {'symbol': 'url(https://tmssl.akamaized.net/images/wappen/verysmall/12514.png?lm=1479507965)'}}, {'y': 150000, 'verein': 'FK Napredak Krusevac', 'age': '29', 'mw': '€150Th.', 'datum_mw': 'Dec 22, 2020', 'x': 1608591600000, 'marker': {'symbol': 'url(https://tmssl.akamaized.net/images/wappen/verysmall/788.png?lm=1420204769)'}}, {'y': 150000, 'verein': 'FK Napredak Krusevac', 'age': '30', 'mw': '€150Th.', 'datum_mw': 'Jun 12, 2021', 'x': 1623448800000, 'marker': {'symbol': 'url(https://tmssl.akamaized.net/images/wappen/verysmall/788.png?lm=1420204769)'}}, {'y': 50000, 'verein': 'FK Napredak Krusevac', 'age': '30', 'mw': '€50Th.', 'datum_mw': 'Dec 25, 2021', 'x': 1640386800000, 'marker': {'symbol': 'url(https://tmssl.akamaized.net/images/wappen/verysmall/788.png?lm=1420204769)'}}]}]	-	-	-	
Petar Djurickovic	Петар Ђуричковић	Jun 20, 1991	Pristina	31	1,78 m	Serbia	midfield - Attacking Midfield	left	Miami stars Football Asociated	FK Napredak Krusevac	Sep 8, 2021	May 30, 2022				0.0	29	28	1.07	3	5	1	10	10	-	-			2.352'	[{'type': 'line', 'name': 'Market value', 'data': [{'y': 200000, 'verein': 'Red Star Belgrade', 'age': '20', 'mw': '€200Th.', 'datum_mw': 'Mar 3, 2012', 'x': 1330729200000, 'marker': {'symbol': 'url(https://tmssl.akamaized.net/images/wappen/verysmall/159.png?lm=1567102522)'}}, {'y': 200000, 'verein': 'Red Star Belgrade', 'age': '20', 'mw': '€200Th.', 'datum_mw': 'Apr 9, 2012', 'x': 1333922400000, 'marker': {'symbol': 'url(https://tmssl.akamaized.net/images/wappen/verysmall/159.png?lm=1567102522)'}}, {'y': 200000, 'verein': 'FK Radnicki 1923 Kragujevac', 'age': '21', 'mw': '€200Th.', 'datum_mw': 'Oct 6, 2012', 'x': 1349474400000, 'marker': {'symbol': 'url(https://tmssl.akamaized.net/images/wappen/verysmall/4645.png?lm=1403100499)'}}, {'y': 250000, 'verein': 'FK Radnicki 1923 Kragujevac', 'age': '21', 'mw': '€250Th.', 'datum_mw': 'Apr 18, 2013', 'x': 1366236000000, 'marker': {'symbol': 'url(https://tmssl.akamaized.net/images/wappen/verysmall/4645.png?lm=1403100499)'}}, {'y': 200000, 'verein': 'Red Star Belgrade', 'age': '22', 'mw': '€200Th.', 'datum_mw': 'Oct 8, 2013', 'x': 1381183200000, 'marker': {'symbol': 'url(https://tmssl.akamaized.net/images/wappen/verysmall/159.png?lm=1567102522)'}}, {'y': 300000, 'verein': 'FK Radnicki Nis', 'age': '23', 'mw': '€300Th.', 'datum_mw': 'Nov 11, 2014', 'x': 1415660400000, 'marker': {'symbol': 'url(https://tmssl.akamaized.net/images/wappen/verysmall/7567.png?lm=1420204988)'}}, {'y': 400000, 'verein': 'FK Radnicki Nis', 'age': '23', 'mw': '€400Th.', 'datum_mw': 'Jun 15, 2015', 'x': 1434319200000, 'marker': {'symbol': 'url(https://tmssl.akamaized.net/images/wappen/verysmall/7567.png?lm=1420204988)'}}, {'y': 400000, 'verein': 'FK Radnicki Nis', 'age': '24', 'mw': '€400Th.', 'datum_mw': 'Nov 23, 2015', 'x': 1448233200000, 'marker': {'symbol': 'url(https://tmssl.akamaized.net/images/wappen/verysmall/7567.png?lm=1420204988)'}}, {'y': 500000, 'verein': 'FK Radnicki Nis', 'age': '24', 'mw': '€500Th.', 'datum_mw': 'May 29, 2016', 'x': 1464472800000, 'marker': {'symbol': 'url(https://tmssl.akamaized.net/images/wappen/verysmall/7567.png?lm=1420204988)'}}, {'y': 450000, 'verein': 'FK Partizan Belgrade', 'age': '25', 'mw': '€450Th.', 'datum_mw': 'Dec 18, 2016', 'x': 1482015600000, 'marker': {'symbol': 'url(https://tmssl.akamaized.net/images/wappen/verysmall/669.png?lm=1541834922)'}}, {'y': 450000, 'verein': 'FK Partizan Belgrade', 'age': '25', 'mw': '€450Th.', 'datum_mw': 'May 4, 2017', 'x': 1493848800000, 'marker': {'symbol': 'url(https://tmssl.akamaized.net/images/wappen/verysmall/669.png?lm=1541834922)'}}, {'y': 500000, 'verein': 'FK Partizan Belgrade', 'age': '26', 'mw': '€500Th.', 'datum_mw': 'Dec 30, 2017', 'x': 1514588400000, 'marker': {'symbol': 'url(https://tmssl.akamaized.net/images/wappen/verysmall/669.png?lm=1541834922)'}}, {'y': 700000, 'verein': 'AO Xanthi', 'age': '26', 'mw': '€700Th.', 'datum_mw': 'May 22, 2018', 'x': 1526940000000, 'marker': {'symbol': 'url(https://tmssl.akamaized.net/images/wappen/verysmall/128.png?lm=1562577435)'}}, {'y': 700000, 'verein': 'AO Xanthi', 'age': '27', 'mw': '€700Th.', 'datum_mw': 'Dec 7, 2018', 'x': 1544137200000, 'marker': {'symbol': 'url(https://tmssl.akamaized.net/images/wappen/verysmall/128.png?lm=1562577435)'}}, {'y': 600000, 'verein': 'AO Xanthi', 'age': '27', 'mw': '€600Th.', 'datum_mw': 'May 21, 2019', 'x': 1558389600000, 'marker': {'symbol': 'url(https://tmssl.akamaized.net/images/wappen/verysmall/128.png?lm=1562577435)'}}, {'y': 600000, 'verein': 'AO Xanthi', 'age': '28', 'mw': '€600Th.', 'datum_mw': 'Dec 18, 2019', 'x': 1576623600000, 'marker': {'symbol': 'url(https://tmssl.akamaized.net/images/wappen/verysmall/128.png?lm=1562577435)'}}, {'y': 475000, 'verein': 'AO Xanthi', 'age': '28', 'mw': '€475Th.', 'datum_mw': 'Apr 8, 2020', 'x': 1586296800000, 'marker': {'symbol': 'url(https://tmssl.akamaized.net/images/wappen/verysmall/128.png?lm=1562577435)'}}, {'y': 450000, 'verein': 'AO Xanthi', 'age': '29', 'mw': '€450Th.', 'datum_mw': 'Aug 4, 2020', 'x': 1596492000000, 'marker': {'symbol': 'url(https://tmssl.akamaized.net/images/wappen/verysmall/128.png?lm=1562577435)'}}, {'y': 450000, 'verein': 'FK Radnicki Nis', 'age': '29', 'mw': '€450Th.', 'datum_mw': 'Dec 22, 2020', 'x': 1608591600000, 'marker': {'symbol': 'url(https://tmssl.akamaized.net/images/wappen/verysmall/7567.png?lm=1420204988)'}}, {'y': 450000, 'verein': 'FK Radnicki Nis', 'age': '29', 'mw': '€450Th.', 'datum_mw': 'Jun 12, 2021', 'x': 1623448800000, 'marker': {'symbol': 'url(https://tmssl.akamaized.net/images/wappen/verysmall/7567.png?lm=1420204988)'}}, {'y': 300000, 'verein': 'FK Napredak Krusevac', 'age': '30', 'mw': '€300Th.', 'datum_mw': 'Dec 25, 2021', 'x': 1640386800000, 'marker': {'symbol': 'url(https://tmssl.akamaized.net/images/wappen/verysmall/788.png?lm=1420204769)'}}]}]	-	1	784'	
Srdjan Kocic	Срђан Кочић	Feb 16, 1999	Sombor	23	1,76 m	Serbia	attack - Left Winger	right		FK Napredak Krusevac	Jul 6, 2020	Jun 30, 2023				0.0	37	33	1.33	4	1	1	23	3	-	-			2.352'	[{'type': 'line', 'name': 'Market value', 'data': [{'y': 0, 'verein': 'FK Kolubara Lazarevac', 'age': '19', 'mw': '-', 'datum_mw': 'Jan 10, 2019', 'x': 1547074800000, 'marker': {'symbol': 'url(https://tmssl.akamaized.net/images/wappen/verysmall/12514.png?lm=1479507965)'}}, {'y': 150000, 'verein': 'FK Kolubara Lazarevac', 'age': '20', 'mw': '€150Th.', 'datum_mw': 'Dec 10, 2019', 'x': 1575932400000, 'marker': {'symbol': 'url(https://tmssl.akamaized.net/images/wappen/verysmall/12514.png?lm=1479507965)'}}, {'y': 150000, 'verein': 'FK Kolubara Lazarevac', 'age': '21', 'mw': '€150Th.', 'datum_mw': 'Jun 21, 2020', 'x': 1592690400000, 'marker': {'symbol': 'url(https://tmssl.akamaized.net/images/wappen/verysmall/12514.png?lm=1479507965)'}}, {'y': 400000, 'verein': 'FK Napredak Krusevac', 'age': '21', 'mw': '€400Th.', 'datum_mw': 'Dec 22, 2020', 'x': 1608591600000, 'marker': {'symbol': 'url(https://tmssl.akamaized.net/images/wappen/verysmall/788.png?lm=1420204769)'}}, {'y': 350000, 'verein': 'FK Napredak Krusevac', 'age': '22', 'mw': '€350Th.', 'datum_mw': 'Jun 12, 2021', 'x': 1623448800000, 'marker': {'symbol': 'url(https://tmssl.akamaized.net/images/wappen/verysmall/788.png?lm=1420204769)'}}, {'y': 350000, 'verein': 'FK Napredak Krusevac', 'age': '22', 'mw': '€350Th.', 'datum_mw': 'Dec 25, 2021', 'x': 1640386800000, 'marker': {'symbol': 'url(https://tmssl.akamaized.net/images/wappen/verysmall/788.png?lm=1420204769)'}}]}]	-	-	588'	
Djordje Kotlajic																																		
Nikola Marinkovic																																		
Djordje Jovanovic																																		
Mladjan Stevanovic	Млађан Стевановић	Jan 1, 1995	Leskovac	27	1,70 m	Serbia	attack - Right Winger	right	EU-SERVICE	FK Napredak Krusevac	Jul 1, 2021	May 31, 2023				0.0	26	26	1.12	4	4	1	6	6	-	-			2.117'	[{'type': 'line', 'name': 'Market value', 'data': [{'y': 225000, 'verein': 'FK Dinamo Vranje', 'age': '24', 'mw': '€225Th.', 'datum_mw': 'Jan 14, 2019', 'x': 1547420400000, 'marker': {'symbol': 'url(https://tmssl.akamaized.net/images/wappen/verysmall/11043.png?lm=1454857785)'}}, {'y': 300000, 'verein': 'FK Dinamo Vranje', 'age': '24', 'mw': '€300Th.', 'datum_mw': 'Jun 9, 2019', 'x': 1560031200000, 'marker': {'symbol': 'url(https://tmssl.akamaized.net/images/wappen/verysmall/11043.png?lm=1454857785)'}}, {'y': 300000, 'verein': 'FK Dinamo Vranje', 'age': '24', 'mw': '€300Th.', 'datum_mw': 'Dec 10, 2019', 'x': 1575932400000, 'marker': {'symbol': 'url(https://tmssl.akamaized.net/images/wappen/verysmall/11043.png?lm=1454857785)'}}, {'y': 250000, 'verein': 'FK Dinamo Vranje', 'age': '25', 'mw': '€250Th.', 'datum_mw': 'Jun 21, 2020', 'x': 1592690400000, 'marker': {'symbol': 'url(https://tmssl.akamaized.net/images/wappen/verysmall/11043.png?lm=1454857785)'}}, {'y': 100000, 'verein': 'FK Dinamo Vranje', 'age': '25', 'mw': '€100Th.', 'datum_mw': 'Dec 8, 2020', 'x': 1607382000000, 'marker': {'symbol': 'url(https://tmssl.akamaized.net/images/wappen/verysmall/11043.png?lm=1454857785)'}}, {'y': 150000, 'verein': 'FK Dinamo Vranje', 'age': '26', 'mw': '€150Th.', 'datum_mw': 'Jun 6, 2021', 'x': 1622930400000, 'marker': {'symbol': 'url(https://tmssl.akamaized.net/images/wappen/verysmall/11043.png?lm=1454857785)'}}, {'y': 300000, 'verein': 'FK Napredak Krusevac', 'age': '26', 'mw': '€300Th.', 'datum_mw': 'Dec 25, 2021', 'x': 1640386800000, 'marker': {'symbol': 'url(https://tmssl.akamaized.net/images/wappen/verysmall/788.png?lm=1420204769)'}}]}]	-	-	529'	
Nemanja Mladenovic	Немања Младеновић	Mar 3, 1993	Valjevo	29	1,79 m	Serbia	attack - Right Winger	left	Vojislav Gligorijevic	FK Napredak Krusevac	Jan 17, 2022	May 31, 2023				0.0	35	34	1.47	4	5	13	20	4	-	-			2.001'	[{'type': 'line', 'name': 'Market value', 'data': [{'y': 400000, 'verein': 'FK Metalac Gornji Milanovac', 'age': '22', 'mw': '€400Th.', 'datum_mw': 'Nov 23, 2015', 'x': 1448233200000, 'marker': {'symbol': 'url(https://tmssl.akamaized.net/images/wappen/verysmall/12135.png?lm=1468946587)'}}, {'y': 450000, 'verein': 'FK Metalac Gornji Milanovac', 'age': '23', 'mw': '€450Th.', 'datum_mw': 'May 29, 2016', 'x': 1464472800000, 'marker': {'symbol': 'url(https://tmssl.akamaized.net/images/wappen/verysmall/12135.png?lm=1468946587)'}}, {'y': 400000, 'verein': 'FK Metalac Gornji Milanovac', 'age': '23', 'mw': '€400Th.', 'datum_mw': 'Dec 18, 2016', 'x': 1482015600000, 'marker': {'symbol': 'url(https://tmssl.akamaized.net/images/wappen/verysmall/12135.png?lm=1468946587)'}}, {'y': 400000, 'verein': 'FK Zemun', 'age': '24', 'mw': '€400Th.', 'datum_mw': 'Dec 30, 2017', 'x': 1514588400000, 'marker': {'symbol': 'url(https://tmssl.akamaized.net/images/wappen/verysmall/3521.png?lm=1586917391)'}}, {'y': 300000, 'verein': 'AE Larisa', 'age': '25', 'mw': '€300Th.', 'datum_mw': 'May 22, 2018', 'x': 1526940000000, 'marker': {'symbol': 'url(https://tmssl.akamaized.net/images/wappen/verysmall/4603.png?lm=1515835773)'}}, {'y': 300000, 'verein': 'FK Spartak Subotica', 'age': '25', 'mw': '€300Th.', 'datum_mw': 'Jan 14, 2019', 'x': 1547420400000, 'marker': {'symbol': 'url(https://tmssl.akamaized.net/images/wappen/verysmall/15276.png?lm=1420204934)'}}, {'y': 300000, 'verein': 'FK Spartak Subotica', 'age': '26', 'mw': '€300Th.', 'datum_mw': 'Jun 9, 2019', 'x': 1560031200000, 'marker': {'symbol': 'url(https://tmssl.akamaized.net/images/wappen/verysmall/15276.png?lm=1420204934)'}}, {'y': 300000, 'verein': 'FK Spartak Subotica', 'age': '26', 'mw': '€300Th.', 'datum_mw': 'Oct 28, 2019', 'x': 1572217200000, 'marker': {'symbol': 'url(https://tmssl.akamaized.net/images/wappen/verysmall/15276.png?lm=1420204934)'}}, {'y': 250000, 'verein': 'FK Javor-Matis Ivanjica', 'age': '27', 'mw': '€250Th.', 'datum_mw': 'Jun 28, 2020', 'x': 1593295200000, 'marker': {'symbol': 'url(https://tmssl.akamaized.net/images/wappen/verysmall/8819.png?lm=1420205090)'}}, {'y': 300000, 'verein': 'FK Javor-Matis Ivanjica', 'age': '27', 'mw': '€300Th.', 'datum_mw': 'Dec 22, 2020', 'x': 1608591600000, 'marker': {'symbol': 'url(https://tmssl.akamaized.net/images/wappen/verysmall/8819.png?lm=1420205090)'}}, {'y': 200000, 'verein': 'FK Rad', 'age': '28', 'mw': '€200Th.', 'datum_mw': 'Jun 12, 2021', 'x': 1623448800000, 'marker': {'symbol': 'url(https://tmssl.akamaized.net/images/wappen/verysmall/902.png?lm=1445329513)'}}, {'y': 250000, 'verein': 'FK Novi Pazar', 'age': '28', 'mw': '€250Th.', 'datum_mw': 'Dec 25, 2021', 'x': 1640386800000, 'marker': {'symbol': 'url(https://tmssl.akamaized.net/images/wappen/verysmall/4633.png?lm=1411382255)'}}]}]	-	-	500'	
Marko Bacanin	Марко Бачанин	Jul 9, 1998	Smederevo	23	1,87 m	Serbia	attack - Centre-Forward	right	Seven Stars	FK Napredak Krusevac	Jan 14, 2021	May 31, 2022				0.0	19	15	1.67	8	-	11	1	1	-	-			616'	[{'type': 'line', 'name': 'Market value', 'data': [{'y': 25000, 'verein': 'NK Tabor Sezana', 'age': '19', 'mw': '€25Th.', 'datum_mw': 'Mar 9, 2018', 'x': 1520550000000, 'marker': {'symbol': 'url(https://tmssl.akamaized.net/images/wappen/verysmall/20656.png?lm=1579700592)'}}, {'y': 100000, 'verein': 'NK Tabor Sezana', 'age': '20', 'mw': '€100Th.', 'datum_mw': 'Sep 17, 2018', 'x': 1537135200000, 'marker': {'symbol': 'url(https://tmssl.akamaized.net/images/wappen/verysmall/20656.png?lm=1579700592)'}}, {'y': 100000, 'verein': 'FK Javor-Matis Ivanjica', 'age': '20', 'mw': '€100Th.', 'datum_mw': 'Jun 17, 2019', 'x': 1560722400000, 'marker': {'symbol': 'url(https://tmssl.akamaized.net/images/wappen/verysmall/8819.png?lm=1420205090)'}}, {'y': 300000, 'verein': 'FK Napredak Krusevac', 'age': '22', 'mw': '€300Th.', 'datum_mw': 'Jun 12, 2021', 'x': 1623448800000, 'marker': {'symbol': 'url(https://tmssl.akamaized.net/images/wappen/verysmall/788.png?lm=1420204769)'}}, {'y': 350000, 'verein': 'FK Napredak Krusevac', 'age': '23', 'mw': '€350Th.', 'datum_mw': 'Dec 25, 2021', 'x': 1640386800000, 'marker': {'symbol': 'url(https://tmssl.akamaized.net/images/wappen/verysmall/788.png?lm=1420204769)'}}]}]	-	-	77'	
Alen Melunovic	Alen Melunović	Jan 26, 1990	Prijepolje	32	1,92 m	Serbia	attack - Centre-Forward	right	RB SPORTS AGENCY	FK Napredak Krusevac	Feb 11, 2022	-				0.0	23	23	1.74	14	1	3	4	1	-	-			1.806'	[{'type': 'line', 'name': 'Market value', 'data': [{'y': 75000, 'verein': 'FK Teplice', 'age': '19', 'mw': '€75Th.', 'datum_mw': 'May 4, 2009', 'x': 1241388000000, 'marker': {'symbol': 'url(https://tmssl.akamaized.net/images/wappen/verysmall/814.png?lm=1419784933)'}}, {'y': 50000, 'verein': 'FK Teplice', 'age': '20', 'mw': '€50Th.', 'datum_mw': 'Oct 20, 2010', 'x': 1287525600000, 'marker': {'symbol': 'url(https://tmssl.akamaized.net/images/wappen/verysmall/814.png?lm=1419784933)'}}, {'y': 150000, 'verein': 'FK Teplice', 'age': '21', 'mw': '€150Th.', 'datum_mw': 'Aug 12, 2011', 'x': 1313100000000, 'marker': {'symbol': 'url(https://tmssl.akamaized.net/images/wappen/verysmall/814.png?lm=1419784933)'}}, {'y': 200000, 'verein': 'FK Varnsdorf', 'age': '21', 'mw': '€200Th.', 'datum_mw': 'Jan 6, 2012', 'x': 1325804400000, 'marker': {'symbol': 'url(https://tmssl.akamaized.net/images/wappen/verysmall/8541.png?lm=1419786094)'}}, {'y': 200000, 'verein': 'FK Teplice', 'age': '22', 'mw': '€200Th.', 'datum_mw': 'Oct 25, 2012', 'x': 1351116000000, 'marker': {'symbol': 'url(https://tmssl.akamaized.net/images/wappen/verysmall/814.png?lm=1419784933)'}}, {'y': 225000, 'verein': 'FK Sarajevo', 'age': '23', 'mw': '€225Th.', 'datum_mw': 'Apr 29, 2013', 'x': 1367186400000, 'marker': {'symbol': 'url(https://tmssl.akamaized.net/images/wappen/verysmall/282_1401037722.png?lm=1401037719)'}}, {'y': 200000, 'verein': 'Widzew Lodz', 'age': '24', 'mw': '€200Th.', 'datum_mw': 'Feb 14, 2014', 'x': 1392332400000, 'marker': {'symbol': 'url(https://tmssl.akamaized.net/images/wappen/verysmall/88.png?lm=1427654746)'}}, {'y': 200000, 'verein': 'FK Usti nad Labem', 'age': '24', 'mw': '€200Th.', 'datum_mw': 'Jan 17, 2015', 'x': 1421449200000, 'marker': {'symbol': 'url(https://tmssl.akamaized.net/images/wappen/verysmall/6377.png?lm=1483879439)'}}, {'y': 125000, 'verein': 'ZP Sport Podbrezova', 'age': '25', 'mw': '€125Th.', 'datum_mw': 'Dec 14, 2015', 'x': 1450047600000, 'marker': {'symbol': 'url(https://tmssl.akamaized.net/images/wappen/verysmall/20063_1497717622.png?lm=1497717659)'}}, {'y': 125000, 'verein': 'Rudar Pljevlja', 'age': '26', 'mw': '€125Th.', 'datum_mw': 'Aug 26, 2016', 'x': 1472162400000, 'marker': {'symbol': 'url(https://tmssl.akamaized.net/images/wappen/verysmall/5972.png?lm=1416406629)'}}, {'y': 125000, 'verein': 'Rudar Pljevlja', 'age': '27', 'mw': '€125Th.', 'datum_mw': 'Mar 31, 2017', 'x': 1490911200000, 'marker': {'symbol': 'url(https://tmssl.akamaized.net/images/wappen/verysmall/5972.png?lm=1416406629)'}}, {'y': 125000, 'verein': 'Buducnost Podgorica', 'age': '27', 'mw': '€125Th.', 'datum_mw': 'Sep 17, 2017', 'x': 1505599200000, 'marker': {'symbol': 'url(https://tmssl.akamaized.net/images/wappen/verysmall/4391.png?lm=1416406905)'}}, {'y': 150000, 'verein': 'Shijiazhuang Ever Bright', 'age': '28', 'mw': '€150Th.', 'datum_mw': 'Mar 12, 2018', 'x': 1520809200000, 'marker': {'symbol': 'url(https://tmssl.akamaized.net/images/wappen/verysmall/35272_1618560767.png?lm=1618560767)'}}, {'y': 650000, 'verein': 'Shijiazhuang Ever Bright', 'age': '28', 'mw': '€650Th.', 'datum_mw': 'Jun 4, 2018', 'x': 1528063200000, 'marker': {'symbol': 'url(https://tmssl.akamaized.net/images/wappen/verysmall/35272_1618560767.png?lm=1618560767)'}}, {'y': 600000, 'verein': 'Shijiazhuang Ever Bright', 'age': '28', 'mw': '€600Th.', 'datum_mw': 'Dec 2, 2018', 'x': 1543705200000, 'marker': {'symbol': 'url(https://tmssl.akamaized.net/images/wappen/verysmall/35272_1618560767.png?lm=1618560767)'}}, {'y': 650000, 'verein': 'Guangdong Southern Tigers', 'age': '29', 'mw': '€650Th.', 'datum_mw': 'Sep 5, 2019', 'x': 1567634400000, 'marker': {'symbol': 'url(https://tmssl.akamaized.net/images/wappen/verysmall/38865.png?lm=1552050856)'}}, {'y': 400000, 'verein': 'Guangdong Southern Tigers', 'age': '29', 'mw': '€400Th.', 'datum_mw': 'Dec 27, 2019', 'x': 1577401200000, 'marker': {'symbol': 'url(https://tmssl.akamaized.net/images/wappen/verysmall/38865.png?lm=1552050856)'}}, {'y': 325000, 'verein': 'Without Club', 'age': '30', 'mw': '€325Th.', 'datum_mw': 'Apr 8, 2020', 'x': 1586296800000, 'marker': {'symbol': 'url(https://tmssl.akamaized.net/images/wappen/verysmall/515.png?lm=1456997255)'}}, {'y': 300000, 'verein': 'FK Napredak Krusevac', 'age': '30', 'mw': '€300Th.', 'datum_mw': 'Dec 22, 2020', 'x': 1608591600000, 'marker': {'symbol': 'url(https://tmssl.akamaized.net/images/wappen/verysmall/788.png?lm=1420204769)'}}, {'y': 400000, 'verein': 'FK Napredak Krusevac', 'age': '31', 'mw': '€400Th.', 'datum_mw': 'Jun 12, 2021', 'x': 1623448800000, 'marker': {'symbol': 'url(https://tmssl.akamaized.net/images/wappen/verysmall/788.png?lm=1420204769)'}}, {'y': 300000, 'verein': 'Samsunspor', 'age': '31', 'mw': '€300Th.', 'datum_mw': 'Jan 17, 2022', 'x': 1642374000000, 'marker': {'symbol': 'url(https://tmssl.akamaized.net/images/wappen/verysmall/152.png?lm=1601939192)'}}, {'y': 300000, 'verein': 'Samsunspor', 'age': '31', 'mw': '€300Th.', 'datum_mw': 'Jan 17, 2022', 'x': 1642374000000, 'marker': {'symbol': 'url(https://tmssl.akamaized.net/images/wappen/verysmall/152.png?lm=1601939192)'}}]}]	-	3	129'	
Petar Kunic	Petar Kunić	Jul 15, 1993	Drvar	28	1,89 m	Bosnia-Herzegovina	attack - Centre-Forward	right	Rabona Sports&More	FK Napredak Krusevac	Aug 20, 2021	May 31, 2022				0.0	33	22	1.50	3	-	13	8	2	-	-			866'	[{'type': 'line', 'name': 'Market value', 'data': [{'y': 50000, 'verein': 'FK Borac Banja Luka', 'age': '16', 'mw': '€50Th.', 'datum_mw': 'Mar 5, 2010', 'x': 1267743600000, 'marker': {'symbol': 'url(https://tmssl.akamaized.net/images/wappen/verysmall/3900.png?lm=1436045265)'}}, {'y': 75000, 'verein': 'FK Borac Banja Luka', 'age': '17', 'mw': '€75Th.', 'datum_mw': 'Oct 5, 2010', 'x': 1286229600000, 'marker': {'symbol': 'url(https://tmssl.akamaized.net/images/wappen/verysmall/3900.png?lm=1436045265)'}}, {'y': 75000, 'verein': 'FK Borac Banja Luka', 'age': '18', 'mw': '€75Th.', 'datum_mw': 'Sep 5, 2011', 'x': 1315173600000, 'marker': {'symbol': 'url(https://tmssl.akamaized.net/images/wappen/verysmall/3900.png?lm=1436045265)'}}, {'y': 75000, 'verein': 'FK Borac Banja Luka', 'age': '18', 'mw': '€75Th.', 'datum_mw': 'Mar 12, 2012', 'x': 1331506800000, 'marker': {'symbol': 'url(https://tmssl.akamaized.net/images/wappen/verysmall/3900.png?lm=1436045265)'}}, {'y': 150000, 'verein': 'FK Borac Banja Luka', 'age': '19', 'mw': '€150Th.', 'datum_mw': 'Oct 19, 2012', 'x': 1350597600000, 'marker': {'symbol': 'url(https://tmssl.akamaized.net/images/wappen/verysmall/3900.png?lm=1436045265)'}}, {'y': 150000, 'verein': 'FK Radnik Bijeljina', 'age': '21', 'mw': '€150Th.', 'datum_mw': 'Feb 2, 2015', 'x': 1422831600000, 'marker': {'symbol': 'url(https://tmssl.akamaized.net/images/wappen/verysmall/11040.png?lm=1435179870)'}}, {'y': 200000, 'verein': 'FK Rudar Prijedor', 'age': '22', 'mw': '€200Th.', 'datum_mw': 'Jan 7, 2016', 'x': 1452121200000, 'marker': {'symbol': 'url(https://tmssl.akamaized.net/images/wappen/verysmall/24197.png?lm=1626197341)'}}, {'y': 150000, 'verein': 'FK Rudar Prijedor', 'age': '22', 'mw': '€150Th.', 'datum_mw': 'Jul 1, 2016', 'x': 1467324000000, 'marker': {'symbol': 'url(https://tmssl.akamaized.net/images/wappen/verysmall/24197.png?lm=1626197341)'}}, {'y': 125000, 'verein': 'FK Novi Pazar', 'age': '23', 'mw': '€125Th.', 'datum_mw': 'Dec 18, 2016', 'x': 1482015600000, 'marker': {'symbol': 'url(https://tmssl.akamaized.net/images/wappen/verysmall/4633.png?lm=1411382255)'}}, {'y': 200000, 'verein': 'FK Borac Banja Luka', 'age': '24', 'mw': '€200Th.', 'datum_mw': 'Jul 20, 2017', 'x': 1500501600000, 'marker': {'symbol': 'url(https://tmssl.akamaized.net/images/wappen/verysmall/3900.png?lm=1436045265)'}}, {'y': 300000, 'verein': 'FK Borac Banja Luka', 'age': '24', 'mw': '€300Th.', 'datum_mw': 'Feb 15, 2018', 'x': 1518649200000, 'marker': {'symbol': 'url(https://tmssl.akamaized.net/images/wappen/verysmall/3900.png?lm=1436045265)'}}, {'y': 350000, 'verein': 'AE Larisa', 'age': '25', 'mw': '€350Th.', 'datum_mw': 'Dec 7, 2018', 'x': 1544137200000, 'marker': {'symbol': 'url(https://tmssl.akamaized.net/images/wappen/verysmall/4603.png?lm=1515835773)'}}, {'y': 350000, 'verein': 'AE Larisa', 'age': '25', 'mw': '€350Th.', 'datum_mw': 'May 21, 2019', 'x': 1558389600000, 'marker': {'symbol': 'url(https://tmssl.akamaized.net/images/wappen/verysmall/4603.png?lm=1515835773)'}}, {'y': 300000, 'verein': 'HSK Zrinjski Mostar', 'age': '26', 'mw': '€300Th.', 'datum_mw': 'Jan 7, 2020', 'x': 1578351600000, 'marker': {'symbol': 'url(https://tmssl.akamaized.net/images/wappen/verysmall/6808.png?lm=1474921934)'}}, {'y': 250000, 'verein': 'HSK Zrinjski Mostar', 'age': '26', 'mw': '€250Th.', 'datum_mw': 'Jun 26, 2020', 'x': 1593122400000, 'marker': {'symbol': 'url(https://tmssl.akamaized.net/images/wappen/verysmall/6808.png?lm=1474921934)'}}, {'y': 200000, 'verein': 'HSK Zrinjski Mostar', 'age': '27', 'mw': '€200Th.', 'datum_mw': 'Dec 16, 2020', 'x': 1608073200000, 'marker': {'symbol': 'url(https://tmssl.akamaized.net/images/wappen/verysmall/6808.png?lm=1474921934)'}}, {'y': 150000, 'verein': 'FK Atyrau', 'age': '27', 'mw': '€150Th.', 'datum_mw': 'Jun 11, 2021', 'x': 1623362400000, 'marker': {'symbol': 'url(https://tmssl.akamaized.net/images/wappen/verysmall/16198.png?lm=1651828897)'}}, {'y': 250000, 'verein': 'FK Napredak Krusevac', 'age': '28', 'mw': '€250Th.', 'datum_mw': 'Dec 25, 2021', 'x': 1640386800000, 'marker': {'symbol': 'url(https://tmssl.akamaized.net/images/wappen/verysmall/788.png?lm=1420204769)'}}]}]	-	1	289'	
Milos Dzugurdic	Miloš Džugurdić	Dec 2, 1992	Krusevac	29	1,79 m	Serbia	attack - Centre-Forward	both	no agent	FK Napredak Krusevac	Jan 21, 2022	Jun 30, 2022				0.0	7	3	1.33	-	-	3	-	-	-	-			56'	[{'type': 'line', 'name': 'Market value', 'data': [{'y': 250000, 'verein': 'FK Spartak Subotica', 'age': '20', 'mw': '€250Th.', 'datum_mw': 'Oct 8, 2013', 'x': 1381183200000, 'marker': {'symbol': 'url(https://tmssl.akamaized.net/images/wappen/verysmall/15276.png?lm=1420204934)'}}, {'y': 250000, 'verein': 'FK Vozdovac', 'age': '21', 'mw': '€250Th.', 'datum_mw': 'Nov 11, 2014', 'x': 1415660400000, 'marker': {'symbol': 'url(https://tmssl.akamaized.net/images/wappen/verysmall/4634.png?lm=1468429229)'}}, {'y': 300000, 'verein': 'FK Vozdovac', 'age': '22', 'mw': '€300Th.', 'datum_mw': 'Jun 15, 2015', 'x': 1434319200000, 'marker': {'symbol': 'url(https://tmssl.akamaized.net/images/wappen/verysmall/4634.png?lm=1468429229)'}}, {'y': 250000, 'verein': 'FK Mladost Lucani', 'age': '22', 'mw': '€250Th.', 'datum_mw': 'Nov 23, 2015', 'x': 1448233200000, 'marker': {'symbol': 'url(https://tmssl.akamaized.net/images/wappen/verysmall/6622.png?lm=1410710765)'}}, {'y': 150000, 'verein': 'FK Olimpik Sarajevo ', 'age': '24', 'mw': '€150Th.', 'datum_mw': 'Feb 23, 2017', 'x': 1487804400000, 'marker': {'symbol': 'url(https://tmssl.akamaized.net/images/wappen/verysmall/11215_1499460706.png?lm=1499460706)'}}, {'y': 100000, 'verein': 'FK Skopje', 'age': '25', 'mw': '€100Th.', 'datum_mw': 'Dec 14, 2017', 'x': 1513206000000, 'marker': {'symbol': 'url(https://tmssl.akamaized.net/images/wappen/verysmall/21774.png?lm=1457618835)'}}, {'y': 100000, 'verein': 'OFK Grbalj', 'age': '25', 'mw': '€100Th.', 'datum_mw': 'Oct 1, 2018', 'x': 1538344800000, 'marker': {'symbol': 'url(https://tmssl.akamaized.net/images/wappen/verysmall/11099.png?lm=1416407039)'}}, {'y': 125000, 'verein': 'OFK Grbalj', 'age': '26', 'mw': '€125Th.', 'datum_mw': 'Apr 5, 2019', 'x': 1554415200000, 'marker': {'symbol': 'url(https://tmssl.akamaized.net/images/wappen/verysmall/11099.png?lm=1416407039)'}}, {'y': 50000, 'verein': 'Graficar Belgrad', 'age': '27', 'mw': '€50Th.', 'datum_mw': 'Dec 10, 2019', 'x': 1575932400000, 'marker': {'symbol': 'url(https://tmssl.akamaized.net/images/wappen/verysmall/4655.png?lm=1548960147)'}}, {'y': 25000, 'verein': 'Graficar Belgrad', 'age': '27', 'mw': '€25Th.', 'datum_mw': 'Jun 21, 2020', 'x': 1592690400000, 'marker': {'symbol': 'url(https://tmssl.akamaized.net/images/wappen/verysmall/4655.png?lm=1548960147)'}}, {'y': 25000, 'verein': 'GFK Jagodina', 'age': '28', 'mw': '€25Th.', 'datum_mw': 'Dec 8, 2020', 'x': 1607382000000, 'marker': {'symbol': 'url(https://tmssl.akamaized.net/images/wappen/verysmall/12132.png?lm=1420204543)'}}]}]	-	-	-	
