Name	Date of birth	Place of birth	Age	Height	Citizenship	Position	Foot	Player agent	Current club	Joined	Contract expires	Date of last contract extension	Social-Media	CL Appearances	Squad	Appearances	PPG	Goals	Assists	Sub on	Sub off	Yellow cards	Seccond Yellow Cards	Red cards	Goals conceded	Clean sheets	Minutes played	Market Values	Own goals	Penalty goals	Minutes per goal	Name in home country	Outfitter	Contract option
Craig Gordon	Dec 31, 1982	Edinburgh	39	1,93 m	Scotland	Goalkeeper	left	World in Motion	Heart of Midlothian FC	Jul 1, 2020	May 31, 2024	Dec 31, 2021		0	30	29	2.17	-	-	-	-	2	-	-	22	15	2.640'	[{'type': 'line', 'name': 'Market value', 'data': [{'y': 750000, 'verein': 'Heart of Midlothian FC', 'age': '21', 'mw': '€750Th.', 'datum_mw': 'Oct 4, 2004', 'x': 1096840800000, 'marker': {'symbol': 'url(https://tmssl.akamaized.net/images/wappen/verysmall/43.png?lm=1522182618)'}}, {'y': 1500000, 'verein': 'Heart of Midlothian FC', 'age': '22', 'mw': '€1.50m', 'datum_mw': 'Dec 9, 2005', 'x': 1134082800000, 'marker': {'symbol': 'url(https://tmssl.akamaized.net/images/wappen/verysmall/43.png?lm=1522182618)'}}, {'y': 1750000, 'verein': 'Heart of Midlothian FC', 'age': '22', 'mw': '€1.75m', 'datum_mw': 'Dec 19, 2005', 'x': 1134946800000, 'marker': {'symbol': 'url(https://tmssl.akamaized.net/images/wappen/verysmall/43.png?lm=1522182618)'}}, {'y': 6000000, 'verein': 'Sunderland AFC', 'age': '24', 'mw': '€6.00m', 'datum_mw': 'Aug 7, 2007', 'x': 1186437600000, 'marker': {'symbol': 'url(https://tmssl.akamaized.net/images/wappen/verysmall/289.png?lm=1485645633)'}}, {'y': 10000000, 'verein': 'Sunderland AFC', 'age': '24', 'mw': '€10.00m', 'datum_mw': 'Sep 1, 2007', 'x': 1188597600000, 'marker': {'symbol': 'url(https://tmssl.akamaized.net/images/wappen/verysmall/289.png?lm=1485645633)'}}, {'y': 7250000, 'verein': 'Sunderland AFC', 'age': '25', 'mw': '€7.25m', 'datum_mw': 'Jan 21, 2008', 'x': 1200870000000, 'marker': {'symbol': 'url(https://tmssl.akamaized.net/images/wappen/verysmall/289.png?lm=1485645633)'}}, {'y': 7000000, 'verein': 'Sunderland AFC', 'age': '25', 'mw': '€7.00m', 'datum_mw': 'Jul 4, 2008', 'x': 1215122400000, 'marker': {'symbol': 'url(https://tmssl.akamaized.net/images/wappen/verysmall/289.png?lm=1485645633)'}}, {'y': 6500000, 'verein': 'Sunderland AFC', 'age': '26', 'mw': '€6.50m', 'datum_mw': 'Feb 23, 2009', 'x': 1235343600000, 'marker': {'symbol': 'url(https://tmssl.akamaized.net/images/wappen/verysmall/289.png?lm=1485645633)'}}, {'y': 5500000, 'verein': 'Sunderland AFC', 'age': '26', 'mw': '€5.50m', 'datum_mw': 'Jun 25, 2009', 'x': 1245880800000, 'marker': {'symbol': 'url(https://tmssl.akamaized.net/images/wappen/verysmall/289.png?lm=1485645633)'}}, {'y': 5500000, 'verein': 'Sunderland AFC', 'age': '27', 'mw': '€5.50m', 'datum_mw': 'Jan 24, 2010', 'x': 1264287600000, 'marker': {'symbol': 'url(https://tmssl.akamaized.net/images/wappen/verysmall/289.png?lm=1485645633)'}}, {'y': 5500000, 'verein': 'Sunderland AFC', 'age': '27', 'mw': '€5.50m', 'datum_mw': 'Aug 13, 2010', 'x': 1281650400000, 'marker': {'symbol': 'url(https://tmssl.akamaized.net/images/wappen/verysmall/289.png?lm=1485645633)'}}, {'y': 6500000, 'verein': 'Sunderland AFC', 'age': '28', 'mw': '€6.50m', 'datum_mw': 'Feb 1, 2011', 'x': 1296514800000, 'marker': {'symbol': 'url(https://tmssl.akamaized.net/images/wappen/verysmall/289.png?lm=1485645633)'}}, {'y': 6500000, 'verein': 'Sunderland AFC', 'age': '28', 'mw': '€6.50m', 'datum_mw': 'Aug 8, 2011', 'x': 1312754400000, 'marker': {'symbol': 'url(https://tmssl.akamaized.net/images/wappen/verysmall/289.png?lm=1485645633)'}}, {'y': 5000000, 'verein': 'Sunderland AFC', 'age': '29', 'mw': '€5.00m', 'datum_mw': 'Feb 6, 2012', 'x': 1328482800000, 'marker': {'symbol': 'url(https://tmssl.akamaized.net/images/wappen/verysmall/289.png?lm=1485645633)'}}, {'y': 3000000, 'verein': 'Sunderland AFC', 'age': '29', 'mw': '€3.00m', 'datum_mw': 'Jun 24, 2012', 'x': 1340488800000, 'marker': {'symbol': 'url(https://tmssl.akamaized.net/images/wappen/verysmall/289.png?lm=1485645633)'}}, {'y': 1750000, 'verein': 'Career break', 'age': '29', 'mw': '€1.75m', 'datum_mw': 'Sep 2, 2012', 'x': 1346536800000, 'marker': {'symbol': 'url(https://tmssl.akamaized.net/images/wappen/verysmall/2113.png?lm=1402293063)'}}, {'y': 1000000, 'verein': 'Career break', 'age': '29', 'mw': '€1.00m', 'datum_mw': 'Nov 11, 2012', 'x': 1352588400000, 'marker': {'symbol': 'url(https://tmssl.akamaized.net/images/wappen/verysmall/2113.png?lm=1402293063)'}}, {'y': 500000, 'verein': 'Career break', 'age': '30', 'mw': '€500Th.', 'datum_mw': 'Mar 31, 2013', 'x': 1364684400000, 'marker': {'symbol': 'url(https://tmssl.akamaized.net/images/wappen/verysmall/2113.png?lm=1402293063)'}}, {'y': 0, 'verein': 'Career break', 'age': '30', 'mw': '-', 'datum_mw': 'Jul 19, 2013', 'x': 1374184800000, 'marker': {'symbol': 'url(https://tmssl.akamaized.net/images/wappen/verysmall/2113.png?lm=1402293063)'}}, {'y': 1000000, 'verein': 'Celtic FC', 'age': '31', 'mw': '€1.00m', 'datum_mw': 'Oct 7, 2014', 'x': 1412632800000, 'marker': {'symbol': 'url(https://tmssl.akamaized.net/images/wappen/verysmall/371.png?lm=1403615766)'}}, {'y': 1500000, 'verein': 'Celtic FC', 'age': '32', 'mw': '€1.50m', 'datum_mw': 'Nov 30, 2015', 'x': 1448838000000, 'marker': {'symbol': 'url(https://tmssl.akamaized.net/images/wappen/verysmall/371.png?lm=1403615766)'}}, {'y': 2500000, 'verein': 'Celtic FC', 'age': '34', 'mw': '€2.50m', 'datum_mw': 'Feb 14, 2017', 'x': 1487026800000, 'marker': {'symbol': 'url(https://tmssl.akamaized.net/images/wappen/verysmall/371.png?lm=1403615766)'}}, {'y': 2500000, 'verein': 'Celtic FC', 'age': '35', 'mw': '€2.50m', 'datum_mw': 'Mar 4, 2018', 'x': 1520118000000, 'marker': {'symbol': 'url(https://tmssl.akamaized.net/images/wappen/verysmall/371.png?lm=1403615766)'}}, {'y': 2000000, 'verein': 'Celtic FC', 'age': '35', 'mw': '€2.00m', 'datum_mw': 'Aug 8, 2018', 'x': 1533679200000, 'marker': {'symbol': 'url(https://tmssl.akamaized.net/images/wappen/verysmall/371.png?lm=1403615766)'}}, {'y': 2000000, 'verein': 'Celtic FC', 'age': '36', 'mw': '€2.00m', 'datum_mw': 'Jan 3, 2019', 'x': 1546470000000, 'marker': {'symbol': 'url(https://tmssl.akamaized.net/images/wappen/verysmall/371.png?lm=1403615766)'}}, {'y': 1500000, 'verein': 'Celtic FC', 'age': '36', 'mw': '€1.50m', 'datum_mw': 'Aug 20, 2019', 'x': 1566252000000, 'marker': {'symbol': 'url(https://tmssl.akamaized.net/images/wappen/verysmall/371.png?lm=1403615766)'}}, {'y': 1000000, 'verein': 'Celtic FC', 'age': '37', 'mw': '€1.00m', 'datum_mw': 'Feb 5, 2020', 'x': 1580857200000, 'marker': {'symbol': 'url(https://tmssl.akamaized.net/images/wappen/verysmall/371.png?lm=1403615766)'}}, {'y': 800000, 'verein': 'Celtic FC', 'age': '37', 'mw': '€800Th.', 'datum_mw': 'Apr 8, 2020', 'x': 1586296800000, 'marker': {'symbol': 'url(https://tmssl.akamaized.net/images/wappen/verysmall/371.png?lm=1403615766)'}}, {'y': 650000, 'verein': 'Heart of Midlothian FC', 'age': '37', 'mw': '€650Th.', 'datum_mw': 'Jul 21, 2020', 'x': 1595282400000, 'marker': {'symbol': 'url(https://tmssl.akamaized.net/images/wappen/verysmall/43.png?lm=1522182618)'}}, {'y': 500000, 'verein': 'Heart of Midlothian FC', 'age': '38', 'mw': '€500Th.', 'datum_mw': 'Jan 18, 2021', 'x': 1610924400000, 'marker': {'symbol': 'url(https://tmssl.akamaized.net/images/wappen/verysmall/43.png?lm=1522182618)'}}, {'y': 450000, 'verein': 'Heart of Midlothian FC', 'age': '38', 'mw': '€450Th.', 'datum_mw': 'May 28, 2021', 'x': 1622152800000, 'marker': {'symbol': 'url(https://tmssl.akamaized.net/images/wappen/verysmall/43.png?lm=1522182618)'}}, {'y': 450000, 'verein': 'Heart of Midlothian FC', 'age': '39', 'mw': '€450Th.', 'datum_mw': 'Dec 31, 2021', 'x': 1640905200000, 'marker': {'symbol': 'url(https://tmssl.akamaized.net/images/wappen/verysmall/43.png?lm=1522182618)'}}]}]						
Ross Stewart	Apr 16, 1995	Glasgow	27	1,91 m	Scotland	Goalkeeper	right		Heart of Midlothian FC	Jul 1, 2021	May 31, 2023			0	32	4	1.50	-	-	-	-	-	-	-	8	-	360'	[{'type': 'line', 'name': 'Market value', 'data': [{'y': 50000, 'verein': 'Motherwell FC', 'age': '18', 'mw': '€50Th.', 'datum_mw': 'Oct 8, 2013', 'x': 1381183200000, 'marker': {'symbol': 'url(https://tmssl.akamaized.net/images/wappen/verysmall/987.png?lm=1632586564)'}}, {'y': 50000, 'verein': 'Motherwell FC', 'age': '19', 'mw': '€50Th.', 'datum_mw': 'Oct 8, 2014', 'x': 1412719200000, 'marker': {'symbol': 'url(https://tmssl.akamaized.net/images/wappen/verysmall/987.png?lm=1632586564)'}}, {'y': 0, 'verein': 'Albion Rovers FC', 'age': '20', 'mw': '-', 'datum_mw': 'Nov 23, 2015', 'x': 1448233200000, 'marker': {'symbol': 'url(https://tmssl.akamaized.net/images/wappen/verysmall/3014.png?lm=1552849133)'}}, {'y': 50000, 'verein': 'St. Mirren FC', 'age': '22', 'mw': '€50Th.', 'datum_mw': 'Jan 25, 2018', 'x': 1516834800000, 'marker': {'symbol': 'url(https://tmssl.akamaized.net/images/wappen/verysmall/465.png?lm=1411207682)'}}, {'y': 75000, 'verein': 'Livingston FC', 'age': '23', 'mw': '€75Th.', 'datum_mw': 'Aug 8, 2018', 'x': 1533679200000, 'marker': {'symbol': 'url(https://tmssl.akamaized.net/images/wappen/verysmall/1241.png?lm=1422899840)'}}, {'y': 75000, 'verein': 'Livingston FC', 'age': '23', 'mw': '€75Th.', 'datum_mw': 'Jan 3, 2019', 'x': 1546470000000, 'marker': {'symbol': 'url(https://tmssl.akamaized.net/images/wappen/verysmall/1241.png?lm=1422899840)'}}, {'y': 100000, 'verein': 'Livingston FC', 'age': '24', 'mw': '€100Th.', 'datum_mw': 'Aug 20, 2019', 'x': 1566252000000, 'marker': {'symbol': 'url(https://tmssl.akamaized.net/images/wappen/verysmall/1241.png?lm=1422899840)'}}, {'y': 200000, 'verein': 'Queen of the South FC', 'age': '24', 'mw': '€200Th.', 'datum_mw': 'Feb 5, 2020', 'x': 1580857200000, 'marker': {'symbol': 'url(https://tmssl.akamaized.net/images/wappen/verysmall/3001.png?lm=1422899758)'}}, {'y': 200000, 'verein': 'Heart of Midlothian FC', 'age': '25', 'mw': '€200Th.', 'datum_mw': 'Jan 18, 2021', 'x': 1610924400000, 'marker': {'symbol': 'url(https://tmssl.akamaized.net/images/wappen/verysmall/43.png?lm=1522182618)'}}, {'y': 200000, 'verein': 'Livingston FC', 'age': '26', 'mw': '€200Th.', 'datum_mw': 'Jun 28, 2021', 'x': 1624831200000, 'marker': {'symbol': 'url(https://tmssl.akamaized.net/images/wappen/verysmall/1241.png?lm=1422899840)'}}, {'y': 200000, 'verein': 'Heart of Midlothian FC', 'age': '26', 'mw': '€200Th.', 'datum_mw': 'Dec 31, 2021', 'x': 1640905200000, 'marker': {'symbol': 'url(https://tmssl.akamaized.net/images/wappen/verysmall/43.png?lm=1522182618)'}}]}]						
John Souttar	Sep 25, 1996	Aberdeen	25	1,86 m	"Scotland
  Australia"	Defender - Centre-Back	right	Consilium Sports Group	Heart of Midlothian FC	Feb 1, 2016	May 31, 2022	Jan 31, 2019		0	6	4	2.50	-	-	-	1	1	-	-			354'	[{'type': 'line', 'name': 'Market value', 'data': [{'y': 200000, 'verein': 'Dundee United FC', 'age': '17', 'mw': '€200Th.', 'datum_mw': 'Oct 8, 2013', 'x': 1381183200000, 'marker': {'symbol': 'url(https://tmssl.akamaized.net/images/wappen/verysmall/1519.png?lm=1554575325)'}}, {'y': 500000, 'verein': 'Dundee United FC', 'age': '17', 'mw': '€500Th.', 'datum_mw': 'Feb 13, 2014', 'x': 1392246000000, 'marker': {'symbol': 'url(https://tmssl.akamaized.net/images/wappen/verysmall/1519.png?lm=1554575325)'}}, {'y': 500000, 'verein': 'Dundee United FC', 'age': '18', 'mw': '€500Th.', 'datum_mw': 'Oct 9, 2014', 'x': 1412805600000, 'marker': {'symbol': 'url(https://tmssl.akamaized.net/images/wappen/verysmall/1519.png?lm=1554575325)'}}, {'y': 500000, 'verein': 'Dundee United FC', 'age': '19', 'mw': '€500Th.', 'datum_mw': 'Dec 7, 2015', 'x': 1449442800000, 'marker': {'symbol': 'url(https://tmssl.akamaized.net/images/wappen/verysmall/1519.png?lm=1554575325)'}}, {'y': 600000, 'verein': 'Heart of Midlothian FC', 'age': '20', 'mw': '€600Th.', 'datum_mw': 'Feb 14, 2017', 'x': 1487026800000, 'marker': {'symbol': 'url(https://tmssl.akamaized.net/images/wappen/verysmall/43.png?lm=1522182618)'}}, {'y': 750000, 'verein': 'Heart of Midlothian FC', 'age': '21', 'mw': '€750Th.', 'datum_mw': 'Mar 4, 2018', 'x': 1520118000000, 'marker': {'symbol': 'url(https://tmssl.akamaized.net/images/wappen/verysmall/43.png?lm=1522182618)'}}, {'y': 850000, 'verein': 'Heart of Midlothian FC', 'age': '21', 'mw': '€850Th.', 'datum_mw': 'Aug 8, 2018', 'x': 1533679200000, 'marker': {'symbol': 'url(https://tmssl.akamaized.net/images/wappen/verysmall/43.png?lm=1522182618)'}}, {'y': 1250000, 'verein': 'Heart of Midlothian FC', 'age': '22', 'mw': '€1.25m', 'datum_mw': 'Jan 3, 2019', 'x': 1546470000000, 'marker': {'symbol': 'url(https://tmssl.akamaized.net/images/wappen/verysmall/43.png?lm=1522182618)'}}, {'y': 1500000, 'verein': 'Heart of Midlothian FC', 'age': '22', 'mw': '€1.50m', 'datum_mw': 'Aug 20, 2019', 'x': 1566252000000, 'marker': {'symbol': 'url(https://tmssl.akamaized.net/images/wappen/verysmall/43.png?lm=1522182618)'}}, {'y': 1500000, 'verein': 'Heart of Midlothian FC', 'age': '23', 'mw': '€1.50m', 'datum_mw': 'Feb 5, 2020', 'x': 1580857200000, 'marker': {'symbol': 'url(https://tmssl.akamaized.net/images/wappen/verysmall/43.png?lm=1522182618)'}}, {'y': 1200000, 'verein': 'Heart of Midlothian FC', 'age': '23', 'mw': '€1.20m', 'datum_mw': 'Apr 8, 2020', 'x': 1586296800000, 'marker': {'symbol': 'url(https://tmssl.akamaized.net/images/wappen/verysmall/43.png?lm=1522182618)'}}, {'y': 1000000, 'verein': 'Heart of Midlothian FC', 'age': '23', 'mw': '€1.00m', 'datum_mw': 'Jul 21, 2020', 'x': 1595282400000, 'marker': {'symbol': 'url(https://tmssl.akamaized.net/images/wappen/verysmall/43.png?lm=1522182618)'}}, {'y': 1000000, 'verein': 'Heart of Midlothian FC', 'age': '24', 'mw': '€1.00m', 'datum_mw': 'Jan 18, 2021', 'x': 1610924400000, 'marker': {'symbol': 'url(https://tmssl.akamaized.net/images/wappen/verysmall/43.png?lm=1522182618)'}}, {'y': 800000, 'verein': 'Heart of Midlothian FC', 'age': '24', 'mw': '€800Th.', 'datum_mw': 'Jun 3, 2021', 'x': 1622671200000, 'marker': {'symbol': 'url(https://tmssl.akamaized.net/images/wappen/verysmall/43.png?lm=1522182618)'}}, {'y': 1000000, 'verein': 'Heart of Midlothian FC', 'age': '25', 'mw': '€1.00m', 'datum_mw': 'Dec 31, 2021', 'x': 1640905200000, 'marker': {'symbol': 'url(https://tmssl.akamaized.net/images/wappen/verysmall/43.png?lm=1522182618)'}}]}]	-	-	-			
Craig Halkett	May 29, 1995	Campsie	27	1,83 m	Scotland	Defender - Centre-Back	right		Heart of Midlothian FC	Jul 1, 2019	May 31, 2024	Jan 11, 2022		0	31	30	2.10	1	1	-	-	3	-	-			2.700'	[{'type': 'line', 'name': 'Market value', 'data': [{'y': 275000, 'verein': 'Livingston FC', 'age': '22', 'mw': '€275Th.', 'datum_mw': 'Jan 25, 2018', 'x': 1516834800000, 'marker': {'symbol': 'url(https://tmssl.akamaized.net/images/wappen/verysmall/1241.png?lm=1422899840)'}}, {'y': 350000, 'verein': 'Livingston FC', 'age': '23', 'mw': '€350Th.', 'datum_mw': 'Aug 8, 2018', 'x': 1533679200000, 'marker': {'symbol': 'url(https://tmssl.akamaized.net/images/wappen/verysmall/1241.png?lm=1422899840)'}}, {'y': 500000, 'verein': 'Livingston FC', 'age': '23', 'mw': '€500Th.', 'datum_mw': 'Jan 3, 2019', 'x': 1546470000000, 'marker': {'symbol': 'url(https://tmssl.akamaized.net/images/wappen/verysmall/1241.png?lm=1422899840)'}}, {'y': 650000, 'verein': 'Heart of Midlothian FC', 'age': '24', 'mw': '€650Th.', 'datum_mw': 'Aug 20, 2019', 'x': 1566252000000, 'marker': {'symbol': 'url(https://tmssl.akamaized.net/images/wappen/verysmall/43.png?lm=1522182618)'}}, {'y': 600000, 'verein': 'Heart of Midlothian FC', 'age': '24', 'mw': '€600Th.', 'datum_mw': 'Feb 5, 2020', 'x': 1580857200000, 'marker': {'symbol': 'url(https://tmssl.akamaized.net/images/wappen/verysmall/43.png?lm=1522182618)'}}, {'y': 475000, 'verein': 'Heart of Midlothian FC', 'age': '24', 'mw': '€475Th.', 'datum_mw': 'Apr 8, 2020', 'x': 1586296800000, 'marker': {'symbol': 'url(https://tmssl.akamaized.net/images/wappen/verysmall/43.png?lm=1522182618)'}}, {'y': 450000, 'verein': 'Heart of Midlothian FC', 'age': '25', 'mw': '€450Th.', 'datum_mw': 'Jul 21, 2020', 'x': 1595282400000, 'marker': {'symbol': 'url(https://tmssl.akamaized.net/images/wappen/verysmall/43.png?lm=1522182618)'}}, {'y': 450000, 'verein': 'Heart of Midlothian FC', 'age': '25', 'mw': '€450Th.', 'datum_mw': 'Jan 18, 2021', 'x': 1610924400000, 'marker': {'symbol': 'url(https://tmssl.akamaized.net/images/wappen/verysmall/43.png?lm=1522182618)'}}, {'y': 500000, 'verein': 'Heart of Midlothian FC', 'age': '26', 'mw': '€500Th.', 'datum_mw': 'Jun 3, 2021', 'x': 1622671200000, 'marker': {'symbol': 'url(https://tmssl.akamaized.net/images/wappen/verysmall/43.png?lm=1522182618)'}}, {'y': 600000, 'verein': 'Heart of Midlothian FC', 'age': '26', 'mw': '€600Th.', 'datum_mw': 'Dec 31, 2021', 'x': 1640905200000, 'marker': {'symbol': 'url(https://tmssl.akamaized.net/images/wappen/verysmall/43.png?lm=1522182618)'}}]}]	-	-	2.700'			
Toby Sibbick	May 23, 1999	London	23	1,89 m	"England
  Uganda"	Defender - Centre-Back	right		Heart of Midlothian FC	Jan 27, 2022	May 31, 2025			0	32	26	1.81	-	-	11	7	3	-	-			1.548'	[{'type': 'line', 'name': 'Market value', 'data': [{'y': 250000, 'verein': 'Barnsley FC', 'age': '20', 'mw': '€250Th.', 'datum_mw': 'Oct 17, 2019', 'x': 1571263200000, 'marker': {'symbol': 'url(https://tmssl.akamaized.net/images/wappen/verysmall/349.png?lm=1574162298)'}}, {'y': 250000, 'verein': 'Heart of Midlothian FC', 'age': '20', 'mw': '€250Th.', 'datum_mw': 'Feb 5, 2020', 'x': 1580857200000, 'marker': {'symbol': 'url(https://tmssl.akamaized.net/images/wappen/verysmall/43.png?lm=1522182618)'}}, {'y': 250000, 'verein': 'KV Oostende', 'age': '21', 'mw': '€250Th.', 'datum_mw': 'Oct 16, 2020', 'x': 1602799200000, 'marker': {'symbol': 'url(https://tmssl.akamaized.net/images/wappen/verysmall/2861_1488995460.png?lm=1488995460)'}}, {'y': 450000, 'verein': 'Barnsley FC', 'age': '21', 'mw': '€450Th.', 'datum_mw': 'Mar 10, 2021', 'x': 1615330800000, 'marker': {'symbol': 'url(https://tmssl.akamaized.net/images/wappen/verysmall/349.png?lm=1574162298)'}}, {'y': 600000, 'verein': 'Barnsley FC', 'age': '22', 'mw': '€600Th.', 'datum_mw': 'Jun 30, 2021', 'x': 1625004000000, 'marker': {'symbol': 'url(https://tmssl.akamaized.net/images/wappen/verysmall/349.png?lm=1574162298)'}}, {'y': 500000, 'verein': 'Barnsley FC', 'age': '22', 'mw': '€500Th.', 'datum_mw': 'Nov 24, 2021', 'x': 1637708400000, 'marker': {'symbol': 'url(https://tmssl.akamaized.net/images/wappen/verysmall/349.png?lm=1574162298)'}}]}]	-	-	-	Toby Peter Sibbick		
Mihai Popescu	May 7, 1993	Câmpulung Muscel	29	1,88 m	Romania	Defender - Centre-Back	right	Dapo Kayode	Heart of Midlothian FC	Sep 17, 2020	May 31, 2022			0	34	23	2.04	1	-	5	-	-	-	-			1.790'	[{'type': 'line', 'name': 'Market value', 'data': [{'y': 25000, 'verein': 'Dunarea Calarasi', 'age': '21', 'mw': '€25Th.', 'datum_mw': 'Jan 23, 2015', 'x': 1421967600000, 'marker': {'symbol': 'url(https://tmssl.akamaized.net/images/wappen/verysmall/37239.png?lm=1494109100)'}}, {'y': 100000, 'verein': 'ACS Berceni', 'age': '22', 'mw': '€100Th.', 'datum_mw': 'Jun 25, 2015', 'x': 1435183200000, 'marker': {'symbol': 'url(https://tmssl.akamaized.net/images/wappen/verysmall/33624.png?lm=1455805344)'}}, {'y': 200000, 'verein': 'Dunarea Calarasi', 'age': '22', 'mw': '€200Th.', 'datum_mw': 'Dec 6, 2015', 'x': 1449356400000, 'marker': {'symbol': 'url(https://tmssl.akamaized.net/images/wappen/verysmall/37239.png?lm=1494109100)'}}, {'y': 200000, 'verein': 'Dunarea Calarasi', 'age': '23', 'mw': '€200Th.', 'datum_mw': 'Jun 1, 2016', 'x': 1464732000000, 'marker': {'symbol': 'url(https://tmssl.akamaized.net/images/wappen/verysmall/37239.png?lm=1494109100)'}}, {'y': 300000, 'verein': 'FC Dinamo 1948', 'age': '23', 'mw': '€300Th.', 'datum_mw': 'Dec 21, 2016', 'x': 1482274800000, 'marker': {'symbol': 'url(https://tmssl.akamaized.net/images/wappen/verysmall/312.png?lm=1409069452)'}}, {'y': 300000, 'verein': 'FC Dinamo 1948', 'age': '24', 'mw': '€300Th.', 'datum_mw': 'Jun 17, 2017', 'x': 1497650400000, 'marker': {'symbol': 'url(https://tmssl.akamaized.net/images/wappen/verysmall/312.png?lm=1409069452)'}}, {'y': 500000, 'verein': 'FC Voluntari', 'age': '24', 'mw': '€500Th.', 'datum_mw': 'Dec 27, 2017', 'x': 1514329200000, 'marker': {'symbol': 'url(https://tmssl.akamaized.net/images/wappen/verysmall/40843_1598035750.png?lm=1598035722)'}}, {'y': 650000, 'verein': 'FC Dinamo 1948', 'age': '25', 'mw': '€650Th.', 'datum_mw': 'Jun 14, 2018', 'x': 1528927200000, 'marker': {'symbol': 'url(https://tmssl.akamaized.net/images/wappen/verysmall/312.png?lm=1409069452)'}}, {'y': 500000, 'verein': 'FC Dinamo 1948', 'age': '25', 'mw': '€500Th.', 'datum_mw': 'Dec 23, 2018', 'x': 1545519600000, 'marker': {'symbol': 'url(https://tmssl.akamaized.net/images/wappen/verysmall/312.png?lm=1409069452)'}}, {'y': 600000, 'verein': 'St. Mirren FC', 'age': '26', 'mw': '€600Th.', 'datum_mw': 'Jun 18, 2019', 'x': 1560808800000, 'marker': {'symbol': 'url(https://tmssl.akamaized.net/images/wappen/verysmall/465.png?lm=1411207682)'}}, {'y': 600000, 'verein': 'FC Dinamo 1948', 'age': '26', 'mw': '€600Th.', 'datum_mw': 'Dec 21, 2019', 'x': 1576882800000, 'marker': {'symbol': 'url(https://tmssl.akamaized.net/images/wappen/verysmall/312.png?lm=1409069452)'}}, {'y': 475000, 'verein': 'FC Dinamo 1948', 'age': '26', 'mw': '€475Th.', 'datum_mw': 'Apr 8, 2020', 'x': 1586296800000, 'marker': {'symbol': 'url(https://tmssl.akamaized.net/images/wappen/verysmall/312.png?lm=1409069452)'}}, {'y': 350000, 'verein': 'FC Dinamo 1948', 'age': '27', 'mw': '€350Th.', 'datum_mw': 'Aug 5, 2020', 'x': 1596578400000, 'marker': {'symbol': 'url(https://tmssl.akamaized.net/images/wappen/verysmall/312.png?lm=1409069452)'}}, {'y': 325000, 'verein': 'Heart of Midlothian FC', 'age': '27', 'mw': '€325Th.', 'datum_mw': 'Jan 18, 2021', 'x': 1610924400000, 'marker': {'symbol': 'url(https://tmssl.akamaized.net/images/wappen/verysmall/43.png?lm=1522182618)'}}, {'y': 350000, 'verein': 'Heart of Midlothian FC', 'age': '28', 'mw': '€350Th.', 'datum_mw': 'Jun 3, 2021', 'x': 1622671200000, 'marker': {'symbol': 'url(https://tmssl.akamaized.net/images/wappen/verysmall/43.png?lm=1522182618)'}}, {'y': 350000, 'verein': 'Hamilton Academical FC', 'age': '28', 'mw': '€350Th.', 'datum_mw': 'Dec 31, 2021', 'x': 1640905200000, 'marker': {'symbol': 'url(https://tmssl.akamaized.net/images/wappen/verysmall/2999.png?lm=1416263000)'}}]}]	-	-	1.790'	Mihai Cristian Popescu		
Stephen Kingsley	Jul 23, 1994	Stirling	27	1,78 m	Scotland	Defender - Left-Back	left	MMH Career Planning	Heart of Midlothian FC	Oct 6, 2020	May 31, 2025	Jan 13, 2022		0	24	24	2.17	4	1	2	2	1	-	-			2.019'	[{'type': 'line', 'name': 'Market value', 'data': [{'y': 25000, 'verein': 'Falkirk FC', 'age': '17', 'mw': '€25Th.', 'datum_mw': 'Aug 15, 2011', 'x': 1313359200000, 'marker': {'symbol': 'url(https://tmssl.akamaized.net/images/wappen/verysmall/1191.png?lm=1422899699)'}}, {'y': 100000, 'verein': 'Falkirk FC', 'age': '17', 'mw': '€100Th.', 'datum_mw': 'Feb 2, 2012', 'x': 1328137200000, 'marker': {'symbol': 'url(https://tmssl.akamaized.net/images/wappen/verysmall/1191.png?lm=1422899699)'}}, {'y': 50000, 'verein': 'Falkirk FC', 'age': '18', 'mw': '€50Th.', 'datum_mw': 'Jul 26, 2012', 'x': 1343253600000, 'marker': {'symbol': 'url(https://tmssl.akamaized.net/images/wappen/verysmall/1191.png?lm=1422899699)'}}, {'y': 125000, 'verein': 'Falkirk FC', 'age': '18', 'mw': '€125Th.', 'datum_mw': 'Sep 21, 2012', 'x': 1348178400000, 'marker': {'symbol': 'url(https://tmssl.akamaized.net/images/wappen/verysmall/1191.png?lm=1422899699)'}}, {'y': 150000, 'verein': 'Falkirk FC', 'age': '18', 'mw': '€150Th.', 'datum_mw': 'Mar 9, 2013', 'x': 1362783600000, 'marker': {'symbol': 'url(https://tmssl.akamaized.net/images/wappen/verysmall/1191.png?lm=1422899699)'}}, {'y': 200000, 'verein': 'Falkirk FC', 'age': '19', 'mw': '€200Th.', 'datum_mw': 'Oct 8, 2013', 'x': 1381183200000, 'marker': {'symbol': 'url(https://tmssl.akamaized.net/images/wappen/verysmall/1191.png?lm=1422899699)'}}, {'y': 500000, 'verein': 'Swansea City', 'age': '20', 'mw': '€500Th.', 'datum_mw': 'Aug 12, 2014', 'x': 1407794400000, 'marker': {'symbol': 'url(https://tmssl.akamaized.net/images/wappen/verysmall/2288.png?lm=1472243738)'}}, {'y': 500000, 'verein': 'Swansea City', 'age': '20', 'mw': '€500Th.', 'datum_mw': 'Jul 1, 2015', 'x': 1435701600000, 'marker': {'symbol': 'url(https://tmssl.akamaized.net/images/wappen/verysmall/2288.png?lm=1472243738)'}}, {'y': 500000, 'verein': 'Swansea City', 'age': '21', 'mw': '€500Th.', 'datum_mw': 'Feb 9, 2016', 'x': 1454972400000, 'marker': {'symbol': 'url(https://tmssl.akamaized.net/images/wappen/verysmall/2288.png?lm=1472243738)'}}, {'y': 500000, 'verein': 'Swansea City', 'age': '22', 'mw': '€500Th.', 'datum_mw': 'Aug 1, 2016', 'x': 1470002400000, 'marker': {'symbol': 'url(https://tmssl.akamaized.net/images/wappen/verysmall/2288.png?lm=1472243738)'}}, {'y': 500000, 'verein': 'Swansea City', 'age': '22', 'mw': '€500Th.', 'datum_mw': 'Feb 20, 2017', 'x': 1487545200000, 'marker': {'symbol': 'url(https://tmssl.akamaized.net/images/wappen/verysmall/2288.png?lm=1472243738)'}}, {'y': 750000, 'verein': 'Swansea City', 'age': '22', 'mw': '€750Th.', 'datum_mw': 'Jun 28, 2017', 'x': 1498600800000, 'marker': {'symbol': 'url(https://tmssl.akamaized.net/images/wappen/verysmall/2288.png?lm=1472243738)'}}, {'y': 2000000, 'verein': 'Hull City', 'age': '23', 'mw': '€2.00m', 'datum_mw': 'Sep 18, 2017', 'x': 1505685600000, 'marker': {'symbol': 'url(https://tmssl.akamaized.net/images/wappen/verysmall/3008_1564298175.png?lm=1564298175)'}}, {'y': 2000000, 'verein': 'Hull City', 'age': '23', 'mw': '€2.00m', 'datum_mw': 'Feb 27, 2018', 'x': 1519686000000, 'marker': {'symbol': 'url(https://tmssl.akamaized.net/images/wappen/verysmall/3008_1564298175.png?lm=1564298175)'}}, {'y': 2000000, 'verein': 'Hull City', 'age': '24', 'mw': '€2.00m', 'datum_mw': 'Sep 24, 2018', 'x': 1537740000000, 'marker': {'symbol': 'url(https://tmssl.akamaized.net/images/wappen/verysmall/3008_1564298175.png?lm=1564298175)'}}, {'y': 2500000, 'verein': 'Hull City', 'age': '24', 'mw': '€2.50m', 'datum_mw': 'Jun 28, 2019', 'x': 1561672800000, 'marker': {'symbol': 'url(https://tmssl.akamaized.net/images/wappen/verysmall/3008_1564298175.png?lm=1564298175)'}}, {'y': 1800000, 'verein': 'Hull City', 'age': '25', 'mw': '€1.80m', 'datum_mw': 'Feb 27, 2020', 'x': 1582758000000, 'marker': {'symbol': 'url(https://tmssl.akamaized.net/images/wappen/verysmall/3008.png?lm=1562662491)'}}, {'y': 1400000, 'verein': 'Hull City', 'age': '25', 'mw': '€1.40m', 'datum_mw': 'Apr 8, 2020', 'x': 1586296800000, 'marker': {'symbol': 'url(https://tmssl.akamaized.net/images/wappen/verysmall/3008.png?lm=1562662491)'}}, {'y': 1000000, 'verein': 'Heart of Midlothian FC', 'age': '26', 'mw': '€1.00m', 'datum_mw': 'Jan 18, 2021', 'x': 1610924400000, 'marker': {'symbol': 'url(https://tmssl.akamaized.net/images/wappen/verysmall/43.png?lm=1522182618)'}}, {'y': 800000, 'verein': 'Heart of Midlothian FC', 'age': '26', 'mw': '€800Th.', 'datum_mw': 'Jun 3, 2021', 'x': 1622671200000, 'marker': {'symbol': 'url(https://tmssl.akamaized.net/images/wappen/verysmall/43.png?lm=1522182618)'}}, {'y': 800000, 'verein': 'Heart of Midlothian FC', 'age': '27', 'mw': '€800Th.', 'datum_mw': 'Dec 31, 2021', 'x': 1640905200000, 'marker': {'symbol': 'url(https://tmssl.akamaized.net/images/wappen/verysmall/43.png?lm=1522182618)'}}]}]	-	-	505'			
Nathaniel Atkinson	Jun 13, 1999	Launceston, Tasmania	23	1,81 m	Australia	Defender - Right-Back	right	CAA Base Ltd	Heart of Midlothian FC	Jan 1, 2022	May 31, 2025			0	14	14	1.93	2	2	3	2	1	-	-			1.033'	[{'type': 'line', 'name': 'Market value', 'data': [{'y': 250000, 'verein': 'Melbourne City FC', 'age': '18', 'mw': '€250Th.', 'datum_mw': 'Feb 22, 2018', 'x': 1519254000000, 'marker': {'symbol': 'url(https://tmssl.akamaized.net/images/wappen/verysmall/25580.png?lm=1404055903)'}}, {'y': 400000, 'verein': 'Melbourne City FC', 'age': '19', 'mw': '€400Th.', 'datum_mw': 'Jul 24, 2018', 'x': 1532383200000, 'marker': {'symbol': 'url(https://tmssl.akamaized.net/images/wappen/verysmall/25580.png?lm=1404055903)'}}, {'y': 400000, 'verein': 'Melbourne City FC', 'age': '19', 'mw': '€400Th.', 'datum_mw': 'Mar 2, 2019', 'x': 1551481200000, 'marker': {'symbol': 'url(https://tmssl.akamaized.net/images/wappen/verysmall/25580.png?lm=1404055903)'}}, {'y': 400000, 'verein': 'Melbourne City FC', 'age': '20', 'mw': '€400Th.', 'datum_mw': 'Sep 11, 2019', 'x': 1568152800000, 'marker': {'symbol': 'url(https://tmssl.akamaized.net/images/wappen/verysmall/25580.png?lm=1404055903)'}}, {'y': 350000, 'verein': 'Melbourne City FC', 'age': '20', 'mw': '€350Th.', 'datum_mw': 'Apr 8, 2020', 'x': 1586296800000, 'marker': {'symbol': 'url(https://tmssl.akamaized.net/images/wappen/verysmall/25580.png?lm=1404055903)'}}, {'y': 500000, 'verein': 'Melbourne City FC', 'age': '21', 'mw': '€500Th.', 'datum_mw': 'Oct 8, 2020', 'x': 1602108000000, 'marker': {'symbol': 'url(https://tmssl.akamaized.net/images/wappen/verysmall/25580.png?lm=1404055903)'}}, {'y': 750000, 'verein': 'Melbourne City FC', 'age': '21', 'mw': '€750Th.', 'datum_mw': 'Mar 30, 2021', 'x': 1617055200000, 'marker': {'symbol': 'url(https://tmssl.akamaized.net/images/wappen/verysmall/25580.png?lm=1404055903)'}}, {'y': 900000, 'verein': 'Melbourne City FC', 'age': '22', 'mw': '€900Th.', 'datum_mw': 'Oct 1, 2021', 'x': 1633039200000, 'marker': {'symbol': 'url(https://tmssl.akamaized.net/images/wappen/verysmall/25580.png?lm=1404055903)'}}]}]	-	-	517'	Nathaniel Caleb Atkinson		
Michael Smith	Sep 4, 1988	Ballyclare	33	1,80 m	Northern Ireland	Defender - Right-Back	right	Volenti	Heart of Midlothian FC	Jul 1, 2017	May 31, 2023	Jan 14, 2022		0	26	26	2.19	2	5	-	3	2	-	-			2.300'	[{'type': 'line', 'name': 'Market value', 'data': [{'y': 100000, 'verein': 'Peterborough United', 'age': '26', 'mw': '€100Th.', 'datum_mw': 'Oct 9, 2014', 'x': 1412805600000, 'marker': {'symbol': 'url(https://tmssl.akamaized.net/images/wappen/verysmall/1072.png?lm=1411463544)'}}, {'y': 200000, 'verein': 'Peterborough United', 'age': '26', 'mw': '€200Th.', 'datum_mw': 'Feb 27, 2015', 'x': 1424991600000, 'marker': {'symbol': 'url(https://tmssl.akamaized.net/images/wappen/verysmall/1072.png?lm=1411463544)'}}, {'y': 200000, 'verein': 'Peterborough United', 'age': '27', 'mw': '€200Th.', 'datum_mw': 'Oct 16, 2015', 'x': 1444946400000, 'marker': {'symbol': 'url(https://tmssl.akamaized.net/images/wappen/verysmall/1072.png?lm=1411463544)'}}, {'y': 250000, 'verein': 'Peterborough United', 'age': '27', 'mw': '€250Th.', 'datum_mw': 'May 30, 2016', 'x': 1464559200000, 'marker': {'symbol': 'url(https://tmssl.akamaized.net/images/wappen/verysmall/1072.png?lm=1411463544)'}}, {'y': 250000, 'verein': 'Peterborough United', 'age': '28', 'mw': '€250Th.', 'datum_mw': 'Apr 21, 2017', 'x': 1492725600000, 'marker': {'symbol': 'url(https://tmssl.akamaized.net/images/wappen/verysmall/1072.png?lm=1411463544)'}}, {'y': 350000, 'verein': 'Heart of Midlothian FC', 'age': '29', 'mw': '€350Th.', 'datum_mw': 'Mar 4, 2018', 'x': 1520118000000, 'marker': {'symbol': 'url(https://tmssl.akamaized.net/images/wappen/verysmall/43.png?lm=1522182618)'}}, {'y': 500000, 'verein': 'Heart of Midlothian FC', 'age': '29', 'mw': '€500Th.', 'datum_mw': 'Aug 8, 2018', 'x': 1533679200000, 'marker': {'symbol': 'url(https://tmssl.akamaized.net/images/wappen/verysmall/43.png?lm=1522182618)'}}, {'y': 500000, 'verein': 'Heart of Midlothian FC', 'age': '30', 'mw': '€500Th.', 'datum_mw': 'Jan 3, 2019', 'x': 1546470000000, 'marker': {'symbol': 'url(https://tmssl.akamaized.net/images/wappen/verysmall/43.png?lm=1522182618)'}}, {'y': 750000, 'verein': 'Heart of Midlothian FC', 'age': '30', 'mw': '€750Th.', 'datum_mw': 'Aug 20, 2019', 'x': 1566252000000, 'marker': {'symbol': 'url(https://tmssl.akamaized.net/images/wappen/verysmall/43.png?lm=1522182618)'}}, {'y': 700000, 'verein': 'Heart of Midlothian FC', 'age': '31', 'mw': '€700Th.', 'datum_mw': 'Feb 5, 2020', 'x': 1580857200000, 'marker': {'symbol': 'url(https://tmssl.akamaized.net/images/wappen/verysmall/43.png?lm=1522182618)'}}, {'y': 550000, 'verein': 'Heart of Midlothian FC', 'age': '31', 'mw': '€550Th.', 'datum_mw': 'Apr 8, 2020', 'x': 1586296800000, 'marker': {'symbol': 'url(https://tmssl.akamaized.net/images/wappen/verysmall/43.png?lm=1522182618)'}}, {'y': 450000, 'verein': 'Heart of Midlothian FC', 'age': '31', 'mw': '€450Th.', 'datum_mw': 'Jul 21, 2020', 'x': 1595282400000, 'marker': {'symbol': 'url(https://tmssl.akamaized.net/images/wappen/verysmall/43.png?lm=1522182618)'}}, {'y': 400000, 'verein': 'Heart of Midlothian FC', 'age': '32', 'mw': '€400Th.', 'datum_mw': 'Jan 18, 2021', 'x': 1610924400000, 'marker': {'symbol': 'url(https://tmssl.akamaized.net/images/wappen/verysmall/43.png?lm=1522182618)'}}, {'y': 400000, 'verein': 'Heart of Midlothian FC', 'age': '32', 'mw': '€400Th.', 'datum_mw': 'Jun 3, 2021', 'x': 1622671200000, 'marker': {'symbol': 'url(https://tmssl.akamaized.net/images/wappen/verysmall/43.png?lm=1522182618)'}}, {'y': 400000, 'verein': 'Heart of Midlothian FC', 'age': '33', 'mw': '€400Th.', 'datum_mw': 'Dec 31, 2021', 'x': 1640905200000, 'marker': {'symbol': 'url(https://tmssl.akamaized.net/images/wappen/verysmall/43.png?lm=1522182618)'}}]}]	-	-	1.150'			
Jamie Brandon	Feb 5, 1998	Glasgow	24	1,73 m	Scotland	Defender - Right-Back	right	CAA Base Ltd	Heart of Midlothian FC	Jul 1, 2018	May 31, 2022	Dec 16, 2021		0	10	5	2.40	-	1	-	-	-	-	-			450'	[{'type': 'line', 'name': 'Market value', 'data': [{'y': 200000, 'verein': 'Heart of Midlothian FC U20', 'age': '20', 'mw': '€200Th.', 'datum_mw': 'Mar 4, 2018', 'x': 1520118000000, 'marker': {'symbol': 'url(https://tmssl.akamaized.net/images/wappen/verysmall/12578.png?lm=1582652971)'}}, {'y': 200000, 'verein': 'Heart of Midlothian FC', 'age': '20', 'mw': '€200Th.', 'datum_mw': 'Aug 8, 2018', 'x': 1533679200000, 'marker': {'symbol': 'url(https://tmssl.akamaized.net/images/wappen/verysmall/43.png?lm=1522182618)'}}, {'y': 200000, 'verein': 'Heart of Midlothian FC', 'age': '20', 'mw': '€200Th.', 'datum_mw': 'Jan 3, 2019', 'x': 1546470000000, 'marker': {'symbol': 'url(https://tmssl.akamaized.net/images/wappen/verysmall/43.png?lm=1522182618)'}}, {'y': 200000, 'verein': 'Heart of Midlothian FC', 'age': '21', 'mw': '€200Th.', 'datum_mw': 'Aug 20, 2019', 'x': 1566252000000, 'marker': {'symbol': 'url(https://tmssl.akamaized.net/images/wappen/verysmall/43.png?lm=1522182618)'}}, {'y': 200000, 'verein': 'Heart of Midlothian FC', 'age': '22', 'mw': '€200Th.', 'datum_mw': 'Feb 5, 2020', 'x': 1580857200000, 'marker': {'symbol': 'url(https://tmssl.akamaized.net/images/wappen/verysmall/43.png?lm=1522182618)'}}, {'y': 200000, 'verein': 'Heart of Midlothian FC', 'age': '22', 'mw': '€200Th.', 'datum_mw': 'Jul 21, 2020', 'x': 1595282400000, 'marker': {'symbol': 'url(https://tmssl.akamaized.net/images/wappen/verysmall/43.png?lm=1522182618)'}}, {'y': 200000, 'verein': 'Heart of Midlothian FC', 'age': '22', 'mw': '€200Th.', 'datum_mw': 'Jan 18, 2021', 'x': 1610924400000, 'marker': {'symbol': 'url(https://tmssl.akamaized.net/images/wappen/verysmall/43.png?lm=1522182618)'}}, {'y': 200000, 'verein': 'Heart of Midlothian FC', 'age': '23', 'mw': '€200Th.', 'datum_mw': 'Jun 3, 2021', 'x': 1622671200000, 'marker': {'symbol': 'url(https://tmssl.akamaized.net/images/wappen/verysmall/43.png?lm=1522182618)'}}, {'y': 200000, 'verein': 'Heart of Midlothian FC', 'age': '23', 'mw': '€200Th.', 'datum_mw': 'Dec 31, 2021', 'x': 1640905200000, 'marker': {'symbol': 'url(https://tmssl.akamaized.net/images/wappen/verysmall/43.png?lm=1522182618)'}}]}]	-	-	-			
Cameron Devlin	Jun 7, 1998	Sydney	24	1,70 m	Australia	midfield - Defensive Midfield	right	Footballhouseplus	Heart of Midlothian FC	Aug 31, 2021	May 31, 2024			0	23	23	1.48	1	-	6	4	7	-	-			1.622'	[{'type': 'line', 'name': 'Market value', 'data': [{'y': 50000, 'verein': 'Sydney FC', 'age': '20', 'mw': '€50Th.', 'datum_mw': 'Mar 2, 2019', 'x': 1551481200000, 'marker': {'symbol': 'url(https://tmssl.akamaized.net/images/wappen/verysmall/8054.png?lm=1495225813)'}}, {'y': 100000, 'verein': 'Wellington Phoenix', 'age': '21', 'mw': '€100Th.', 'datum_mw': 'Sep 11, 2019', 'x': 1568152800000, 'marker': {'symbol': 'url(https://tmssl.akamaized.net/images/wappen/verysmall/8445.png?lm=1505653605)'}}, {'y': 400000, 'verein': 'Wellington Phoenix', 'age': '22', 'mw': '€400Th.', 'datum_mw': 'Oct 8, 2020', 'x': 1602108000000, 'marker': {'symbol': 'url(https://tmssl.akamaized.net/images/wappen/verysmall/8445.png?lm=1505653605)'}}, {'y': 400000, 'verein': 'Wellington Phoenix', 'age': '22', 'mw': '€400Th.', 'datum_mw': 'Mar 30, 2021', 'x': 1617055200000, 'marker': {'symbol': 'url(https://tmssl.akamaized.net/images/wappen/verysmall/8445.png?lm=1505653605)'}}, {'y': 600000, 'verein': 'Heart of Midlothian FC', 'age': '23', 'mw': '€600Th.', 'datum_mw': 'Dec 31, 2021', 'x': 1640905200000, 'marker': {'symbol': 'url(https://tmssl.akamaized.net/images/wappen/verysmall/43.png?lm=1522182618)'}}]}]	-	-	1.622'	Cameron Peter Devlin	New Balance	
Andy Halliday	Oct 11, 1991	Glasgow	30	1,81 m	Scotland	midfield - Defensive Midfield	left		Heart of Midlothian FC	Sep 28, 2020	May 31, 2024	Feb 28, 2022		0	28	28	2.11	3	5	3	5	4	-	-			2.211'	[{'type': 'line', 'name': 'Market value', 'data': [{'y': 75000, 'verein': 'Livingston FC', 'age': '17', 'mw': '€75Th.', 'datum_mw': 'Jan 6, 2009', 'x': 1231196400000, 'marker': {'symbol': 'url(https://tmssl.akamaized.net/images/wappen/verysmall/1241.png?lm=1422899840)'}}, {'y': 150000, 'verein': 'Livingston FC', 'age': '18', 'mw': '€150Th.', 'datum_mw': 'Nov 20, 2009', 'x': 1258671600000, 'marker': {'symbol': 'url(https://tmssl.akamaized.net/images/wappen/verysmall/1241.png?lm=1422899840)'}}, {'y': 500000, 'verein': 'Middlesbrough FC', 'age': '19', 'mw': '€500Th.', 'datum_mw': 'Oct 24, 2010', 'x': 1287871200000, 'marker': {'symbol': 'url(https://tmssl.akamaized.net/images/wappen/verysmall/641.png?lm=1443702192)'}}, {'y': 250000, 'verein': 'Middlesbrough FC', 'age': '20', 'mw': '€250Th.', 'datum_mw': 'Jun 22, 2012', 'x': 1340316000000, 'marker': {'symbol': 'url(https://tmssl.akamaized.net/images/wappen/verysmall/641.png?lm=1443702192)'}}, {'y': 250000, 'verein': 'Middlesbrough FC', 'age': '21', 'mw': '€250Th.', 'datum_mw': 'Mar 2, 2013', 'x': 1362178800000, 'marker': {'symbol': 'url(https://tmssl.akamaized.net/images/wappen/verysmall/641.png?lm=1443702192)'}}, {'y': 500000, 'verein': 'Middlesbrough FC', 'age': '21', 'mw': '€500Th.', 'datum_mw': 'Jul 12, 2013', 'x': 1373580000000, 'marker': {'symbol': 'url(https://tmssl.akamaized.net/images/wappen/verysmall/641.png?lm=1443702192)'}}, {'y': 350000, 'verein': 'Middlesbrough FC', 'age': '22', 'mw': '€350Th.', 'datum_mw': 'Jan 8, 2014', 'x': 1389135600000, 'marker': {'symbol': 'url(https://tmssl.akamaized.net/images/wappen/verysmall/641.png?lm=1443702192)'}}, {'y': 350000, 'verein': 'Bradford City', 'age': '23', 'mw': '€350Th.', 'datum_mw': 'Feb 27, 2015', 'x': 1424991600000, 'marker': {'symbol': 'url(https://tmssl.akamaized.net/images/wappen/verysmall/1027.png?lm=1455219590)'}}, {'y': 350000, 'verein': 'Rangers FC', 'age': '24', 'mw': '€350Th.', 'datum_mw': 'Nov 16, 2015', 'x': 1447628400000, 'marker': {'symbol': 'url(https://tmssl.akamaized.net/images/wappen/verysmall/124_1654070933.png?lm=1654070934)'}}, {'y': 500000, 'verein': 'Rangers FC', 'age': '25', 'mw': '€500Th.', 'datum_mw': 'Feb 14, 2017', 'x': 1487026800000, 'marker': {'symbol': 'url(https://tmssl.akamaized.net/images/wappen/verysmall/124_1654070933.png?lm=1654070934)'}}, {'y': 350000, 'verein': 'Rangers FC', 'age': '26', 'mw': '€350Th.', 'datum_mw': 'Mar 4, 2018', 'x': 1520118000000, 'marker': {'symbol': 'url(https://tmssl.akamaized.net/images/wappen/verysmall/124_1654070933.png?lm=1654070934)'}}, {'y': 350000, 'verein': 'Rangers FC', 'age': '26', 'mw': '€350Th.', 'datum_mw': 'Aug 8, 2018', 'x': 1533679200000, 'marker': {'symbol': 'url(https://tmssl.akamaized.net/images/wappen/verysmall/124_1654070933.png?lm=1654070934)'}}, {'y': 750000, 'verein': 'Rangers FC', 'age': '27', 'mw': '€750Th.', 'datum_mw': 'Jan 3, 2019', 'x': 1546470000000, 'marker': {'symbol': 'url(https://tmssl.akamaized.net/images/wappen/verysmall/124_1654070933.png?lm=1654070934)'}}, {'y': 500000, 'verein': 'Rangers FC', 'age': '28', 'mw': '€500Th.', 'datum_mw': 'Feb 5, 2020', 'x': 1580857200000, 'marker': {'symbol': 'url(https://tmssl.akamaized.net/images/wappen/verysmall/124_1654070933.png?lm=1654070934)'}}, {'y': 400000, 'verein': 'Rangers FC', 'age': '28', 'mw': '€400Th.', 'datum_mw': 'Apr 8, 2020', 'x': 1586296800000, 'marker': {'symbol': 'url(https://tmssl.akamaized.net/images/wappen/verysmall/124_1654070933.png?lm=1654070934)'}}, {'y': 400000, 'verein': 'Heart of Midlothian FC', 'age': '29', 'mw': '€400Th.', 'datum_mw': 'Jan 18, 2021', 'x': 1610924400000, 'marker': {'symbol': 'url(https://tmssl.akamaized.net/images/wappen/verysmall/43.png?lm=1522182618)'}}, {'y': 400000, 'verein': 'Heart of Midlothian FC', 'age': '29', 'mw': '€400Th.', 'datum_mw': 'Jun 3, 2021', 'x': 1622671200000, 'marker': {'symbol': 'url(https://tmssl.akamaized.net/images/wappen/verysmall/43.png?lm=1522182618)'}}, {'y': 375000, 'verein': 'Heart of Midlothian FC', 'age': '30', 'mw': '€375Th.', 'datum_mw': 'Dec 31, 2021', 'x': 1640905200000, 'marker': {'symbol': 'url(https://tmssl.akamaized.net/images/wappen/verysmall/43.png?lm=1522182618)'}}]}]	-	-	737'	Andrew Halliday		
Peter Haring	Jun 2, 1993	Eisenstadt	29	1,87 m	Austria	midfield - Defensive Midfield	right	Centerfield	Heart of Midlothian FC	Jul 1, 2018	May 31, 2023	Jun 7, 2022		0	29	19	2.32	1	2	7	4	2	-	1			1.053'	[{'type': 'line', 'name': 'Market value', 'data': [{'y': 100000, 'verein': 'SC Austria Lustenau', 'age': '22', 'mw': '€100Th.', 'datum_mw': 'Jul 13, 2015', 'x': 1436738400000, 'marker': {'symbol': 'url(https://tmssl.akamaized.net/images/wappen/verysmall/541.png?lm=1476116123)'}}, {'y': 100000, 'verein': 'SC Austria Lustenau', 'age': '22', 'mw': '€100Th.', 'datum_mw': 'Dec 1, 2015', 'x': 1448924400000, 'marker': {'symbol': 'url(https://tmssl.akamaized.net/images/wappen/verysmall/541.png?lm=1476116123)'}}, {'y': 200000, 'verein': 'SC Austria Lustenau', 'age': '22', 'mw': '€200Th.', 'datum_mw': 'May 30, 2016', 'x': 1464559200000, 'marker': {'symbol': 'url(https://tmssl.akamaized.net/images/wappen/verysmall/541.png?lm=1476116123)'}}, {'y': 300000, 'verein': 'SC Austria Lustenau', 'age': '23', 'mw': '€300Th.', 'datum_mw': 'Dec 3, 2016', 'x': 1480719600000, 'marker': {'symbol': 'url(https://tmssl.akamaized.net/images/wappen/verysmall/541.png?lm=1476116123)'}}, {'y': 300000, 'verein': 'SC Austria Lustenau', 'age': '23', 'mw': '€300Th.', 'datum_mw': 'May 27, 2017', 'x': 1495836000000, 'marker': {'symbol': 'url(https://tmssl.akamaized.net/images/wappen/verysmall/541.png?lm=1476116123)'}}, {'y': 300000, 'verein': 'SV Ried', 'age': '24', 'mw': '€300Th.', 'datum_mw': 'Dec 13, 2017', 'x': 1513119600000, 'marker': {'symbol': 'url(https://tmssl.akamaized.net/images/wappen/verysmall/266.png?lm=1521280373)'}}, {'y': 300000, 'verein': 'SV Ried', 'age': '25', 'mw': '€300Th.', 'datum_mw': 'Jun 13, 2018', 'x': 1528840800000, 'marker': {'symbol': 'url(https://tmssl.akamaized.net/images/wappen/verysmall/266.png?lm=1521280373)'}}, {'y': 500000, 'verein': 'Heart of Midlothian FC', 'age': '25', 'mw': '€500Th.', 'datum_mw': 'Jan 3, 2019', 'x': 1546470000000, 'marker': {'symbol': 'url(https://tmssl.akamaized.net/images/wappen/verysmall/43.png?lm=1522182618)'}}, {'y': 500000, 'verein': 'Heart of Midlothian FC', 'age': '26', 'mw': '€500Th.', 'datum_mw': 'Aug 20, 2019', 'x': 1566252000000, 'marker': {'symbol': 'url(https://tmssl.akamaized.net/images/wappen/verysmall/43.png?lm=1522182618)'}}, {'y': 500000, 'verein': 'Heart of Midlothian FC', 'age': '26', 'mw': '€500Th.', 'datum_mw': 'Feb 5, 2020', 'x': 1580857200000, 'marker': {'symbol': 'url(https://tmssl.akamaized.net/images/wappen/verysmall/43.png?lm=1522182618)'}}, {'y': 400000, 'verein': 'Heart of Midlothian FC', 'age': '26', 'mw': '€400Th.', 'datum_mw': 'Apr 8, 2020', 'x': 1586296800000, 'marker': {'symbol': 'url(https://tmssl.akamaized.net/images/wappen/verysmall/43.png?lm=1522182618)'}}, {'y': 350000, 'verein': 'Heart of Midlothian FC', 'age': '27', 'mw': '€350Th.', 'datum_mw': 'Jul 21, 2020', 'x': 1595282400000, 'marker': {'symbol': 'url(https://tmssl.akamaized.net/images/wappen/verysmall/43.png?lm=1522182618)'}}, {'y': 350000, 'verein': 'Heart of Midlothian FC', 'age': '27', 'mw': '€350Th.', 'datum_mw': 'Jan 18, 2021', 'x': 1610924400000, 'marker': {'symbol': 'url(https://tmssl.akamaized.net/images/wappen/verysmall/43.png?lm=1522182618)'}}, {'y': 350000, 'verein': 'Heart of Midlothian FC', 'age': '28', 'mw': '€350Th.', 'datum_mw': 'Jun 3, 2021', 'x': 1622671200000, 'marker': {'symbol': 'url(https://tmssl.akamaized.net/images/wappen/verysmall/43.png?lm=1522182618)'}}, {'y': 350000, 'verein': 'Heart of Midlothian FC', 'age': '28', 'mw': '€350Th.', 'datum_mw': 'Dec 31, 2021', 'x': 1640905200000, 'marker': {'symbol': 'url(https://tmssl.akamaized.net/images/wappen/verysmall/43.png?lm=1522182618)'}}]}]	-	-	1.053'			Option for a further year
Beni Baningime 	Sep 9, 1998	Kinshasa	23	1,78 m	"DR Congo
  England"	midfield - Central Midfield	right	Triple S Sports	Heart of Midlothian FC	Jul 29, 2021	May 31, 2024			0	24	15	1.27	-	-	1	-	4	-	-			1.263'	[{'type': 'line', 'name': 'Market value', 'data': [{'y': 1000000, 'verein': 'Everton FC', 'age': '19', 'mw': '€1.00m', 'datum_mw': 'Jan 13, 2018', 'x': 1515798000000, 'marker': {'symbol': 'url(https://tmssl.akamaized.net/images/wappen/verysmall/29.png?lm=1445949846)'}}, {'y': 3000000, 'verein': 'Everton FC', 'age': '19', 'mw': '€3.00m', 'datum_mw': 'May 28, 2018', 'x': 1527458400000, 'marker': {'symbol': 'url(https://tmssl.akamaized.net/images/wappen/verysmall/29.png?lm=1445949846)'}}, {'y': 2500000, 'verein': 'Everton FC', 'age': '20', 'mw': '€2.50m', 'datum_mw': 'Dec 19, 2018', 'x': 1545174000000, 'marker': {'symbol': 'url(https://tmssl.akamaized.net/images/wappen/verysmall/29.png?lm=1445949846)'}}, {'y': 2000000, 'verein': 'Everton FC', 'age': '20', 'mw': '€2.00m', 'datum_mw': 'Jun 13, 2019', 'x': 1560376800000, 'marker': {'symbol': 'url(https://tmssl.akamaized.net/images/wappen/verysmall/29.png?lm=1445949846)'}}, {'y': 1500000, 'verein': 'Everton FC', 'age': '21', 'mw': '€1.50m', 'datum_mw': 'Dec 10, 2019', 'x': 1575932400000, 'marker': {'symbol': 'url(https://tmssl.akamaized.net/images/wappen/verysmall/29.png?lm=1445949846)'}}, {'y': 1300000, 'verein': 'Everton FC', 'age': '21', 'mw': '€1.30m', 'datum_mw': 'Apr 8, 2020', 'x': 1586296800000, 'marker': {'symbol': 'url(https://tmssl.akamaized.net/images/wappen/verysmall/29.png?lm=1445949846)'}}, {'y': 1300000, 'verein': 'Everton FC', 'age': '22', 'mw': '€1.30m', 'datum_mw': 'Oct 13, 2020', 'x': 1602540000000, 'marker': {'symbol': 'url(https://tmssl.akamaized.net/images/wappen/verysmall/29.png?lm=1445949846)'}}, {'y': 1000000, 'verein': 'Derby County', 'age': '22', 'mw': '€1.00m', 'datum_mw': 'Mar 10, 2021', 'x': 1615330800000, 'marker': {'symbol': 'url(https://tmssl.akamaized.net/images/wappen/verysmall/22.png?lm=1407654006)'}}, {'y': 1000000, 'verein': 'Everton FC', 'age': '22', 'mw': '€1.00m', 'datum_mw': 'Jun 8, 2021', 'x': 1623103200000, 'marker': {'symbol': 'url(https://tmssl.akamaized.net/images/wappen/verysmall/29.png?lm=1445949846)'}}, {'y': 1000000, 'verein': 'Heart of Midlothian FC', 'age': '23', 'mw': '€1.00m', 'datum_mw': 'Dec 31, 2021', 'x': 1640905200000, 'marker': {'symbol': 'url(https://tmssl.akamaized.net/images/wappen/verysmall/43.png?lm=1522182618)'}}]}]	-	-	-	Beni Tangama Baningime		
Aaron McEneff	Jul 9, 1995	Derry	26	1,75 m	"Ireland
  Northern Ireland"	midfield - Central Midfield	right		Heart of Midlothian FC	Feb 1, 2021	May 31, 2023			0	16	16	1.69	2	1	2	7	-	-	-			1.179'	[{'type': 'line', 'name': 'Market value', 'data': [{'y': 200000, 'verein': 'Heart of Midlothian FC', 'age': '25', 'mw': '€200Th.', 'datum_mw': 'Feb 1, 2021', 'x': 1612134000000, 'marker': {'symbol': 'url(https://tmssl.akamaized.net/images/wappen/verysmall/43.png?lm=1522182618)'}}, {'y': 400000, 'verein': 'Heart of Midlothian FC', 'age': '25', 'mw': '€400Th.', 'datum_mw': 'Jun 3, 2021', 'x': 1622671200000, 'marker': {'symbol': 'url(https://tmssl.akamaized.net/images/wappen/verysmall/43.png?lm=1522182618)'}}, {'y': 400000, 'verein': 'Heart of Midlothian FC', 'age': '26', 'mw': '€400Th.', 'datum_mw': 'Dec 31, 2021', 'x': 1640905200000, 'marker': {'symbol': 'url(https://tmssl.akamaized.net/images/wappen/verysmall/43.png?lm=1522182618)'}}]}]	-	-	590'			
Gary Mackay-Steven	Aug 31, 1990	Thurso	31	1,75 m	Scotland	midfield - Left Midfield	left		Heart of Midlothian FC	Jan 8, 2021	May 31, 2023			0	18	18	1.83	4	1	3	9	1	-	-			1.249'	[{'type': 'line', 'name': 'Market value', 'data': [{'y': 50000, 'verein': 'Liverpool FC U18', 'age': '17', 'mw': '€50Th.', 'datum_mw': 'Jul 12, 2008', 'x': 1215813600000, 'marker': {'symbol': 'url(https://tmssl.akamaized.net/images/wappen/verysmall/6922.png?lm=1456567819)'}}, {'y': 250000, 'verein': 'Dundee United FC', 'age': '21', 'mw': '€250Th.', 'datum_mw': 'Feb 2, 2012', 'x': 1328137200000, 'marker': {'symbol': 'url(https://tmssl.akamaized.net/images/wappen/verysmall/1519.png?lm=1554575325)'}}, {'y': 550000, 'verein': 'Dundee United FC', 'age': '21', 'mw': '€550Th.', 'datum_mw': 'Jul 23, 2012', 'x': 1342994400000, 'marker': {'symbol': 'url(https://tmssl.akamaized.net/images/wappen/verysmall/1519.png?lm=1554575325)'}}, {'y': 600000, 'verein': 'Dundee United FC', 'age': '22', 'mw': '€600Th.', 'datum_mw': 'Feb 14, 2013', 'x': 1360796400000, 'marker': {'symbol': 'url(https://tmssl.akamaized.net/images/wappen/verysmall/1519.png?lm=1554575325)'}}, {'y': 600000, 'verein': 'Dundee United FC', 'age': '23', 'mw': '€600Th.', 'datum_mw': 'Oct 8, 2013', 'x': 1381183200000, 'marker': {'symbol': 'url(https://tmssl.akamaized.net/images/wappen/verysmall/1519.png?lm=1554575325)'}}, {'y': 600000, 'verein': 'Dundee United FC', 'age': '23', 'mw': '€600Th.', 'datum_mw': 'Feb 13, 2014', 'x': 1392246000000, 'marker': {'symbol': 'url(https://tmssl.akamaized.net/images/wappen/verysmall/1519.png?lm=1554575325)'}}, {'y': 600000, 'verein': 'Dundee United FC', 'age': '24', 'mw': '€600Th.', 'datum_mw': 'Oct 9, 2014', 'x': 1412805600000, 'marker': {'symbol': 'url(https://tmssl.akamaized.net/images/wappen/verysmall/1519.png?lm=1554575325)'}}, {'y': 1000000, 'verein': 'Celtic FC', 'age': '25', 'mw': '€1.00m', 'datum_mw': 'Nov 30, 2015', 'x': 1448838000000, 'marker': {'symbol': 'url(https://tmssl.akamaized.net/images/wappen/verysmall/371.png?lm=1403615766)'}}, {'y': 750000, 'verein': 'Celtic FC', 'age': '26', 'mw': '€750Th.', 'datum_mw': 'Feb 14, 2017', 'x': 1487026800000, 'marker': {'symbol': 'url(https://tmssl.akamaized.net/images/wappen/verysmall/371.png?lm=1403615766)'}}, {'y': 750000, 'verein': 'Aberdeen FC', 'age': '27', 'mw': '€750Th.', 'datum_mw': 'Mar 4, 2018', 'x': 1520118000000, 'marker': {'symbol': 'url(https://tmssl.akamaized.net/images/wappen/verysmall/370.png?lm=1409146897)'}}, {'y': 750000, 'verein': 'Aberdeen FC', 'age': '27', 'mw': '€750Th.', 'datum_mw': 'Aug 8, 2018', 'x': 1533679200000, 'marker': {'symbol': 'url(https://tmssl.akamaized.net/images/wappen/verysmall/370.png?lm=1409146897)'}}, {'y': 850000, 'verein': 'Aberdeen FC', 'age': '28', 'mw': '€850Th.', 'datum_mw': 'Jan 3, 2019', 'x': 1546470000000, 'marker': {'symbol': 'url(https://tmssl.akamaized.net/images/wappen/verysmall/370.png?lm=1409146897)'}}, {'y': 850000, 'verein': 'New York City FC', 'age': '29', 'mw': '€850Th.', 'datum_mw': 'Nov 30, 2019', 'x': 1575068400000, 'marker': {'symbol': 'url(https://tmssl.akamaized.net/images/wappen/verysmall/40058.png?lm=1479542096)'}}, {'y': 675000, 'verein': 'New York City FC', 'age': '29', 'mw': '€675Th.', 'datum_mw': 'Apr 8, 2020', 'x': 1586296800000, 'marker': {'symbol': 'url(https://tmssl.akamaized.net/images/wappen/verysmall/40058.png?lm=1479542096)'}}, {'y': 750000, 'verein': 'New York City FC', 'age': '29', 'mw': '€750Th.', 'datum_mw': 'Aug 26, 2020', 'x': 1598392800000, 'marker': {'symbol': 'url(https://tmssl.akamaized.net/images/wappen/verysmall/40058.png?lm=1479542096)'}}, {'y': 750000, 'verein': 'New York City FC', 'age': '30', 'mw': '€750Th.', 'datum_mw': 'Dec 18, 2020', 'x': 1608246000000, 'marker': {'symbol': 'url(https://tmssl.akamaized.net/images/wappen/verysmall/40058.png?lm=1479542096)'}}, {'y': 700000, 'verein': 'Heart of Midlothian FC', 'age': '30', 'mw': '€700Th.', 'datum_mw': 'Jun 3, 2021', 'x': 1622671200000, 'marker': {'symbol': 'url(https://tmssl.akamaized.net/images/wappen/verysmall/43.png?lm=1522182618)'}}, {'y': 750000, 'verein': 'Heart of Midlothian FC', 'age': '31', 'mw': '€750Th.', 'datum_mw': 'Dec 31, 2021', 'x': 1640905200000, 'marker': {'symbol': 'url(https://tmssl.akamaized.net/images/wappen/verysmall/43.png?lm=1522182618)'}}]}]	-	-	312'			
Finlay Pollock	Jun 27, 2004	Edinburgh	17		Scotland	midfield - Attacking Midfield		Agent is known - Player under 18	Heart of Midlothian FC	Jul 1, 2021	May 31, 2023	Jun 18, 2021		0	2	2	3.00	-	-	2	-	1	-	-			25'	[{'type': 'line', 'name': 'Market value', 'data': [{'y': 50000, 'verein': 'Heart of Midlothian FC', 'age': '17', 'mw': '€50Th.', 'datum_mw': 'Dec 31, 2021', 'x': 1640905200000, 'marker': {'symbol': 'url(https://tmssl.akamaized.net/images/wappen/verysmall/43.png?lm=1522182618)'}}]}]	-	-	-			
Barrie McKay	Dec 30, 1994	Paisley	27	1,75 m	Scotland	attack - Left Winger	right	FullNinety	Heart of Midlothian FC	Sep 7, 2021	May 31, 2025	Apr 8, 2022		0	35	28	1.11	3	4	12	10	-	-	-			1.503'	[{'type': 'line', 'name': 'Market value', 'data': [{'y': 0, 'verein': 'Rangers FC', 'age': '18', 'mw': '-', 'datum_mw': 'Mar 9, 2013', 'x': 1362783600000, 'marker': {'symbol': 'url(https://tmssl.akamaized.net/images/wappen/verysmall/124_1654070933.png?lm=1654070934)'}}, {'y': 75000, 'verein': 'Raith Rovers FC', 'age': '19', 'mw': '€75Th.', 'datum_mw': 'Oct 1, 2014', 'x': 1412114400000, 'marker': {'symbol': 'url(https://tmssl.akamaized.net/images/wappen/verysmall/2795.png?lm=1593255797)'}}, {'y': 175000, 'verein': 'Rangers FC', 'age': '20', 'mw': '€175Th.', 'datum_mw': 'Nov 17, 2015', 'x': 1447714800000, 'marker': {'symbol': 'url(https://tmssl.akamaized.net/images/wappen/verysmall/124_1654070933.png?lm=1654070934)'}}, {'y': 700000, 'verein': 'Rangers FC', 'age': '22', 'mw': '€700Th.', 'datum_mw': 'Feb 14, 2017', 'x': 1487026800000, 'marker': {'symbol': 'url(https://tmssl.akamaized.net/images/wappen/verysmall/124_1654070933.png?lm=1654070934)'}}, {'y': 1000000, 'verein': 'Nottingham Forest', 'age': '22', 'mw': '€1.00m', 'datum_mw': 'Sep 18, 2017', 'x': 1505685600000, 'marker': {'symbol': 'url(https://tmssl.akamaized.net/images/wappen/verysmall/703.png?lm=1598890289)'}}, {'y': 1000000, 'verein': 'Nottingham Forest', 'age': '23', 'mw': '€1.00m', 'datum_mw': 'Feb 27, 2018', 'x': 1519686000000, 'marker': {'symbol': 'url(https://tmssl.akamaized.net/images/wappen/verysmall/703.png?lm=1598890289)'}}, {'y': 1000000, 'verein': 'Swansea City', 'age': '23', 'mw': '€1.00m', 'datum_mw': 'Sep 24, 2018', 'x': 1537740000000, 'marker': {'symbol': 'url(https://tmssl.akamaized.net/images/wappen/verysmall/2288.png?lm=1472243738)'}}, {'y': 1000000, 'verein': 'Swansea City', 'age': '24', 'mw': '€1.00m', 'datum_mw': 'Jun 28, 2019', 'x': 1561672800000, 'marker': {'symbol': 'url(https://tmssl.akamaized.net/images/wappen/verysmall/2288.png?lm=1472243738)'}}, {'y': 800000, 'verein': 'Fleetwood Town', 'age': '25', 'mw': '€800Th.', 'datum_mw': 'Apr 8, 2020', 'x': 1586296800000, 'marker': {'symbol': 'url(https://tmssl.akamaized.net/images/wappen/verysmall/11177.png?lm=1464290061)'}}, {'y': 600000, 'verein': 'Swansea City', 'age': '26', 'mw': '€600Th.', 'datum_mw': 'Jun 30, 2021', 'x': 1625004000000, 'marker': {'symbol': 'url(https://tmssl.akamaized.net/images/wappen/verysmall/2288.png?lm=1472243738)'}}, {'y': 750000, 'verein': 'Heart of Midlothian FC', 'age': '27', 'mw': '€750Th.', 'datum_mw': 'Dec 31, 2021', 'x': 1640905200000, 'marker': {'symbol': 'url(https://tmssl.akamaized.net/images/wappen/verysmall/43.png?lm=1522182618)'}}]}]	-	-	501'			
Jamie Walker	Jun 25, 1993	Edinburgh	29	1,75 m	Scotland	attack - Left Winger	left		Heart of Midlothian FC	Jul 1, 2019	May 31, 2022			0	28	26	2.00	8	7	12	1	5	-	-			1.606'	[{'type': 'line', 'name': 'Market value', 'data': [{'y': 50000, 'verein': 'Raith Rovers FC', 'age': '18', 'mw': '€50Th.', 'datum_mw': 'Dec 15, 2011', 'x': 1323903600000, 'marker': {'symbol': 'url(https://tmssl.akamaized.net/images/wappen/verysmall/2795.png?lm=1593255797)'}}, {'y': 150000, 'verein': 'Heart of Midlothian FC', 'age': '19', 'mw': '€150Th.', 'datum_mw': 'Feb 15, 2013', 'x': 1360882800000, 'marker': {'symbol': 'url(https://tmssl.akamaized.net/images/wappen/verysmall/43.png?lm=1522182618)'}}, {'y': 275000, 'verein': 'Heart of Midlothian FC', 'age': '20', 'mw': '€275Th.', 'datum_mw': 'Oct 8, 2013', 'x': 1381183200000, 'marker': {'symbol': 'url(https://tmssl.akamaized.net/images/wappen/verysmall/43.png?lm=1522182618)'}}, {'y': 275000, 'verein': 'Heart of Midlothian FC', 'age': '20', 'mw': '€275Th.', 'datum_mw': 'Feb 13, 2014', 'x': 1392246000000, 'marker': {'symbol': 'url(https://tmssl.akamaized.net/images/wappen/verysmall/43.png?lm=1522182618)'}}, {'y': 300000, 'verein': 'Heart of Midlothian FC', 'age': '21', 'mw': '€300Th.', 'datum_mw': 'Oct 6, 2014', 'x': 1412546400000, 'marker': {'symbol': 'url(https://tmssl.akamaized.net/images/wappen/verysmall/43.png?lm=1522182618)'}}, {'y': 650000, 'verein': 'Heart of Midlothian FC', 'age': '22', 'mw': '€650Th.', 'datum_mw': 'Nov 30, 2015', 'x': 1448838000000, 'marker': {'symbol': 'url(https://tmssl.akamaized.net/images/wappen/verysmall/43.png?lm=1522182618)'}}, {'y': 750000, 'verein': 'Heart of Midlothian FC', 'age': '23', 'mw': '€750Th.', 'datum_mw': 'Feb 14, 2017', 'x': 1487026800000, 'marker': {'symbol': 'url(https://tmssl.akamaized.net/images/wappen/verysmall/43.png?lm=1522182618)'}}, {'y': 350000, 'verein': 'Wigan Athletic', 'age': '26', 'mw': '€350Th.', 'datum_mw': 'Jun 28, 2019', 'x': 1561672800000, 'marker': {'symbol': 'url(https://tmssl.akamaized.net/images/wappen/verysmall/1071.png?lm=1407653830)'}}, {'y': 350000, 'verein': 'Heart of Midlothian FC', 'age': '26', 'mw': '€350Th.', 'datum_mw': 'Feb 5, 2020', 'x': 1580857200000, 'marker': {'symbol': 'url(https://tmssl.akamaized.net/images/wappen/verysmall/43.png?lm=1522182618)'}}, {'y': 300000, 'verein': 'Heart of Midlothian FC', 'age': '26', 'mw': '€300Th.', 'datum_mw': 'Apr 8, 2020', 'x': 1586296800000, 'marker': {'symbol': 'url(https://tmssl.akamaized.net/images/wappen/verysmall/43.png?lm=1522182618)'}}, {'y': 300000, 'verein': 'Heart of Midlothian FC', 'age': '27', 'mw': '€300Th.', 'datum_mw': 'Jul 21, 2020', 'x': 1595282400000, 'marker': {'symbol': 'url(https://tmssl.akamaized.net/images/wappen/verysmall/43.png?lm=1522182618)'}}, {'y': 350000, 'verein': 'Heart of Midlothian FC', 'age': '27', 'mw': '€350Th.', 'datum_mw': 'Jan 18, 2021', 'x': 1610924400000, 'marker': {'symbol': 'url(https://tmssl.akamaized.net/images/wappen/verysmall/43.png?lm=1522182618)'}}, {'y': 400000, 'verein': 'Heart of Midlothian FC', 'age': '27', 'mw': '€400Th.', 'datum_mw': 'Jun 3, 2021', 'x': 1622671200000, 'marker': {'symbol': 'url(https://tmssl.akamaized.net/images/wappen/verysmall/43.png?lm=1522182618)'}}, {'y': 400000, 'verein': 'Heart of Midlothian FC', 'age': '28', 'mw': '€400Th.', 'datum_mw': 'Dec 31, 2021', 'x': 1640905200000, 'marker': {'symbol': 'url(https://tmssl.akamaized.net/images/wappen/verysmall/43.png?lm=1522182618)'}}]}]	-	1	201'	James Walker		
Josh Ginnelly	Mar 24, 1997	Coventry	25	1,75 m	England	attack - Left Winger	left	Omni-Sports	Heart of Midlothian FC	Jul 1, 2021	May 31, 2023			0	9	9	2.67	3	1	4	4	-	-	-			384'	[{'type': 'line', 'name': 'Market value', 'data': [{'y': 250000, 'verein': 'Preston North End', 'age': '21', 'mw': '€250Th.', 'datum_mw': 'Feb 27, 2019', 'x': 1551222000000, 'marker': {'symbol': 'url(https://tmssl.akamaized.net/images/wappen/verysmall/466.png?lm=1414769167)'}}, {'y': 250000, 'verein': 'Preston North End', 'age': '22', 'mw': '€250Th.', 'datum_mw': 'Jun 28, 2019', 'x': 1561672800000, 'marker': {'symbol': 'url(https://tmssl.akamaized.net/images/wappen/verysmall/466.png?lm=1414769167)'}}, {'y': 300000, 'verein': 'Heart of Midlothian FC', 'age': '23', 'mw': '€300Th.', 'datum_mw': 'Jan 18, 2021', 'x': 1610924400000, 'marker': {'symbol': 'url(https://tmssl.akamaized.net/images/wappen/verysmall/43.png?lm=1522182618)'}}, {'y': 300000, 'verein': 'Preston North End', 'age': '24', 'mw': '€300Th.', 'datum_mw': 'Jun 30, 2021', 'x': 1625004000000, 'marker': {'symbol': 'url(https://tmssl.akamaized.net/images/wappen/verysmall/466.png?lm=1414769167)'}}, {'y': 375000, 'verein': 'Heart of Midlothian FC', 'age': '24', 'mw': '€375Th.', 'datum_mw': 'Dec 31, 2021', 'x': 1640905200000, 'marker': {'symbol': 'url(https://tmssl.akamaized.net/images/wappen/verysmall/43.png?lm=1522182618)'}}]}]	-	-	128'	Joshua Lloyd Ginnelly		
Euan Henderson	Jun 29, 2000	Edinburgh	21	1,75 m	Scotland	attack - Left Winger	right	PLG Scotland	Heart of Midlothian FC	Feb 17, 2020	May 31, 2023	Jun 10, 2020		0	28	15	1.80	3	2	7	7	1	-	-			726'	[{'type': 'line', 'name': 'Market value', 'data': [{'y': 150000, 'verein': 'Heart of Midlothian FC U20', 'age': '17', 'mw': '€150Th.', 'datum_mw': 'Mar 4, 2018', 'x': 1520118000000, 'marker': {'symbol': 'url(https://tmssl.akamaized.net/images/wappen/verysmall/12578.png?lm=1582652971)'}}, {'y': 150000, 'verein': 'Heart of Midlothian FC', 'age': '20', 'mw': '€150Th.', 'datum_mw': 'Jul 21, 2020', 'x': 1595282400000, 'marker': {'symbol': 'url(https://tmssl.akamaized.net/images/wappen/verysmall/43.png?lm=1522182618)'}}, {'y': 150000, 'verein': 'Heart of Midlothian FC', 'age': '20', 'mw': '€150Th.', 'datum_mw': 'Jan 18, 2021', 'x': 1610924400000, 'marker': {'symbol': 'url(https://tmssl.akamaized.net/images/wappen/verysmall/43.png?lm=1522182618)'}}, {'y': 200000, 'verein': 'Heart of Midlothian FC', 'age': '20', 'mw': '€200Th.', 'datum_mw': 'Jun 3, 2021', 'x': 1622671200000, 'marker': {'symbol': 'url(https://tmssl.akamaized.net/images/wappen/verysmall/43.png?lm=1522182618)'}}]}]	-	-	242'			
Liam Boyce	Apr 8, 1991	Belfast	31	1,84 m	Northern Ireland	attack - Centre-Forward	left		Heart of Midlothian FC	Jan 24, 2020	May 31, 2023			0	28	27	2.00	14	7	2	6	1	-	-			2.164'	[{'type': 'line', 'name': 'Market value', 'data': [{'y': 50000, 'verein': 'SV Werder Bremen II', 'age': '19', 'mw': '€50Th.', 'datum_mw': 'Sep 1, 2010', 'x': 1283292000000, 'marker': {'symbol': 'url(https://tmssl.akamaized.net/images/wappen/verysmall/87.png?lm=1403082298)'}}, {'y': 75000, 'verein': 'SV Werder Bremen II', 'age': '19', 'mw': '€75Th.', 'datum_mw': 'Sep 1, 2010', 'x': 1283292000000, 'marker': {'symbol': 'url(https://tmssl.akamaized.net/images/wappen/verysmall/87.png?lm=1403082298)'}}, {'y': 50000, 'verein': 'SV Werder Bremen II', 'age': '20', 'mw': '€50Th.', 'datum_mw': 'May 30, 2011', 'x': 1306706400000, 'marker': {'symbol': 'url(https://tmssl.akamaized.net/images/wappen/verysmall/87.png?lm=1403082298)'}}, {'y': 150000, 'verein': 'Ross County FC', 'age': '23', 'mw': '€150Th.', 'datum_mw': 'Oct 9, 2014', 'x': 1412805600000, 'marker': {'symbol': 'url(https://tmssl.akamaized.net/images/wappen/verysmall/2759.png?lm=1411570059)'}}, {'y': 300000, 'verein': 'Ross County FC', 'age': '24', 'mw': '€300Th.', 'datum_mw': 'Dec 1, 2015', 'x': 1448924400000, 'marker': {'symbol': 'url(https://tmssl.akamaized.net/images/wappen/verysmall/2759.png?lm=1411570059)'}}, {'y': 500000, 'verein': 'Ross County FC', 'age': '25', 'mw': '€500Th.', 'datum_mw': 'Feb 14, 2017', 'x': 1487026800000, 'marker': {'symbol': 'url(https://tmssl.akamaized.net/images/wappen/verysmall/2759.png?lm=1411570059)'}}, {'y': 500000, 'verein': 'Burton Albion', 'age': '26', 'mw': '€500Th.', 'datum_mw': 'Sep 18, 2017', 'x': 1505685600000, 'marker': {'symbol': 'url(https://tmssl.akamaized.net/images/wappen/verysmall/2963.png?lm=1411464349)'}}, {'y': 500000, 'verein': 'Heart of Midlothian FC', 'age': '28', 'mw': '€500Th.', 'datum_mw': 'Feb 5, 2020', 'x': 1580857200000, 'marker': {'symbol': 'url(https://tmssl.akamaized.net/images/wappen/verysmall/43.png?lm=1522182618)'}}, {'y': 400000, 'verein': 'Heart of Midlothian FC', 'age': '29', 'mw': '€400Th.', 'datum_mw': 'Apr 8, 2020', 'x': 1586296800000, 'marker': {'symbol': 'url(https://tmssl.akamaized.net/images/wappen/verysmall/43.png?lm=1522182618)'}}, {'y': 400000, 'verein': 'Heart of Midlothian FC', 'age': '29', 'mw': '€400Th.', 'datum_mw': 'Jul 21, 2020', 'x': 1595282400000, 'marker': {'symbol': 'url(https://tmssl.akamaized.net/images/wappen/verysmall/43.png?lm=1522182618)'}}, {'y': 400000, 'verein': 'Heart of Midlothian FC', 'age': '29', 'mw': '€400Th.', 'datum_mw': 'Jan 18, 2021', 'x': 1610924400000, 'marker': {'symbol': 'url(https://tmssl.akamaized.net/images/wappen/verysmall/43.png?lm=1522182618)'}}, {'y': 600000, 'verein': 'Heart of Midlothian FC', 'age': '30', 'mw': '€600Th.', 'datum_mw': 'Jun 3, 2021', 'x': 1622671200000, 'marker': {'symbol': 'url(https://tmssl.akamaized.net/images/wappen/verysmall/43.png?lm=1522182618)'}}, {'y': 600000, 'verein': 'Heart of Midlothian FC', 'age': '30', 'mw': '€600Th.', 'datum_mw': 'Dec 31, 2021', 'x': 1640905200000, 'marker': {'symbol': 'url(https://tmssl.akamaized.net/images/wappen/verysmall/43.png?lm=1522182618)'}}]}]	-	4	155'			
