Name	Date of birth	Place of birth	Age	Height	Citizenship	Position	Foot	Player agent	Current club	Joined	Contract expires	Contract option	CL Appearances	Squad	Appearances	PPG	Goals	Assists	Sub on	Sub off	Yellow cards	Seccond Yellow Cards	Red cards	Goals conceded	Clean sheets	Minutes played	Market Values	Date of last contract extension	Name in home country	Own goals	Penalty goals	Minutes per goal	Full name	On loan from	Contract there expires	Social-Media
Johannes Kreidl	Mar 7, 1996	Hart im Zillertal	26	1,94 m	Austria	Goalkeeper	right	Unique Sports Group	Kuopion Palloseura	Jan 1, 2021	Dec 31, 2022	club option 1 year	0.0	33	25	2.28	-	-	1	-	1	-	-	19	13	2.162'	[{'type': 'line', 'name': 'Market value', 'data': [{'y': 25000, 'verein': 'Hamburger SV II', 'age': '18', 'mw': '€25Th.', 'datum_mw': 'Aug 18, 2014', 'x': 1408312800000, 'marker': {'symbol': 'url(https://tmssl.akamaized.net/images/wappen/verysmall/41_1597319408.png?lm=1597319385)'}}, {'y': 50000, 'verein': 'Hamburger SV II', 'age': '18', 'mw': '€50Th.', 'datum_mw': 'Feb 8, 2015', 'x': 1423350000000, 'marker': {'symbol': 'url(https://tmssl.akamaized.net/images/wappen/verysmall/41_1597319408.png?lm=1597319385)'}}, {'y': 100000, 'verein': 'Hamburger SV II', 'age': '19', 'mw': '€100Th.', 'datum_mw': 'Jul 14, 2015', 'x': 1436824800000, 'marker': {'symbol': 'url(https://tmssl.akamaized.net/images/wappen/verysmall/41_1597319408.png?lm=1597319385)'}}, {'y': 75000, 'verein': 'Hamburger SV II', 'age': '19', 'mw': '€75Th.', 'datum_mw': 'Nov 4, 2015', 'x': 1446591600000, 'marker': {'symbol': 'url(https://tmssl.akamaized.net/images/wappen/verysmall/41_1597319408.png?lm=1597319385)'}}, {'y': 100000, 'verein': 'Kuopion Palloseura', 'age': '20', 'mw': '€100Th.', 'datum_mw': 'Mar 10, 2016', 'x': 1457564400000, 'marker': {'symbol': 'url(https://tmssl.akamaized.net/images/wappen/verysmall/6251.png?lm=1619270903)'}}, {'y': 150000, 'verein': 'Kuopion Palloseura', 'age': '20', 'mw': '€150Th.', 'datum_mw': 'May 15, 2016', 'x': 1463263200000, 'marker': {'symbol': 'url(https://tmssl.akamaized.net/images/wappen/verysmall/6251.png?lm=1619270903)'}}, {'y': 150000, 'verein': 'Kuopion Palloseura', 'age': '20', 'mw': '€150Th.', 'datum_mw': 'Jul 9, 2016', 'x': 1468015200000, 'marker': {'symbol': 'url(https://tmssl.akamaized.net/images/wappen/verysmall/6251.png?lm=1619270903)'}}, {'y': 150000, 'verein': 'Kuopion Palloseura', 'age': '20', 'mw': '€150Th.', 'datum_mw': 'Oct 28, 2016', 'x': 1477605600000, 'marker': {'symbol': 'url(https://tmssl.akamaized.net/images/wappen/verysmall/6251.png?lm=1619270903)'}}, {'y': 100000, 'verein': '1.FC Nuremberg II', 'age': '21', 'mw': '€100Th.', 'datum_mw': 'Aug 20, 2017', 'x': 1503180000000, 'marker': {'symbol': 'url(https://tmssl.akamaized.net/images/wappen/verysmall/473.png?lm=1525459914)'}}, {'y': 100000, 'verein': '1.FC Nuremberg II', 'age': '21', 'mw': '€100Th.', 'datum_mw': 'Feb 20, 2018', 'x': 1519081200000, 'marker': {'symbol': 'url(https://tmssl.akamaized.net/images/wappen/verysmall/473.png?lm=1525459914)'}}, {'y': 200000, 'verein': 'SV Ried', 'age': '22', 'mw': '€200Th.', 'datum_mw': 'Jul 2, 2018', 'x': 1530482400000, 'marker': {'symbol': 'url(https://tmssl.akamaized.net/images/wappen/verysmall/266.png?lm=1521280373)'}}, {'y': 250000, 'verein': 'SV Ried', 'age': '22', 'mw': '€250Th.', 'datum_mw': 'Dec 1, 2018', 'x': 1543618800000, 'marker': {'symbol': 'url(https://tmssl.akamaized.net/images/wappen/verysmall/266.png?lm=1521280373)'}}, {'y': 300000, 'verein': 'SV Ried', 'age': '23', 'mw': '€300Th.', 'datum_mw': 'Jun 1, 2019', 'x': 1559340000000, 'marker': {'symbol': 'url(https://tmssl.akamaized.net/images/wappen/verysmall/266.png?lm=1521280373)'}}, {'y': 350000, 'verein': 'SV Ried', 'age': '23', 'mw': '€350Th.', 'datum_mw': 'Dec 3, 2019', 'x': 1575327600000, 'marker': {'symbol': 'url(https://tmssl.akamaized.net/images/wappen/verysmall/266.png?lm=1521280373)'}}, {'y': 300000, 'verein': 'SV Ried', 'age': '24', 'mw': '€300Th.', 'datum_mw': 'Apr 8, 2020', 'x': 1586296800000, 'marker': {'symbol': 'url(https://tmssl.akamaized.net/images/wappen/verysmall/266.png?lm=1521280373)'}}, {'y': 350000, 'verein': 'SV Ried', 'age': '24', 'mw': '€350Th.', 'datum_mw': 'Jul 31, 2020', 'x': 1596146400000, 'marker': {'symbol': 'url(https://tmssl.akamaized.net/images/wappen/verysmall/266.png?lm=1521280373)'}}, {'y': 300000, 'verein': 'Kuopion Palloseura', 'age': '25', 'mw': '€300Th.', 'datum_mw': 'Apr 6, 2021', 'x': 1617660000000, 'marker': {'symbol': 'url(https://tmssl.akamaized.net/images/wappen/verysmall/6251.png?lm=1619270903)'}}, {'y': 400000, 'verein': 'Kuopion Palloseura', 'age': '25', 'mw': '€400Th.', 'datum_mw': 'Aug 2, 2021', 'x': 1627855200000, 'marker': {'symbol': 'url(https://tmssl.akamaized.net/images/wappen/verysmall/6251.png?lm=1619270903)'}}, {'y': 450000, 'verein': 'Kuopion Palloseura', 'age': '25', 'mw': '€450Th.', 'datum_mw': 'Nov 2, 2021', 'x': 1635807600000, 'marker': {'symbol': 'url(https://tmssl.akamaized.net/images/wappen/verysmall/6251.png?lm=1619270903)'}}, {'y': 450000, 'verein': 'Kuopion Palloseura', 'age': '26', 'mw': '€450Th.', 'datum_mw': 'Apr 15, 2022', 'x': 1649973600000, 'marker': {'symbol': 'url(https://tmssl.akamaized.net/images/wappen/verysmall/6251.png?lm=1619270903)'}}]}]									
Otso Virtanen	Apr 3, 1994	Turku	28	1,96 m	Finland	Goalkeeper	right	me(h)rsport GmbH & Co. KG	Kuopion Palloseura	Jan 15, 2017	Dec 31, 2023		0.0	16	14	1.79	-	-	-	1	-	-	-	16	7	1.318'	[{'type': 'line', 'name': 'Market value', 'data': [{'y': 25000, 'verein': 'Unknown', 'age': '17', 'mw': '€25Th.', 'datum_mw': 'Feb 2, 2012', 'x': 1328137200000, 'marker': {'symbol': 'url(https://tmssl.akamaized.net/images/wappen/verysmall/75.png?lm=1456997316)'}}, {'y': 75000, 'verein': 'IFK Mariehamn', 'age': '20', 'mw': '€75Th.', 'datum_mw': 'May 8, 2014', 'x': 1399500000000, 'marker': {'symbol': 'url(https://tmssl.akamaized.net/images/wappen/verysmall/6017.png?lm=1415787178)'}}, {'y': 150000, 'verein': 'IFK Mariehamn', 'age': '20', 'mw': '€150Th.', 'datum_mw': 'Sep 18, 2014', 'x': 1410991200000, 'marker': {'symbol': 'url(https://tmssl.akamaized.net/images/wappen/verysmall/6017.png?lm=1415787178)'}}, {'y': 250000, 'verein': 'IFK Mariehamn', 'age': '20', 'mw': '€250Th.', 'datum_mw': 'Nov 6, 2014', 'x': 1415228400000, 'marker': {'symbol': 'url(https://tmssl.akamaized.net/images/wappen/verysmall/6017.png?lm=1415787178)'}}, {'y': 250000, 'verein': 'IFK Mariehamn', 'age': '21', 'mw': '€250Th.', 'datum_mw': 'Aug 25, 2015', 'x': 1440453600000, 'marker': {'symbol': 'url(https://tmssl.akamaized.net/images/wappen/verysmall/6017.png?lm=1415787178)'}}, {'y': 250000, 'verein': 'IFK Mariehamn', 'age': '21', 'mw': '€250Th.', 'datum_mw': 'Nov 2, 2015', 'x': 1446418800000, 'marker': {'symbol': 'url(https://tmssl.akamaized.net/images/wappen/verysmall/6017.png?lm=1415787178)'}}, {'y': 200000, 'verein': 'Hibernian FC', 'age': '22', 'mw': '€200Th.', 'datum_mw': 'Nov 16, 2016', 'x': 1479250800000, 'marker': {'symbol': 'url(https://tmssl.akamaized.net/images/wappen/verysmall/903.png?lm=1534336641)'}}, {'y': 150000, 'verein': 'Kuopion Palloseura', 'age': '22', 'mw': '€150Th.', 'datum_mw': 'Mar 25, 2017', 'x': 1490396400000, 'marker': {'symbol': 'url(https://tmssl.akamaized.net/images/wappen/verysmall/6251.png?lm=1619270903)'}}, {'y': 150000, 'verein': 'Kuopion Palloseura', 'age': '23', 'mw': '€150Th.', 'datum_mw': 'Jun 25, 2017', 'x': 1498341600000, 'marker': {'symbol': 'url(https://tmssl.akamaized.net/images/wappen/verysmall/6251.png?lm=1619270903)'}}, {'y': 200000, 'verein': 'Kuopion Palloseura', 'age': '23', 'mw': '€200Th.', 'datum_mw': 'Oct 29, 2017', 'x': 1509228000000, 'marker': {'symbol': 'url(https://tmssl.akamaized.net/images/wappen/verysmall/6251.png?lm=1619270903)'}}, {'y': 200000, 'verein': 'Kuopion Palloseura', 'age': '24', 'mw': '€200Th.', 'datum_mw': 'Apr 25, 2018', 'x': 1524607200000, 'marker': {'symbol': 'url(https://tmssl.akamaized.net/images/wappen/verysmall/6251.png?lm=1619270903)'}}, {'y': 200000, 'verein': 'Kuopion Palloseura', 'age': '24', 'mw': '€200Th.', 'datum_mw': 'Oct 23, 2018', 'x': 1540245600000, 'marker': {'symbol': 'url(https://tmssl.akamaized.net/images/wappen/verysmall/6251.png?lm=1619270903)'}}, {'y': 200000, 'verein': 'Kuopion Palloseura', 'age': '25', 'mw': '€200Th.', 'datum_mw': 'Apr 4, 2019', 'x': 1554328800000, 'marker': {'symbol': 'url(https://tmssl.akamaized.net/images/wappen/verysmall/6251.png?lm=1619270903)'}}, {'y': 250000, 'verein': 'Kuopion Palloseura', 'age': '25', 'mw': '€250Th.', 'datum_mw': 'Jul 25, 2019', 'x': 1564005600000, 'marker': {'symbol': 'url(https://tmssl.akamaized.net/images/wappen/verysmall/6251.png?lm=1619270903)'}}, {'y': 350000, 'verein': 'Kuopion Palloseura', 'age': '25', 'mw': '€350Th.', 'datum_mw': 'Oct 20, 2019', 'x': 1571522400000, 'marker': {'symbol': 'url(https://tmssl.akamaized.net/images/wappen/verysmall/6251.png?lm=1619270903)'}}, {'y': 300000, 'verein': 'Kuopion Palloseura', 'age': '26', 'mw': '€300Th.', 'datum_mw': 'Apr 8, 2020', 'x': 1586296800000, 'marker': {'symbol': 'url(https://tmssl.akamaized.net/images/wappen/verysmall/6251.png?lm=1619270903)'}}, {'y': 350000, 'verein': 'Kuopion Palloseura', 'age': '26', 'mw': '€350Th.', 'datum_mw': 'May 17, 2020', 'x': 1589666400000, 'marker': {'symbol': 'url(https://tmssl.akamaized.net/images/wappen/verysmall/6251.png?lm=1619270903)'}}, {'y': 350000, 'verein': 'Kuopion Palloseura', 'age': '26', 'mw': '€350Th.', 'datum_mw': 'Aug 31, 2020', 'x': 1598824800000, 'marker': {'symbol': 'url(https://tmssl.akamaized.net/images/wappen/verysmall/6251.png?lm=1619270903)'}}, {'y': 400000, 'verein': 'Kuopion Palloseura', 'age': '27', 'mw': '€400Th.', 'datum_mw': 'Apr 6, 2021', 'x': 1617660000000, 'marker': {'symbol': 'url(https://tmssl.akamaized.net/images/wappen/verysmall/6251.png?lm=1619270903)'}}, {'y': 350000, 'verein': 'Kuopion Palloseura', 'age': '27', 'mw': '€350Th.', 'datum_mw': 'Aug 2, 2021', 'x': 1627855200000, 'marker': {'symbol': 'url(https://tmssl.akamaized.net/images/wappen/verysmall/6251.png?lm=1619270903)'}}, {'y': 250000, 'verein': 'Kuopion Palloseura', 'age': '27', 'mw': '€250Th.', 'datum_mw': 'Nov 2, 2021', 'x': 1635807600000, 'marker': {'symbol': 'url(https://tmssl.akamaized.net/images/wappen/verysmall/6251.png?lm=1619270903)'}}, {'y': 200000, 'verein': 'Kuopion Palloseura', 'age': '28', 'mw': '€200Th.', 'datum_mw': 'Apr 15, 2022', 'x': 1649973600000, 'marker': {'symbol': 'url(https://tmssl.akamaized.net/images/wappen/verysmall/6251.png?lm=1619270903)'}}]}]	Dec 14, 2021								
Paulo Ricardo	Jul 13, 1994	Laguna	27	1,86 m	Brazil	Defender - Centre-Back	right	Argon Sport	Kuopion Palloseura	Aug 7, 2021	Dec 31, 2022		0.0	24	21	1.81	2	-	-	3	4	-	-			1.721'	[{'type': 'line', 'name': 'Market value', 'data': [{'y': 100000, 'verein': 'Unknown', 'age': '20', 'mw': '€100Th.', 'datum_mw': 'Aug 6, 2014', 'x': 1407276000000, 'marker': {'symbol': 'url(https://tmssl.akamaized.net/images/wappen/verysmall/75.png?lm=1456997316)'}}, {'y': 100000, 'verein': 'Santos FC', 'age': '20', 'mw': '€100Th.', 'datum_mw': 'Feb 1, 2015', 'x': 1422745200000, 'marker': {'symbol': 'url(https://tmssl.akamaized.net/images/wappen/verysmall/221.png?lm=1412879099)'}}, {'y': 250000, 'verein': 'Santos FC', 'age': '20', 'mw': '€250Th.', 'datum_mw': 'May 31, 2015', 'x': 1433023200000, 'marker': {'symbol': 'url(https://tmssl.akamaized.net/images/wappen/verysmall/221.png?lm=1412879099)'}}, {'y': 250000, 'verein': 'Santos FC', 'age': '21', 'mw': '€250Th.', 'datum_mw': 'Dec 15, 2015', 'x': 1450134000000, 'marker': {'symbol': 'url(https://tmssl.akamaized.net/images/wappen/verysmall/221.png?lm=1412879099)'}}, {'y': 250000, 'verein': 'Santos FC', 'age': '21', 'mw': '€250Th.', 'datum_mw': 'May 27, 2016', 'x': 1464300000000, 'marker': {'symbol': 'url(https://tmssl.akamaized.net/images/wappen/verysmall/221.png?lm=1412879099)'}}, {'y': 250000, 'verein': 'FC Sion', 'age': '22', 'mw': '€250Th.', 'datum_mw': 'Dec 20, 2016', 'x': 1482188400000, 'marker': {'symbol': 'url(https://tmssl.akamaized.net/images/wappen/verysmall/321.png?lm=1629794512)'}}, {'y': 250000, 'verein': 'FC Sion', 'age': '22', 'mw': '€250Th.', 'datum_mw': 'Jul 12, 2017', 'x': 1499810400000, 'marker': {'symbol': 'url(https://tmssl.akamaized.net/images/wappen/verysmall/321.png?lm=1629794512)'}}, {'y': 200000, 'verein': 'FC Sion', 'age': '23', 'mw': '€200Th.', 'datum_mw': 'Jan 8, 2018', 'x': 1515366000000, 'marker': {'symbol': 'url(https://tmssl.akamaized.net/images/wappen/verysmall/321.png?lm=1629794512)'}}, {'y': 200000, 'verein': 'FC Sion', 'age': '23', 'mw': '€200Th.', 'datum_mw': 'Apr 24, 2018', 'x': 1524520800000, 'marker': {'symbol': 'url(https://tmssl.akamaized.net/images/wappen/verysmall/321.png?lm=1629794512)'}}, {'y': 200000, 'verein': 'FC Sion', 'age': '23', 'mw': '€200Th.', 'datum_mw': 'Jul 12, 2018', 'x': 1531346400000, 'marker': {'symbol': 'url(https://tmssl.akamaized.net/images/wappen/verysmall/321.png?lm=1629794512)'}}, {'y': 800000, 'verein': 'Fluminense Football Club', 'age': '24', 'mw': '€800Th.', 'datum_mw': 'Feb 18, 2019', 'x': 1550444400000, 'marker': {'symbol': 'url(https://tmssl.akamaized.net/images/wappen/verysmall/2462.png?lm=1648225934)'}}, {'y': 700000, 'verein': 'Goiás Esporte Clube', 'age': '25', 'mw': '€700Th.', 'datum_mw': 'Nov 27, 2019', 'x': 1574809200000, 'marker': {'symbol': 'url(https://tmssl.akamaized.net/images/wappen/verysmall/3197.png?lm=1412879713)'}}, {'y': 550000, 'verein': 'Figueirense Futebol Clube', 'age': '25', 'mw': '€550Th.', 'datum_mw': 'Apr 8, 2020', 'x': 1586296800000, 'marker': {'symbol': 'url(https://tmssl.akamaized.net/images/wappen/verysmall/4064.png?lm=1412879618)'}}, {'y': 450000, 'verein': 'Kuopion Palloseura', 'age': '27', 'mw': '€450Th.', 'datum_mw': 'Nov 2, 2021', 'x': 1635807600000, 'marker': {'symbol': 'url(https://tmssl.akamaized.net/images/wappen/verysmall/6251.png?lm=1619270903)'}}, {'y': 450000, 'verein': 'Kuopion Palloseura', 'age': '27', 'mw': '€450Th.', 'datum_mw': 'Apr 15, 2022', 'x': 1649973600000, 'marker': {'symbol': 'url(https://tmssl.akamaized.net/images/wappen/verysmall/6251.png?lm=1619270903)'}}]}]		Paulo Ricardo Ferreira	-	-	861'				
Diogo Tomas	Jul 31, 1997	Oulu	24	1,93 m	"Finland
  Portugal"	Defender - Centre-Back	right	Aaltoa	Kuopion Palloseura	Jan 1, 2021	Dec 31, 2022		0.0	30	30	2.27	7	1	-	-	7	-	-			2.760'	[{'type': 'line', 'name': 'Market value', 'data': [{'y': 25000, 'verein': 'Unknown', 'age': '18', 'mw': '€25Th.', 'datum_mw': 'Nov 2, 2015', 'x': 1446418800000, 'marker': {'symbol': 'url(https://tmssl.akamaized.net/images/wappen/verysmall/75.png?lm=1456997316)'}}, {'y': 25000, 'verein': 'Ilves Tampere', 'age': '18', 'mw': '€25Th.', 'datum_mw': 'Mar 10, 2016', 'x': 1457564400000, 'marker': {'symbol': 'url(https://tmssl.akamaized.net/images/wappen/verysmall/3189.png?lm=1455922551)'}}, {'y': 25000, 'verein': 'Mikkelin Palloilijat', 'age': '18', 'mw': '€25Th.', 'datum_mw': 'Jun 15, 2016', 'x': 1465941600000, 'marker': {'symbol': 'url(https://tmssl.akamaized.net/images/wappen/verysmall/21520.png?lm=1422267334)'}}, {'y': 25000, 'verein': 'Ilves Tampere', 'age': '18', 'mw': '€25Th.', 'datum_mw': 'Jul 9, 2016', 'x': 1468015200000, 'marker': {'symbol': 'url(https://tmssl.akamaized.net/images/wappen/verysmall/3189.png?lm=1455922551)'}}, {'y': 25000, 'verein': 'Ilves Tampere', 'age': '19', 'mw': '€25Th.', 'datum_mw': 'Oct 28, 2016', 'x': 1477605600000, 'marker': {'symbol': 'url(https://tmssl.akamaized.net/images/wappen/verysmall/3189.png?lm=1455922551)'}}, {'y': 25000, 'verein': 'FC Haka', 'age': '19', 'mw': '€25Th.', 'datum_mw': 'Jul 8, 2017', 'x': 1499464800000, 'marker': {'symbol': 'url(https://tmssl.akamaized.net/images/wappen/verysmall/1225.png?lm=1422293683)'}}, {'y': 25000, 'verein': 'FC Haka', 'age': '20', 'mw': '€25Th.', 'datum_mw': 'Oct 15, 2017', 'x': 1508018400000, 'marker': {'symbol': 'url(https://tmssl.akamaized.net/images/wappen/verysmall/1225.png?lm=1422293683)'}}, {'y': 25000, 'verein': 'Ilves Tampere', 'age': '20', 'mw': '€25Th.', 'datum_mw': 'Apr 25, 2018', 'x': 1524607200000, 'marker': {'symbol': 'url(https://tmssl.akamaized.net/images/wappen/verysmall/3189.png?lm=1455922551)'}}, {'y': 150000, 'verein': 'Ilves Tampere', 'age': '21', 'mw': '€150Th.', 'datum_mw': 'Oct 23, 2018', 'x': 1540245600000, 'marker': {'symbol': 'url(https://tmssl.akamaized.net/images/wappen/verysmall/3189.png?lm=1455922551)'}}, {'y': 150000, 'verein': 'Ilves Tampere', 'age': '21', 'mw': '€150Th.', 'datum_mw': 'Apr 4, 2019', 'x': 1554328800000, 'marker': {'symbol': 'url(https://tmssl.akamaized.net/images/wappen/verysmall/3189.png?lm=1455922551)'}}, {'y': 100000, 'verein': 'Ilves Tampere', 'age': '21', 'mw': '€100Th.', 'datum_mw': 'Jul 25, 2019', 'x': 1564005600000, 'marker': {'symbol': 'url(https://tmssl.akamaized.net/images/wappen/verysmall/3189.png?lm=1455922551)'}}, {'y': 100000, 'verein': 'Ilves Tampere', 'age': '22', 'mw': '€100Th.', 'datum_mw': 'Oct 20, 2019', 'x': 1571522400000, 'marker': {'symbol': 'url(https://tmssl.akamaized.net/images/wappen/verysmall/3189.png?lm=1455922551)'}}, {'y': 100000, 'verein': 'Ilves Tampere', 'age': '22', 'mw': '€100Th.', 'datum_mw': 'May 17, 2020', 'x': 1589666400000, 'marker': {'symbol': 'url(https://tmssl.akamaized.net/images/wappen/verysmall/3189.png?lm=1455922551)'}}, {'y': 150000, 'verein': 'Ilves Tampere', 'age': '23', 'mw': '€150Th.', 'datum_mw': 'Aug 31, 2020', 'x': 1598824800000, 'marker': {'symbol': 'url(https://tmssl.akamaized.net/images/wappen/verysmall/3189.png?lm=1455922551)'}}, {'y': 200000, 'verein': 'Kuopion Palloseura', 'age': '23', 'mw': '€200Th.', 'datum_mw': 'Apr 6, 2021', 'x': 1617660000000, 'marker': {'symbol': 'url(https://tmssl.akamaized.net/images/wappen/verysmall/6251.png?lm=1619270903)'}}, {'y': 400000, 'verein': 'Kuopion Palloseura', 'age': '24', 'mw': '€400Th.', 'datum_mw': 'Aug 2, 2021', 'x': 1627855200000, 'marker': {'symbol': 'url(https://tmssl.akamaized.net/images/wappen/verysmall/6251.png?lm=1619270903)'}}, {'y': 450000, 'verein': 'Kuopion Palloseura', 'age': '24', 'mw': '€450Th.', 'datum_mw': 'Nov 2, 2021', 'x': 1635807600000, 'marker': {'symbol': 'url(https://tmssl.akamaized.net/images/wappen/verysmall/6251.png?lm=1619270903)'}}, {'y': 450000, 'verein': 'Kuopion Palloseura', 'age': '24', 'mw': '€450Th.', 'datum_mw': 'Apr 15, 2022', 'x': 1649973600000, 'marker': {'symbol': 'url(https://tmssl.akamaized.net/images/wappen/verysmall/6251.png?lm=1619270903)'}}]}]			-	-	394'				
Taneli Hämäläinen	Apr 16, 2001		21		Finland	Defender - Centre-Back	right	All-In Sports Management	Kuopion Palloseura	Jan 1, 2020	Dec 31, 2024		0.0	29	29	2.21	2	-	5	5	3	-	-			2.305'	[{'type': 'line', 'name': 'Market value', 'data': [{'y': 25000, 'verein': 'Kuopion Palloseura', 'age': '19', 'mw': '€25Th.', 'datum_mw': 'May 17, 2020', 'x': 1589666400000, 'marker': {'symbol': 'url(https://tmssl.akamaized.net/images/wappen/verysmall/6251.png?lm=1619270903)'}}, {'y': 25000, 'verein': 'Kuopion Palloseura', 'age': '19', 'mw': '€25Th.', 'datum_mw': 'Aug 31, 2020', 'x': 1598824800000, 'marker': {'symbol': 'url(https://tmssl.akamaized.net/images/wappen/verysmall/6251.png?lm=1619270903)'}}, {'y': 25000, 'verein': 'Kuopion Palloseura', 'age': '19', 'mw': '€25Th.', 'datum_mw': 'Apr 6, 2021', 'x': 1617660000000, 'marker': {'symbol': 'url(https://tmssl.akamaized.net/images/wappen/verysmall/6251.png?lm=1619270903)'}}, {'y': 200000, 'verein': 'Kuopion Palloseura', 'age': '20', 'mw': '€200Th.', 'datum_mw': 'Aug 2, 2021', 'x': 1627855200000, 'marker': {'symbol': 'url(https://tmssl.akamaized.net/images/wappen/verysmall/6251.png?lm=1619270903)'}}, {'y': 250000, 'verein': 'Kuopion Palloseura', 'age': '20', 'mw': '€250Th.', 'datum_mw': 'Nov 2, 2021', 'x': 1635807600000, 'marker': {'symbol': 'url(https://tmssl.akamaized.net/images/wappen/verysmall/6251.png?lm=1619270903)'}}, {'y': 250000, 'verein': 'Kuopion Palloseura', 'age': '20', 'mw': '€250Th.', 'datum_mw': 'Apr 15, 2022', 'x': 1649973600000, 'marker': {'symbol': 'url(https://tmssl.akamaized.net/images/wappen/verysmall/6251.png?lm=1619270903)'}}]}]	Nov 8, 2021		-	-	1.153'				
Henri Toivomäki	Feb 21, 1991	Mäntsälä	31	1,84 m	Finland	Defender - Centre-Back	right	no agent	Kuopion Palloseura	Jan 1, 2021	Dec 31, 2022		0.0	25	25	2.32	1	-	-	3	2	-	-			2.230'	[{'type': 'line', 'name': 'Market value', 'data': [{'y': 600000, 'verein': 'FC Lahti', 'age': '17', 'mw': '€600Th.', 'datum_mw': 'Oct 21, 2008', 'x': 1224540000000, 'marker': {'symbol': 'url(https://tmssl.akamaized.net/images/wappen/verysmall/2925_1617393778.png?lm=1617393778)'}}, {'y': 650000, 'verein': 'FC Lahti', 'age': '18', 'mw': '€650Th.', 'datum_mw': 'Jul 20, 2009', 'x': 1248040800000, 'marker': {'symbol': 'url(https://tmssl.akamaized.net/images/wappen/verysmall/2925_1617393778.png?lm=1617393778)'}}, {'y': 500000, 'verein': 'Atalanta Primavera', 'age': '18', 'mw': '€500Th.', 'datum_mw': 'Jan 4, 2010', 'x': 1262559600000, 'marker': {'symbol': 'url(https://tmssl.akamaized.net/images/wappen/verysmall/11998.png?lm=1568219998)'}}, {'y': 300000, 'verein': 'Atalanta Primavera', 'age': '18', 'mw': '€300Th.', 'datum_mw': 'Feb 20, 2010', 'x': 1266620400000, 'marker': {'symbol': 'url(https://tmssl.akamaized.net/images/wappen/verysmall/11998.png?lm=1568219998)'}}, {'y': 200000, 'verein': 'Almere City FC', 'age': '22', 'mw': '€200Th.', 'datum_mw': 'Jun 4, 2013', 'x': 1370296800000, 'marker': {'symbol': 'url(https://tmssl.akamaized.net/images/wappen/verysmall/723.png?lm=1588851577)'}}, {'y': 250000, 'verein': 'FC Lahti', 'age': '23', 'mw': '€250Th.', 'datum_mw': 'May 8, 2014', 'x': 1399500000000, 'marker': {'symbol': 'url(https://tmssl.akamaized.net/images/wappen/verysmall/2925_1617393778.png?lm=1617393778)'}}, {'y': 300000, 'verein': 'FC Lahti', 'age': '23', 'mw': '€300Th.', 'datum_mw': 'Nov 4, 2014', 'x': 1415055600000, 'marker': {'symbol': 'url(https://tmssl.akamaized.net/images/wappen/verysmall/2925_1617393778.png?lm=1617393778)'}}, {'y': 300000, 'verein': 'FC Lahti', 'age': '24', 'mw': '€300Th.', 'datum_mw': 'Aug 25, 2015', 'x': 1440453600000, 'marker': {'symbol': 'url(https://tmssl.akamaized.net/images/wappen/verysmall/2925_1617393778.png?lm=1617393778)'}}, {'y': 200000, 'verein': 'FC Lahti', 'age': '24', 'mw': '€200Th.', 'datum_mw': 'Nov 2, 2015', 'x': 1446418800000, 'marker': {'symbol': 'url(https://tmssl.akamaized.net/images/wappen/verysmall/2925_1617393778.png?lm=1617393778)'}}, {'y': 100000, 'verein': 'Sarpsborg 08 FF', 'age': '25', 'mw': '€100Th.', 'datum_mw': 'Dec 18, 2016', 'x': 1482015600000, 'marker': {'symbol': 'url(https://tmssl.akamaized.net/images/wappen/verysmall/10217.png?lm=1410172953)'}}, {'y': 100000, 'verein': 'Sarpsborg 08 FF', 'age': '26', 'mw': '€100Th.', 'datum_mw': 'Dec 23, 2017', 'x': 1513983600000, 'marker': {'symbol': 'url(https://tmssl.akamaized.net/images/wappen/verysmall/10217.png?lm=1410172953)'}}, {'y': 100000, 'verein': 'Kuopion Palloseura', 'age': '27', 'mw': '€100Th.', 'datum_mw': 'Apr 25, 2018', 'x': 1524607200000, 'marker': {'symbol': 'url(https://tmssl.akamaized.net/images/wappen/verysmall/6251.png?lm=1619270903)'}}, {'y': 200000, 'verein': 'Kuopion Palloseura', 'age': '27', 'mw': '€200Th.', 'datum_mw': 'Oct 23, 2018', 'x': 1540245600000, 'marker': {'symbol': 'url(https://tmssl.akamaized.net/images/wappen/verysmall/6251.png?lm=1619270903)'}}, {'y': 200000, 'verein': 'HJK Helsinki', 'age': '28', 'mw': '€200Th.', 'datum_mw': 'Apr 4, 2019', 'x': 1554328800000, 'marker': {'symbol': 'url(https://tmssl.akamaized.net/images/wappen/verysmall/1008_1640111292.png?lm=1640111292)'}}, {'y': 200000, 'verein': 'HJK Helsinki', 'age': '28', 'mw': '€200Th.', 'datum_mw': 'Jul 25, 2019', 'x': 1564005600000, 'marker': {'symbol': 'url(https://tmssl.akamaized.net/images/wappen/verysmall/1008_1640111292.png?lm=1640111292)'}}, {'y': 200000, 'verein': 'HJK Helsinki', 'age': '28', 'mw': '€200Th.', 'datum_mw': 'Oct 20, 2019', 'x': 1571522400000, 'marker': {'symbol': 'url(https://tmssl.akamaized.net/images/wappen/verysmall/1008_1640111292.png?lm=1640111292)'}}, {'y': 200000, 'verein': 'HJK Helsinki', 'age': '29', 'mw': '€200Th.', 'datum_mw': 'May 17, 2020', 'x': 1589666400000, 'marker': {'symbol': 'url(https://tmssl.akamaized.net/images/wappen/verysmall/1008_1640111292.png?lm=1640111292)'}}, {'y': 150000, 'verein': 'HJK Helsinki', 'age': '29', 'mw': '€150Th.', 'datum_mw': 'Aug 31, 2020', 'x': 1598824800000, 'marker': {'symbol': 'url(https://tmssl.akamaized.net/images/wappen/verysmall/1008.png?lm=1653665348)'}}, {'y': 150000, 'verein': 'Kuopion Palloseura', 'age': '30', 'mw': '€150Th.', 'datum_mw': 'Apr 6, 2021', 'x': 1617660000000, 'marker': {'symbol': 'url(https://tmssl.akamaized.net/images/wappen/verysmall/6251.png?lm=1619270903)'}}, {'y': 200000, 'verein': 'Kuopion Palloseura', 'age': '30', 'mw': '€200Th.', 'datum_mw': 'Aug 2, 2021', 'x': 1627855200000, 'marker': {'symbol': 'url(https://tmssl.akamaized.net/images/wappen/verysmall/6251.png?lm=1619270903)'}}, {'y': 200000, 'verein': 'Kuopion Palloseura', 'age': '30', 'mw': '€200Th.', 'datum_mw': 'Nov 2, 2021', 'x': 1635807600000, 'marker': {'symbol': 'url(https://tmssl.akamaized.net/images/wappen/verysmall/6251.png?lm=1619270903)'}}, {'y': 200000, 'verein': 'Kuopion Palloseura', 'age': '31', 'mw': '€200Th.', 'datum_mw': 'Apr 15, 2022', 'x': 1649973600000, 'marker': {'symbol': 'url(https://tmssl.akamaized.net/images/wappen/verysmall/6251.png?lm=1619270903)'}}]}]		Henri Olavi Toivomäki	-	-	2.230'				
Elias Salminen																																				
Tony Miettinen	Sep 23, 2002		19		Finland	Defender - Centre-Back		FTC	Kuopion Palloseura	Aug 12, 2021	Dec 31, 2023		0.0	21	21	1.76	1	-	5	6	5	-	-			1.374'	[{'type': 'line', 'name': 'Market value', 'data': [{'y': 25000, 'verein': 'Kuopion Palloseura', 'age': '16', 'mw': '€25Th.', 'datum_mw': 'Apr 4, 2019', 'x': 1554328800000, 'marker': {'symbol': 'url(https://tmssl.akamaized.net/images/wappen/verysmall/6251.png?lm=1619270903)'}}, {'y': 25000, 'verein': 'Kuopion Palloseura', 'age': '16', 'mw': '€25Th.', 'datum_mw': 'Jul 25, 2019', 'x': 1564005600000, 'marker': {'symbol': 'url(https://tmssl.akamaized.net/images/wappen/verysmall/6251.png?lm=1619270903)'}}, {'y': 50000, 'verein': 'FC Nordsjaelland U19', 'age': '18', 'mw': '€50Th.', 'datum_mw': 'Dec 23, 2020', 'x': 1608678000000, 'marker': {'symbol': 'url(https://tmssl.akamaized.net/images/wappen/verysmall/14355.png?lm=1564262815)'}}, {'y': 50000, 'verein': 'FC Nordsjaelland U19', 'age': '18', 'mw': '€50Th.', 'datum_mw': 'Jun 4, 2021', 'x': 1622757600000, 'marker': {'symbol': 'url(https://tmssl.akamaized.net/images/wappen/verysmall/14355.png?lm=1564262815)'}}, {'y': 25000, 'verein': 'Kuopion Palloseura', 'age': '19', 'mw': '€25Th.', 'datum_mw': 'Nov 2, 2021', 'x': 1635807600000, 'marker': {'symbol': 'url(https://tmssl.akamaized.net/images/wappen/verysmall/6251.png?lm=1619270903)'}}, {'y': 25000, 'verein': 'Kuopion Palloseura', 'age': '19', 'mw': '€25Th.', 'datum_mw': 'Apr 15, 2022', 'x': 1649973600000, 'marker': {'symbol': 'url(https://tmssl.akamaized.net/images/wappen/verysmall/6251.png?lm=1619270903)'}}]}]			-	-	1.374'				
Daniel Carrillo	Dec 2, 1995	Barquisimeto, Lara	26	1,75 m	Venezuela	Defender - Left-Back	left	Linko	Kuopion Palloseura	Feb 4, 2021	Dec 31, 2022		0.0	28	27	2.22	1	3	7	4	1	1	-			1.950'	[{'type': 'line', 'name': 'Market value', 'data': [{'y': 75000, 'verein': 'Deportivo Lara', 'age': '20', 'mw': '€75Th.', 'datum_mw': 'Mar 16, 2016', 'x': 1458082800000, 'marker': {'symbol': 'url(https://tmssl.akamaized.net/images/wappen/verysmall/25380.png?lm=1438119048)'}}, {'y': 75000, 'verein': 'Deportivo Lara', 'age': '20', 'mw': '€75Th.', 'datum_mw': 'May 10, 2016', 'x': 1462831200000, 'marker': {'symbol': 'url(https://tmssl.akamaized.net/images/wappen/verysmall/25380.png?lm=1438119048)'}}, {'y': 75000, 'verein': 'Deportivo Lara', 'age': '20', 'mw': '€75Th.', 'datum_mw': 'Sep 20, 2016', 'x': 1474322400000, 'marker': {'symbol': 'url(https://tmssl.akamaized.net/images/wappen/verysmall/25380.png?lm=1438119048)'}}, {'y': 100000, 'verein': 'Deportivo Lara', 'age': '20', 'mw': '€100Th.', 'datum_mw': 'Nov 28, 2016', 'x': 1480287600000, 'marker': {'symbol': 'url(https://tmssl.akamaized.net/images/wappen/verysmall/25380.png?lm=1438119048)'}}, {'y': 150000, 'verein': 'Deportivo Lara', 'age': '21', 'mw': '€150Th.', 'datum_mw': 'Jan 30, 2017', 'x': 1485730800000, 'marker': {'symbol': 'url(https://tmssl.akamaized.net/images/wappen/verysmall/25380.png?lm=1438119048)'}}, {'y': 150000, 'verein': 'Deportivo Lara', 'age': '21', 'mw': '€150Th.', 'datum_mw': 'Jun 12, 2017', 'x': 1497218400000, 'marker': {'symbol': 'url(https://tmssl.akamaized.net/images/wappen/verysmall/25380.png?lm=1438119048)'}}, {'y': 200000, 'verein': 'Deportivo Lara', 'age': '21', 'mw': '€200Th.', 'datum_mw': 'Oct 10, 2017', 'x': 1507586400000, 'marker': {'symbol': 'url(https://tmssl.akamaized.net/images/wappen/verysmall/25380.png?lm=1438119048)'}}, {'y': 300000, 'verein': 'Deportivo Lara', 'age': '22', 'mw': '€300Th.', 'datum_mw': 'Dec 14, 2017', 'x': 1513206000000, 'marker': {'symbol': 'url(https://tmssl.akamaized.net/images/wappen/verysmall/25380.png?lm=1438119048)'}}, {'y': 300000, 'verein': 'Deportivo Lara', 'age': '22', 'mw': '€300Th.', 'datum_mw': 'Jun 7, 2018', 'x': 1528322400000, 'marker': {'symbol': 'url(https://tmssl.akamaized.net/images/wappen/verysmall/25380.png?lm=1438119048)'}}, {'y': 250000, 'verein': 'Deportivo Lara', 'age': '22', 'mw': '€250Th.', 'datum_mw': 'Sep 24, 2018', 'x': 1537740000000, 'marker': {'symbol': 'url(https://tmssl.akamaized.net/images/wappen/verysmall/25380.png?lm=1438119048)'}}, {'y': 275000, 'verein': 'Deportivo Lara', 'age': '23', 'mw': '€275Th.', 'datum_mw': 'Dec 23, 2018', 'x': 1545519600000, 'marker': {'symbol': 'url(https://tmssl.akamaized.net/images/wappen/verysmall/25380.png?lm=1438119048)'}}, {'y': 300000, 'verein': 'Deportivo Lara', 'age': '23', 'mw': '€300Th.', 'datum_mw': 'May 3, 2019', 'x': 1556834400000, 'marker': {'symbol': 'url(https://tmssl.akamaized.net/images/wappen/verysmall/25380.png?lm=1438119048)'}}, {'y': 300000, 'verein': 'Deportivo Lara', 'age': '23', 'mw': '€300Th.', 'datum_mw': 'Aug 5, 2019', 'x': 1564956000000, 'marker': {'symbol': 'url(https://tmssl.akamaized.net/images/wappen/verysmall/25380.png?lm=1438119048)'}}, {'y': 300000, 'verein': 'Deportivo Lara', 'age': '23', 'mw': '€300Th.', 'datum_mw': 'Nov 11, 2019', 'x': 1573426800000, 'marker': {'symbol': 'url(https://tmssl.akamaized.net/images/wappen/verysmall/25380.png?lm=1438119048)'}}, {'y': 300000, 'verein': 'Deportivo Lara', 'age': '24', 'mw': '€300Th.', 'datum_mw': 'Apr 1, 2020', 'x': 1585692000000, 'marker': {'symbol': 'url(https://tmssl.akamaized.net/images/wappen/verysmall/25380.png?lm=1438119048)'}}, {'y': 250000, 'verein': 'Deportivo Lara', 'age': '25', 'mw': '€250Th.', 'datum_mw': 'Dec 20, 2020', 'x': 1608418800000, 'marker': {'symbol': 'url(https://tmssl.akamaized.net/images/wappen/verysmall/25380.png?lm=1438119048)'}}, {'y': 250000, 'verein': 'Kuopion Palloseura', 'age': '25', 'mw': '€250Th.', 'datum_mw': 'Apr 6, 2021', 'x': 1617660000000, 'marker': {'symbol': 'url(https://tmssl.akamaized.net/images/wappen/verysmall/6251.png?lm=1619270903)'}}, {'y': 300000, 'verein': 'Kuopion Palloseura', 'age': '25', 'mw': '€300Th.', 'datum_mw': 'Aug 2, 2021', 'x': 1627855200000, 'marker': {'symbol': 'url(https://tmssl.akamaized.net/images/wappen/verysmall/6251.png?lm=1619270903)'}}, {'y': 300000, 'verein': 'Kuopion Palloseura', 'age': '25', 'mw': '€300Th.', 'datum_mw': 'Nov 2, 2021', 'x': 1635807600000, 'marker': {'symbol': 'url(https://tmssl.akamaized.net/images/wappen/verysmall/6251.png?lm=1619270903)'}}, {'y': 300000, 'verein': 'Kuopion Palloseura', 'age': '26', 'mw': '€300Th.', 'datum_mw': 'Apr 15, 2022', 'x': 1649973600000, 'marker': {'symbol': 'url(https://tmssl.akamaized.net/images/wappen/verysmall/6251.png?lm=1619270903)'}}]}]		Daniel José Carrillo Montilla	-	-	1.950'				
Clinton Antwi	Nov 6, 1999		22	1,70 m	Ghana	Defender - Left-Back	left	Golden Patch Management	Kuopion Palloseura	Jan 7, 2022	Dec 31, 2023		0.0	28	25	2.00	-	8	3	2	3	-	-			2.032'	[{'type': 'line', 'name': 'Market value', 'data': [{'y': 150000, 'verein': 'FC Nordsjaelland', 'age': '19', 'mw': '€150Th.', 'datum_mw': 'Dec 21, 2018', 'x': 1545346800000, 'marker': {'symbol': 'url(https://tmssl.akamaized.net/images/wappen/verysmall/2778_1564262840.png?lm=1564262840)'}}, {'y': 200000, 'verein': 'FC Nordsjaelland', 'age': '19', 'mw': '€200Th.', 'datum_mw': 'Jun 8, 2019', 'x': 1559944800000, 'marker': {'symbol': 'url(https://tmssl.akamaized.net/images/wappen/verysmall/2778_1564262840.png?lm=1564262840)'}}, {'y': 300000, 'verein': 'FC Nordsjaelland', 'age': '19', 'mw': '€300Th.', 'datum_mw': 'Sep 9, 2019', 'x': 1567980000000, 'marker': {'symbol': 'url(https://tmssl.akamaized.net/images/wappen/verysmall/2778.png?lm=1564262814)'}}, {'y': 500000, 'verein': 'FC Nordsjaelland', 'age': '20', 'mw': '€500Th.', 'datum_mw': 'Dec 22, 2019', 'x': 1576969200000, 'marker': {'symbol': 'url(https://tmssl.akamaized.net/images/wappen/verysmall/2778.png?lm=1564262814)'}}, {'y': 450000, 'verein': 'FC Nordsjaelland', 'age': '20', 'mw': '€450Th.', 'datum_mw': 'Apr 8, 2020', 'x': 1586296800000, 'marker': {'symbol': 'url(https://tmssl.akamaized.net/images/wappen/verysmall/2778.png?lm=1564262814)'}}, {'y': 400000, 'verein': 'FC Nordsjaelland', 'age': '20', 'mw': '€400Th.', 'datum_mw': 'Jul 31, 2020', 'x': 1596146400000, 'marker': {'symbol': 'url(https://tmssl.akamaized.net/images/wappen/verysmall/2778.png?lm=1564262814)'}}, {'y': 500000, 'verein': 'Esbjerg fB', 'age': '21', 'mw': '€500Th.', 'datum_mw': 'Dec 23, 2020', 'x': 1608678000000, 'marker': {'symbol': 'url(https://tmssl.akamaized.net/images/wappen/verysmall/3426.png?lm=1588522725)'}}, {'y': 450000, 'verein': 'Esbjerg fB', 'age': '21', 'mw': '€450Th.', 'datum_mw': 'Jun 4, 2021', 'x': 1622757600000, 'marker': {'symbol': 'url(https://tmssl.akamaized.net/images/wappen/verysmall/3426.png?lm=1588522725)'}}, {'y': 400000, 'verein': 'FC Nordsjaelland', 'age': '21', 'mw': '€400Th.', 'datum_mw': 'Oct 6, 2021', 'x': 1633471200000, 'marker': {'symbol': 'url(https://tmssl.akamaized.net/images/wappen/verysmall/2778.png?lm=1564262814)'}}, {'y': 300000, 'verein': 'FC Nordsjaelland', 'age': '22', 'mw': '€300Th.', 'datum_mw': 'Dec 28, 2021', 'x': 1640646000000, 'marker': {'symbol': 'url(https://tmssl.akamaized.net/images/wappen/verysmall/2778.png?lm=1564262814)'}}, {'y': 250000, 'verein': 'Kuopion Palloseura', 'age': '22', 'mw': '€250Th.', 'datum_mw': 'Apr 15, 2022', 'x': 1649973600000, 'marker': {'symbol': 'url(https://tmssl.akamaized.net/images/wappen/verysmall/6251.png?lm=1619270903)'}}]}]			1	-	-				
Samuli Miettinen	Jun 16, 2004		18		Finland	Defender - Left-Back			Kuopion Palloseura	Jan 1, 2022	Dec 31, 2024		0.0	21	20	1.15	2	-	3	1	-	-	-			1.603'	[{'type': 'line', 'name': 'Market value', 'data': [{'y': 50000, 'verein': 'Kuopion Palloseura', 'age': '17', 'mw': '€50Th.', 'datum_mw': 'Apr 15, 2022', 'x': 1649973600000, 'marker': {'symbol': 'url(https://tmssl.akamaized.net/images/wappen/verysmall/6251.png?lm=1619270903)'}}]}]			-	-	802'				
Felipe Aspegren	Feb 12, 1994	Cali	28	1,73 m	"Finland
  Colombia"	Defender - Right-Back	right	Linko	Kuopion Palloseura	Aug 10, 2021	Dec 31, 2022		0.0	24	22	1.64	1	3	6	4	4	-	1			1.577'	[{'type': 'line', 'name': 'Market value', 'data': [{'y': 100000, 'verein': 'SJK Seinäjoki', 'age': '20', 'mw': '€100Th.', 'datum_mw': 'May 8, 2014', 'x': 1399500000000, 'marker': {'symbol': 'url(https://tmssl.akamaized.net/images/wappen/verysmall/23777.png?lm=1459351213)'}}, {'y': 200000, 'verein': 'FC KTP', 'age': '21', 'mw': '€200Th.', 'datum_mw': 'Aug 25, 2015', 'x': 1440453600000, 'marker': {'symbol': 'url(https://tmssl.akamaized.net/images/wappen/verysmall/7315.png?lm=1443854478)'}}, {'y': 200000, 'verein': 'Ilves Tampere', 'age': '22', 'mw': '€200Th.', 'datum_mw': 'Mar 10, 2016', 'x': 1457564400000, 'marker': {'symbol': 'url(https://tmssl.akamaized.net/images/wappen/verysmall/3189.png?lm=1455922551)'}}, {'y': 200000, 'verein': 'Ilves Tampere', 'age': '22', 'mw': '€200Th.', 'datum_mw': 'Jul 9, 2016', 'x': 1468015200000, 'marker': {'symbol': 'url(https://tmssl.akamaized.net/images/wappen/verysmall/3189.png?lm=1455922551)'}}, {'y': 200000, 'verein': 'Ilves Tampere', 'age': '22', 'mw': '€200Th.', 'datum_mw': 'Oct 28, 2016', 'x': 1477605600000, 'marker': {'symbol': 'url(https://tmssl.akamaized.net/images/wappen/verysmall/3189.png?lm=1455922551)'}}, {'y': 200000, 'verein': 'Ilves Tampere', 'age': '23', 'mw': '€200Th.', 'datum_mw': 'Mar 25, 2017', 'x': 1490396400000, 'marker': {'symbol': 'url(https://tmssl.akamaized.net/images/wappen/verysmall/3189.png?lm=1455922551)'}}, {'y': 200000, 'verein': 'Ilves Tampere', 'age': '23', 'mw': '€200Th.', 'datum_mw': 'Jun 25, 2017', 'x': 1498341600000, 'marker': {'symbol': 'url(https://tmssl.akamaized.net/images/wappen/verysmall/3189.png?lm=1455922551)'}}, {'y': 200000, 'verein': 'Ilves Tampere', 'age': '23', 'mw': '€200Th.', 'datum_mw': 'Oct 29, 2017', 'x': 1509228000000, 'marker': {'symbol': 'url(https://tmssl.akamaized.net/images/wappen/verysmall/3189.png?lm=1455922551)'}}, {'y': 200000, 'verein': 'Ilves Tampere', 'age': '24', 'mw': '€200Th.', 'datum_mw': 'Apr 25, 2018', 'x': 1524607200000, 'marker': {'symbol': 'url(https://tmssl.akamaized.net/images/wappen/verysmall/3189.png?lm=1455922551)'}}, {'y': 200000, 'verein': 'Ilves Tampere', 'age': '24', 'mw': '€200Th.', 'datum_mw': 'Oct 23, 2018', 'x': 1540245600000, 'marker': {'symbol': 'url(https://tmssl.akamaized.net/images/wappen/verysmall/3189.png?lm=1455922551)'}}, {'y': 200000, 'verein': 'Ilves Tampere', 'age': '25', 'mw': '€200Th.', 'datum_mw': 'Apr 4, 2019', 'x': 1554328800000, 'marker': {'symbol': 'url(https://tmssl.akamaized.net/images/wappen/verysmall/3189.png?lm=1455922551)'}}, {'y': 300000, 'verein': 'Ilves Tampere', 'age': '25', 'mw': '€300Th.', 'datum_mw': 'Jul 25, 2019', 'x': 1564005600000, 'marker': {'symbol': 'url(https://tmssl.akamaized.net/images/wappen/verysmall/3189.png?lm=1455922551)'}}, {'y': 300000, 'verein': 'Ilves Tampere', 'age': '25', 'mw': '€300Th.', 'datum_mw': 'Oct 20, 2019', 'x': 1571522400000, 'marker': {'symbol': 'url(https://tmssl.akamaized.net/images/wappen/verysmall/3189.png?lm=1455922551)'}}, {'y': 300000, 'verein': 'Ilves Tampere', 'age': '26', 'mw': '€300Th.', 'datum_mw': 'May 17, 2020', 'x': 1589666400000, 'marker': {'symbol': 'url(https://tmssl.akamaized.net/images/wappen/verysmall/3189.png?lm=1455922551)'}}, {'y': 250000, 'verein': 'Ilves Tampere', 'age': '26', 'mw': '€250Th.', 'datum_mw': 'Aug 31, 2020', 'x': 1598824800000, 'marker': {'symbol': 'url(https://tmssl.akamaized.net/images/wappen/verysmall/3189.png?lm=1455922551)'}}, {'y': 250000, 'verein': 'Ilves Tampere', 'age': '27', 'mw': '€250Th.', 'datum_mw': 'Apr 6, 2021', 'x': 1617660000000, 'marker': {'symbol': 'url(https://tmssl.akamaized.net/images/wappen/verysmall/3189.png?lm=1455922551)'}}, {'y': 200000, 'verein': 'Ilves Tampere', 'age': '27', 'mw': '€200Th.', 'datum_mw': 'Aug 2, 2021', 'x': 1627855200000, 'marker': {'symbol': 'url(https://tmssl.akamaized.net/images/wappen/verysmall/3189.png?lm=1455922551)'}}, {'y': 200000, 'verein': 'Kuopion Palloseura', 'age': '27', 'mw': '€200Th.', 'datum_mw': 'Nov 2, 2021', 'x': 1635807600000, 'marker': {'symbol': 'url(https://tmssl.akamaized.net/images/wappen/verysmall/6251.png?lm=1619270903)'}}, {'y': 200000, 'verein': 'Kuopion Palloseura', 'age': '28', 'mw': '€200Th.', 'datum_mw': 'Apr 15, 2022', 'x': 1649973600000, 'marker': {'symbol': 'url(https://tmssl.akamaized.net/images/wappen/verysmall/6251.png?lm=1619270903)'}}]}]			-	-	1.577'				
Henry Uzochukwu	Jan 22, 1999	Obosi	23		Nigeria	Defender - Right-Back		AIT	Kuopion Palloseura	Apr 20, 2021	Dec 31, 2022		0.0	34	32	1.94	1	1	15	6	3	-	-			1.568'	[{'type': 'line', 'name': 'Market value', 'data': [{'y': 100000, 'verein': 'FC Fredericia', 'age': '19', 'mw': '€100Th.', 'datum_mw': 'Dec 21, 2018', 'x': 1545346800000, 'marker': {'symbol': 'url(https://tmssl.akamaized.net/images/wappen/verysmall/5776.png?lm=1449995921)'}}, {'y': 100000, 'verein': 'FC Fredericia', 'age': '20', 'mw': '€100Th.', 'datum_mw': 'Jun 24, 2019', 'x': 1561327200000, 'marker': {'symbol': 'url(https://tmssl.akamaized.net/images/wappen/verysmall/5776.png?lm=1449995921)'}}, {'y': 200000, 'verein': 'FC Fredericia', 'age': '20', 'mw': '€200Th.', 'datum_mw': 'Sep 9, 2019', 'x': 1567980000000, 'marker': {'symbol': 'url(https://tmssl.akamaized.net/images/wappen/verysmall/5776.png?lm=1449995921)'}}, {'y': 200000, 'verein': 'FC Fredericia', 'age': '20', 'mw': '€200Th.', 'datum_mw': 'Dec 22, 2019', 'x': 1576969200000, 'marker': {'symbol': 'url(https://tmssl.akamaized.net/images/wappen/verysmall/5776.png?lm=1449995921)'}}, {'y': 250000, 'verein': 'FC Midtjylland', 'age': '21', 'mw': '€250Th.', 'datum_mw': 'Jul 31, 2020', 'x': 1596146400000, 'marker': {'symbol': 'url(https://tmssl.akamaized.net/images/wappen/verysmall/865.png?lm=1518117451)'}}, {'y': 150000, 'verein': 'FC Fredericia', 'age': '21', 'mw': '€150Th.', 'datum_mw': 'Dec 23, 2020', 'x': 1608678000000, 'marker': {'symbol': 'url(https://tmssl.akamaized.net/images/wappen/verysmall/5776.png?lm=1449995921)'}}, {'y': 200000, 'verein': 'Kuopion Palloseura', 'age': '22', 'mw': '€200Th.', 'datum_mw': 'Aug 2, 2021', 'x': 1627855200000, 'marker': {'symbol': 'url(https://tmssl.akamaized.net/images/wappen/verysmall/6251.png?lm=1619270903)'}}, {'y': 200000, 'verein': 'Kuopion Palloseura', 'age': '22', 'mw': '€200Th.', 'datum_mw': 'Nov 2, 2021', 'x': 1635807600000, 'marker': {'symbol': 'url(https://tmssl.akamaized.net/images/wappen/verysmall/6251.png?lm=1619270903)'}}, {'y': 200000, 'verein': 'Kuopion Palloseura', 'age': '23', 'mw': '€200Th.', 'datum_mw': 'Apr 15, 2022', 'x': 1649973600000, 'marker': {'symbol': 'url(https://tmssl.akamaized.net/images/wappen/verysmall/6251.png?lm=1619270903)'}}]}]		Henry Uzochukwu Onuorah	-	-	1.568'				
Saku Savolainen	Aug 13, 1996	Iisalmi	25	1,83 m	Finland	Defender - Right-Back	right	Ballex	Kuopion Palloseura	Jan 1, 2015	Dec 31, 2022		0.0	9	9	2.33	2	3	-	2	-	-	-			825'	[{'type': 'line', 'name': 'Market value', 'data': [{'y': 75000, 'verein': 'Unknown', 'age': '17', 'mw': '€75Th.', 'datum_mw': 'May 8, 2014', 'x': 1399500000000, 'marker': {'symbol': 'url(https://tmssl.akamaized.net/images/wappen/verysmall/75.png?lm=1456997316)'}}, {'y': 100000, 'verein': 'Kuopion Palloseura', 'age': '19', 'mw': '€100Th.', 'datum_mw': 'Aug 25, 2015', 'x': 1440453600000, 'marker': {'symbol': 'url(https://tmssl.akamaized.net/images/wappen/verysmall/6251.png?lm=1619270903)'}}, {'y': 100000, 'verein': 'Kuopion Palloseura', 'age': '19', 'mw': '€100Th.', 'datum_mw': 'Nov 2, 2015', 'x': 1446418800000, 'marker': {'symbol': 'url(https://tmssl.akamaized.net/images/wappen/verysmall/6251.png?lm=1619270903)'}}, {'y': 100000, 'verein': 'Kuopion Palloseura', 'age': '19', 'mw': '€100Th.', 'datum_mw': 'Mar 10, 2016', 'x': 1457564400000, 'marker': {'symbol': 'url(https://tmssl.akamaized.net/images/wappen/verysmall/6251.png?lm=1619270903)'}}, {'y': 150000, 'verein': 'Kuopion Palloseura', 'age': '19', 'mw': '€150Th.', 'datum_mw': 'Jul 9, 2016', 'x': 1468015200000, 'marker': {'symbol': 'url(https://tmssl.akamaized.net/images/wappen/verysmall/6251.png?lm=1619270903)'}}, {'y': 150000, 'verein': 'Kuopion Palloseura', 'age': '20', 'mw': '€150Th.', 'datum_mw': 'Oct 28, 2016', 'x': 1477605600000, 'marker': {'symbol': 'url(https://tmssl.akamaized.net/images/wappen/verysmall/6251.png?lm=1619270903)'}}, {'y': 150000, 'verein': 'Kuopion Palloseura', 'age': '20', 'mw': '€150Th.', 'datum_mw': 'Mar 25, 2017', 'x': 1490396400000, 'marker': {'symbol': 'url(https://tmssl.akamaized.net/images/wappen/verysmall/6251.png?lm=1619270903)'}}, {'y': 150000, 'verein': 'Kuopion Palloseura', 'age': '20', 'mw': '€150Th.', 'datum_mw': 'Jun 25, 2017', 'x': 1498341600000, 'marker': {'symbol': 'url(https://tmssl.akamaized.net/images/wappen/verysmall/6251.png?lm=1619270903)'}}, {'y': 150000, 'verein': 'Kuopion Palloseura', 'age': '21', 'mw': '€150Th.', 'datum_mw': 'Oct 29, 2017', 'x': 1509228000000, 'marker': {'symbol': 'url(https://tmssl.akamaized.net/images/wappen/verysmall/6251.png?lm=1619270903)'}}, {'y': 150000, 'verein': 'Kuopion Palloseura', 'age': '21', 'mw': '€150Th.', 'datum_mw': 'Apr 25, 2018', 'x': 1524607200000, 'marker': {'symbol': 'url(https://tmssl.akamaized.net/images/wappen/verysmall/6251.png?lm=1619270903)'}}, {'y': 150000, 'verein': 'Kuopion Palloseura', 'age': '22', 'mw': '€150Th.', 'datum_mw': 'Oct 23, 2018', 'x': 1540245600000, 'marker': {'symbol': 'url(https://tmssl.akamaized.net/images/wappen/verysmall/6251.png?lm=1619270903)'}}, {'y': 150000, 'verein': 'Kuopion Palloseura', 'age': '22', 'mw': '€150Th.', 'datum_mw': 'Apr 4, 2019', 'x': 1554328800000, 'marker': {'symbol': 'url(https://tmssl.akamaized.net/images/wappen/verysmall/6251.png?lm=1619270903)'}}, {'y': 100000, 'verein': 'Kuopion Palloseura', 'age': '22', 'mw': '€100Th.', 'datum_mw': 'Jul 25, 2019', 'x': 1564005600000, 'marker': {'symbol': 'url(https://tmssl.akamaized.net/images/wappen/verysmall/6251.png?lm=1619270903)'}}, {'y': 150000, 'verein': 'Kuopion Palloseura', 'age': '23', 'mw': '€150Th.', 'datum_mw': 'Oct 20, 2019', 'x': 1571522400000, 'marker': {'symbol': 'url(https://tmssl.akamaized.net/images/wappen/verysmall/6251.png?lm=1619270903)'}}, {'y': 150000, 'verein': 'Kuopion Palloseura', 'age': '23', 'mw': '€150Th.', 'datum_mw': 'May 17, 2020', 'x': 1589666400000, 'marker': {'symbol': 'url(https://tmssl.akamaized.net/images/wappen/verysmall/6251.png?lm=1619270903)'}}, {'y': 200000, 'verein': 'Kuopion Palloseura', 'age': '24', 'mw': '€200Th.', 'datum_mw': 'Aug 31, 2020', 'x': 1598824800000, 'marker': {'symbol': 'url(https://tmssl.akamaized.net/images/wappen/verysmall/6251.png?lm=1619270903)'}}, {'y': 250000, 'verein': 'Kuopion Palloseura', 'age': '24', 'mw': '€250Th.', 'datum_mw': 'Apr 6, 2021', 'x': 1617660000000, 'marker': {'symbol': 'url(https://tmssl.akamaized.net/images/wappen/verysmall/6251.png?lm=1619270903)'}}, {'y': 200000, 'verein': 'Kuopion Palloseura', 'age': '24', 'mw': '€200Th.', 'datum_mw': 'Aug 2, 2021', 'x': 1627855200000, 'marker': {'symbol': 'url(https://tmssl.akamaized.net/images/wappen/verysmall/6251.png?lm=1619270903)'}}, {'y': 150000, 'verein': 'Kuopion Palloseura', 'age': '25', 'mw': '€150Th.', 'datum_mw': 'Nov 2, 2021', 'x': 1635807600000, 'marker': {'symbol': 'url(https://tmssl.akamaized.net/images/wappen/verysmall/6251.png?lm=1619270903)'}}, {'y': 150000, 'verein': 'Kuopion Palloseura', 'age': '25', 'mw': '€150Th.', 'datum_mw': 'Apr 15, 2022', 'x': 1649973600000, 'marker': {'symbol': 'url(https://tmssl.akamaized.net/images/wappen/verysmall/6251.png?lm=1619270903)'}}]}]	Nov 10, 2020		-	-	413'				
Gabriel Bispo	Mar 5, 1997	Porto Seguro	25	1,77 m	Brazil	midfield - Defensive Midfield	right	G7 Football Invest.	Kuopion Palloseura	Jan 1, 2022	Dec 31, 2022	club option 2 years	0.0	42	37	1.38	1	-	7	9	12	1	-			2.626'	[{'type': 'line', 'name': 'Market value', 'data': [{'y': 200000, 'verein': 'Esporte Clube Vitória', 'age': '24', 'mw': '€200Th.', 'datum_mw': 'Aug 12, 2021', 'x': 1628719200000, 'marker': {'symbol': 'url(https://tmssl.akamaized.net/images/wappen/verysmall/2125.png?lm=1412879373)'}}, {'y': 250000, 'verein': 'Kuopion Palloseura', 'age': '25', 'mw': '€250Th.', 'datum_mw': 'Apr 15, 2022', 'x': 1649973600000, 'marker': {'symbol': 'url(https://tmssl.akamaized.net/images/wappen/verysmall/6251.png?lm=1619270903)'}}]}]			-	-	2.626'	Gabriel Bispo dos Santos			
Anton Popovitch	Jul 11, 1996	Valkeakoski	25	1,85 m	"Finland
  Russia"	midfield - Central Midfield	right	Sancus	Kuopion Palloseura	Jan 1, 2021	Dec 31, 2022	club option 1 year	0.0	32	31	2.26	4	6	1	2	6	-	-			2.725'	[{'type': 'line', 'name': 'Market value', 'data': [{'y': 25000, 'verein': 'FC Haka', 'age': '19', 'mw': '€25Th.', 'datum_mw': 'Jun 13, 2016', 'x': 1465768800000, 'marker': {'symbol': 'url(https://tmssl.akamaized.net/images/wappen/verysmall/1225.png?lm=1422293683)'}}, {'y': 25000, 'verein': 'FC Haka', 'age': '20', 'mw': '€25Th.', 'datum_mw': 'Oct 20, 2016', 'x': 1476914400000, 'marker': {'symbol': 'url(https://tmssl.akamaized.net/images/wappen/verysmall/1225.png?lm=1422293683)'}}, {'y': 25000, 'verein': 'FC Haka', 'age': '20', 'mw': '€25Th.', 'datum_mw': 'Oct 28, 2016', 'x': 1477605600000, 'marker': {'symbol': 'url(https://tmssl.akamaized.net/images/wappen/verysmall/1225.png?lm=1422293683)'}}, {'y': 25000, 'verein': 'FC Haka', 'age': '20', 'mw': '€25Th.', 'datum_mw': 'Mar 25, 2017', 'x': 1490396400000, 'marker': {'symbol': 'url(https://tmssl.akamaized.net/images/wappen/verysmall/1225.png?lm=1422293683)'}}, {'y': 25000, 'verein': 'FC Haka', 'age': '20', 'mw': '€25Th.', 'datum_mw': 'Jul 8, 2017', 'x': 1499464800000, 'marker': {'symbol': 'url(https://tmssl.akamaized.net/images/wappen/verysmall/1225.png?lm=1422293683)'}}, {'y': 25000, 'verein': 'FC Haka', 'age': '21', 'mw': '€25Th.', 'datum_mw': 'Oct 15, 2017', 'x': 1508018400000, 'marker': {'symbol': 'url(https://tmssl.akamaized.net/images/wappen/verysmall/1225.png?lm=1422293683)'}}, {'y': 25000, 'verein': 'FC Haka', 'age': '21', 'mw': '€25Th.', 'datum_mw': 'May 28, 2018', 'x': 1527458400000, 'marker': {'symbol': 'url(https://tmssl.akamaized.net/images/wappen/verysmall/1225.png?lm=1422293683)'}}, {'y': 25000, 'verein': 'FC Haka', 'age': '22', 'mw': '€25Th.', 'datum_mw': 'Oct 23, 2018', 'x': 1540245600000, 'marker': {'symbol': 'url(https://tmssl.akamaized.net/images/wappen/verysmall/1225.png?lm=1422293683)'}}, {'y': 25000, 'verein': 'FC Haka', 'age': '22', 'mw': '€25Th.', 'datum_mw': 'Apr 20, 2019', 'x': 1555711200000, 'marker': {'symbol': 'url(https://tmssl.akamaized.net/images/wappen/verysmall/1225.png?lm=1422293683)'}}, {'y': 150000, 'verein': 'FC Haka', 'age': '23', 'mw': '€150Th.', 'datum_mw': 'Oct 6, 2019', 'x': 1570312800000, 'marker': {'symbol': 'url(https://tmssl.akamaized.net/images/wappen/verysmall/1225.png?lm=1422293683)'}}, {'y': 150000, 'verein': 'FC Haka', 'age': '23', 'mw': '€150Th.', 'datum_mw': 'May 17, 2020', 'x': 1589666400000, 'marker': {'symbol': 'url(https://tmssl.akamaized.net/images/wappen/verysmall/1225.png?lm=1422293683)'}}, {'y': 150000, 'verein': 'FC Haka', 'age': '24', 'mw': '€150Th.', 'datum_mw': 'Aug 31, 2020', 'x': 1598824800000, 'marker': {'symbol': 'url(https://tmssl.akamaized.net/images/wappen/verysmall/1225.png?lm=1422293683)'}}, {'y': 200000, 'verein': 'Kuopion Palloseura', 'age': '24', 'mw': '€200Th.', 'datum_mw': 'Apr 6, 2021', 'x': 1617660000000, 'marker': {'symbol': 'url(https://tmssl.akamaized.net/images/wappen/verysmall/6251.png?lm=1619270903)'}}, {'y': 250000, 'verein': 'Kuopion Palloseura', 'age': '25', 'mw': '€250Th.', 'datum_mw': 'Aug 2, 2021', 'x': 1627855200000, 'marker': {'symbol': 'url(https://tmssl.akamaized.net/images/wappen/verysmall/6251.png?lm=1619270903)'}}, {'y': 300000, 'verein': 'Kuopion Palloseura', 'age': '25', 'mw': '€300Th.', 'datum_mw': 'Nov 2, 2021', 'x': 1635807600000, 'marker': {'symbol': 'url(https://tmssl.akamaized.net/images/wappen/verysmall/6251.png?lm=1619270903)'}}, {'y': 300000, 'verein': 'Kuopion Palloseura', 'age': '25', 'mw': '€300Th.', 'datum_mw': 'Apr 15, 2022', 'x': 1649973600000, 'marker': {'symbol': 'url(https://tmssl.akamaized.net/images/wappen/verysmall/6251.png?lm=1619270903)'}}]}]			-	-	681'				
Joona Veteli 	Apr 21, 1995	Kemi	27	1,80 m	Finland	midfield - Central Midfield	right	PRO Profil GmbH	Kuopion Palloseura	Jan 1, 2022	Dec 31, 2023		0.0	31	31	1.16	3	3	-	3	4	-	-			2.782'	[{'type': 'line', 'name': 'Market value', 'data': [{'y': 25000, 'verein': 'FF Jaro', 'age': '20', 'mw': '€25Th.', 'datum_mw': 'Apr 25, 2015', 'x': 1429912800000, 'marker': {'symbol': 'url(https://tmssl.akamaized.net/images/wappen/verysmall/3650.png?lm=1412096294)'}}, {'y': 100000, 'verein': 'FF Jaro', 'age': '20', 'mw': '€100Th.', 'datum_mw': 'Aug 25, 2015', 'x': 1440453600000, 'marker': {'symbol': 'url(https://tmssl.akamaized.net/images/wappen/verysmall/3650.png?lm=1412096294)'}}, {'y': 100000, 'verein': 'PS Kemi Kings', 'age': '20', 'mw': '€100Th.', 'datum_mw': 'Mar 10, 2016', 'x': 1457564400000, 'marker': {'symbol': 'url(https://tmssl.akamaized.net/images/wappen/verysmall/17398_1468359541.png?lm=1468359541)'}}, {'y': 150000, 'verein': 'PS Kemi Kings', 'age': '21', 'mw': '€150Th.', 'datum_mw': 'Oct 28, 2016', 'x': 1477605600000, 'marker': {'symbol': 'url(https://tmssl.akamaized.net/images/wappen/verysmall/17398_1556300870.png?lm=1556300870)'}}, {'y': 150000, 'verein': 'Fredrikstad FK', 'age': '22', 'mw': '€150Th.', 'datum_mw': 'Dec 23, 2017', 'x': 1513983600000, 'marker': {'symbol': 'url(https://tmssl.akamaized.net/images/wappen/verysmall/3837.png?lm=1412592657)'}}, {'y': 150000, 'verein': 'Ilves Tampere', 'age': '25', 'mw': '€150Th.', 'datum_mw': 'May 17, 2020', 'x': 1589666400000, 'marker': {'symbol': 'url(https://tmssl.akamaized.net/images/wappen/verysmall/3189.png?lm=1455922551)'}}, {'y': 150000, 'verein': 'Ilves Tampere', 'age': '25', 'mw': '€150Th.', 'datum_mw': 'Aug 31, 2020', 'x': 1598824800000, 'marker': {'symbol': 'url(https://tmssl.akamaized.net/images/wappen/verysmall/3189.png?lm=1455922551)'}}, {'y': 150000, 'verein': 'Ilves Tampere', 'age': '25', 'mw': '€150Th.', 'datum_mw': 'Apr 6, 2021', 'x': 1617660000000, 'marker': {'symbol': 'url(https://tmssl.akamaized.net/images/wappen/verysmall/3189.png?lm=1455922551)'}}, {'y': 150000, 'verein': 'Ilves Tampere', 'age': '26', 'mw': '€150Th.', 'datum_mw': 'Aug 2, 2021', 'x': 1627855200000, 'marker': {'symbol': 'url(https://tmssl.akamaized.net/images/wappen/verysmall/3189.png?lm=1455922551)'}}, {'y': 200000, 'verein': 'Ilves Tampere', 'age': '26', 'mw': '€200Th.', 'datum_mw': 'Nov 2, 2021', 'x': 1635807600000, 'marker': {'symbol': 'url(https://tmssl.akamaized.net/images/wappen/verysmall/3189.png?lm=1455922551)'}}, {'y': 200000, 'verein': 'Kuopion Palloseura', 'age': '26', 'mw': '€200Th.', 'datum_mw': 'Apr 15, 2022', 'x': 1649973600000, 'marker': {'symbol': 'url(https://tmssl.akamaized.net/images/wappen/verysmall/6251.png?lm=1619270903)'}}]}]			-	-	927'				
Fabio Schneider 	Jul 31, 2002	Berlin	19	1,83 m	Germany	midfield - Central Midfield		B360 Sports Agency	Kuopion Palloseura	Jan 18, 2022	Jun 30, 2022		0.0	4	4	1.00	1	-	-	-	-	-	-			360'	[{'type': 'line', 'name': 'Market value', 'data': [{'y': 200000, 'verein': '1.FC Union Berlin', 'age': '18', 'mw': '€200Th.', 'datum_mw': 'Sep 16, 2020', 'x': 1600207200000, 'marker': {'symbol': 'url(https://tmssl.akamaized.net/images/wappen/verysmall/89.png?lm=1402956210)'}}, {'y': 200000, 'verein': '1.FC Union Berlin', 'age': '18', 'mw': '€200Th.', 'datum_mw': 'Jun 9, 2021', 'x': 1623189600000, 'marker': {'symbol': 'url(https://tmssl.akamaized.net/images/wappen/verysmall/89.png?lm=1402956210)'}}, {'y': 200000, 'verein': '1.FC Union Berlin', 'age': '19', 'mw': '€200Th.', 'datum_mw': 'Dec 22, 2021', 'x': 1640127600000, 'marker': {'symbol': 'url(https://tmssl.akamaized.net/images/wappen/verysmall/89.png?lm=1402956210)'}}, {'y': 200000, 'verein': 'Kuopion Palloseura', 'age': '19', 'mw': '€200Th.', 'datum_mw': 'Apr 15, 2022', 'x': 1649973600000, 'marker': {'symbol': 'url(https://tmssl.akamaized.net/images/wappen/verysmall/6251.png?lm=1619270903)'}}]}]			-	1	360'		1.FC Union Berlin	Jun 30, 2023	
Sebastian Dahlström	Nov 5, 1996	Helsinki	25	1,83 m	Finland	midfield - Central Midfield	both	me(h)rsport GmbH & Co. KG	Kuopion Palloseura	Jan 1, 2022	Dec 31, 2023		0.0	43	28	2.39	3	2	14	9	2	-	-			1.461'	[{'type': 'line', 'name': 'Market value', 'data': [{'y': 25000, 'verein': 'HJK Helsinki', 'age': '19', 'mw': '€25Th.', 'datum_mw': 'Jan 16, 2016', 'x': 1452898800000, 'marker': {'symbol': 'url(https://tmssl.akamaized.net/images/wappen/verysmall/1008_1640111292.png?lm=1640111292)'}}, {'y': 25000, 'verein': 'HJK Helsinki', 'age': '19', 'mw': '€25Th.', 'datum_mw': 'Mar 10, 2016', 'x': 1457564400000, 'marker': {'symbol': 'url(https://tmssl.akamaized.net/images/wappen/verysmall/1008_1640111292.png?lm=1640111292)'}}, {'y': 100000, 'verein': 'HJK Helsinki', 'age': '19', 'mw': '€100Th.', 'datum_mw': 'Jul 9, 2016', 'x': 1468015200000, 'marker': {'symbol': 'url(https://tmssl.akamaized.net/images/wappen/verysmall/1008_1640111292.png?lm=1640111292)'}}, {'y': 100000, 'verein': 'HJK Helsinki', 'age': '20', 'mw': '€100Th.', 'datum_mw': 'Mar 25, 2017', 'x': 1490396400000, 'marker': {'symbol': 'url(https://tmssl.akamaized.net/images/wappen/verysmall/1008_1640111292.png?lm=1640111292)'}}, {'y': 150000, 'verein': 'HJK Helsinki', 'age': '20', 'mw': '€150Th.', 'datum_mw': 'Jun 25, 2017', 'x': 1498341600000, 'marker': {'symbol': 'url(https://tmssl.akamaized.net/images/wappen/verysmall/1008_1640111292.png?lm=1640111292)'}}, {'y': 200000, 'verein': 'HJK Helsinki', 'age': '20', 'mw': '€200Th.', 'datum_mw': 'Oct 29, 2017', 'x': 1509228000000, 'marker': {'symbol': 'url(https://tmssl.akamaized.net/images/wappen/verysmall/1008_1640111292.png?lm=1640111292)'}}, {'y': 200000, 'verein': 'HJK Helsinki', 'age': '21', 'mw': '€200Th.', 'datum_mw': 'Apr 25, 2018', 'x': 1524607200000, 'marker': {'symbol': 'url(https://tmssl.akamaized.net/images/wappen/verysmall/1008_1640111292.png?lm=1640111292)'}}, {'y': 300000, 'verein': 'HJK Helsinki', 'age': '21', 'mw': '€300Th.', 'datum_mw': 'Oct 23, 2018', 'x': 1540245600000, 'marker': {'symbol': 'url(https://tmssl.akamaized.net/images/wappen/verysmall/1008_1640111292.png?lm=1640111292)'}}, {'y': 300000, 'verein': 'HJK Helsinki', 'age': '22', 'mw': '€300Th.', 'datum_mw': 'Apr 4, 2019', 'x': 1554328800000, 'marker': {'symbol': 'url(https://tmssl.akamaized.net/images/wappen/verysmall/1008_1640111292.png?lm=1640111292)'}}, {'y': 450000, 'verein': 'HJK Helsinki', 'age': '22', 'mw': '€450Th.', 'datum_mw': 'Jul 25, 2019', 'x': 1564005600000, 'marker': {'symbol': 'url(https://tmssl.akamaized.net/images/wappen/verysmall/1008_1640111292.png?lm=1640111292)'}}, {'y': 450000, 'verein': 'HJK Helsinki', 'age': '22', 'mw': '€450Th.', 'datum_mw': 'Oct 20, 2019', 'x': 1571522400000, 'marker': {'symbol': 'url(https://tmssl.akamaized.net/images/wappen/verysmall/1008_1640111292.png?lm=1640111292)'}}, {'y': 350000, 'verein': 'FC Sheriff Tiraspol', 'age': '23', 'mw': '€350Th.', 'datum_mw': 'Apr 8, 2020', 'x': 1586296800000, 'marker': {'symbol': 'url(https://tmssl.akamaized.net/images/wappen/verysmall/2481.png?lm=1653904139)'}}, {'y': 275000, 'verein': 'FC Sheriff Tiraspol', 'age': '24', 'mw': '€275Th.', 'datum_mw': 'Dec 15, 2020', 'x': 1607986800000, 'marker': {'symbol': 'url(https://tmssl.akamaized.net/images/wappen/verysmall/2481.png?lm=1653904139)'}}, {'y': 250000, 'verein': 'HJK Helsinki', 'age': '24', 'mw': '€250Th.', 'datum_mw': 'Apr 23, 2021', 'x': 1619128800000, 'marker': {'symbol': 'url(https://tmssl.akamaized.net/images/wappen/verysmall/1008.png?lm=1653665348)'}}, {'y': 150000, 'verein': 'HJK Helsinki', 'age': '24', 'mw': '€150Th.', 'datum_mw': 'Aug 2, 2021', 'x': 1627855200000, 'marker': {'symbol': 'url(https://tmssl.akamaized.net/images/wappen/verysmall/1008.png?lm=1653665348)'}}, {'y': 100000, 'verein': 'HJK Helsinki', 'age': '24', 'mw': '€100Th.', 'datum_mw': 'Nov 2, 2021', 'x': 1635807600000, 'marker': {'symbol': 'url(https://tmssl.akamaized.net/images/wappen/verysmall/1008.png?lm=1653665348)'}}, {'y': 150000, 'verein': 'Kuopion Palloseura', 'age': '25', 'mw': '€150Th.', 'datum_mw': 'Apr 15, 2022', 'x': 1649973600000, 'marker': {'symbol': 'url(https://tmssl.akamaized.net/images/wappen/verysmall/6251.png?lm=1619270903)'}}]}]			-	-	487'				
Eelis Varis																																				
Janis Ikaunieks	Feb 16, 1995	Kuldīga	27	1,82 m	Latvia	midfield - Attacking Midfield	left	Score_	Kuopion Palloseura	Feb 22, 2021	Dec 31, 2022		0.0	11	11	1.91	4	1	6	1	1	-	-			589'	[{'type': 'line', 'name': 'Market value', 'data': [{'y': 50000, 'verein': 'Liepajas Metalurgs', 'age': '18', 'mw': '€50Th.', 'datum_mw': 'Jun 18, 2013', 'x': 1371506400000, 'marker': {'symbol': 'url(https://tmssl.akamaized.net/images/wappen/verysmall/3811.png?lm=1457444380)'}}, {'y': 75000, 'verein': 'Liepajas Metalurgs', 'age': '18', 'mw': '€75Th.', 'datum_mw': 'Nov 25, 2013', 'x': 1385334000000, 'marker': {'symbol': 'url(https://tmssl.akamaized.net/images/wappen/verysmall/3811.png?lm=1457444380)'}}, {'y': 175000, 'verein': 'FK Liepaja', 'age': '19', 'mw': '€175Th.', 'datum_mw': 'Jul 1, 2014', 'x': 1404165600000, 'marker': {'symbol': 'url(https://tmssl.akamaized.net/images/wappen/verysmall/43162.png?lm=1418576765)'}}, {'y': 275000, 'verein': 'FK Liepaja', 'age': '19', 'mw': '€275Th.', 'datum_mw': 'Nov 14, 2014', 'x': 1415919600000, 'marker': {'symbol': 'url(https://tmssl.akamaized.net/images/wappen/verysmall/43162.png?lm=1418576765)'}}, {'y': 300000, 'verein': 'FC Metz', 'age': '19', 'mw': '€300Th.', 'datum_mw': 'Jan 14, 2015', 'x': 1421190000000, 'marker': {'symbol': 'url(https://tmssl.akamaized.net/images/wappen/verysmall/347_1622201271.png?lm=1622201272)'}}, {'y': 300000, 'verein': 'FC Metz', 'age': '20', 'mw': '€300Th.', 'datum_mw': 'Jun 6, 2015', 'x': 1433541600000, 'marker': {'symbol': 'url(https://tmssl.akamaized.net/images/wappen/verysmall/347_1622201271.png?lm=1622201272)'}}, {'y': 300000, 'verein': 'FC Metz', 'age': '20', 'mw': '€300Th.', 'datum_mw': 'Feb 4, 2016', 'x': 1454540400000, 'marker': {'symbol': 'url(https://tmssl.akamaized.net/images/wappen/verysmall/347_1622201271.png?lm=1622201272)'}}, {'y': 300000, 'verein': 'FC Metz', 'age': '21', 'mw': '€300Th.', 'datum_mw': 'Jul 13, 2016', 'x': 1468360800000, 'marker': {'symbol': 'url(https://tmssl.akamaized.net/images/wappen/verysmall/347_1622201271.png?lm=1622201272)'}}, {'y': 450000, 'verein': 'AE Larisa', 'age': '21', 'mw': '€450Th.', 'datum_mw': 'Feb 11, 2017', 'x': 1486767600000, 'marker': {'symbol': 'url(https://tmssl.akamaized.net/images/wappen/verysmall/4603.png?lm=1515835773)'}}, {'y': 450000, 'verein': 'AE Larisa', 'age': '22', 'mw': '€450Th.', 'datum_mw': 'May 11, 2017', 'x': 1494453600000, 'marker': {'symbol': 'url(https://tmssl.akamaized.net/images/wappen/verysmall/4603.png?lm=1515835773)'}}, {'y': 450000, 'verein': 'FK Liepaja', 'age': '22', 'mw': '€450Th.', 'datum_mw': 'Jan 24, 2018', 'x': 1516748400000, 'marker': {'symbol': 'url(https://tmssl.akamaized.net/images/wappen/verysmall/43162.png?lm=1418576765)'}}, {'y': 450000, 'verein': 'FK Liepaja', 'age': '24', 'mw': '€450Th.', 'datum_mw': 'Mar 22, 2019', 'x': 1553209200000, 'marker': {'symbol': 'url(https://tmssl.akamaized.net/images/wappen/verysmall/43162.png?lm=1418576765)'}}, {'y': 350000, 'verein': 'Strømsgodset IF', 'age': '25', 'mw': '€350Th.', 'datum_mw': 'Apr 8, 2020', 'x': 1586296800000, 'marker': {'symbol': 'url(https://tmssl.akamaized.net/images/wappen/verysmall/2817.png?lm=1522008831)'}}, {'y': 400000, 'verein': 'Strømsgodset IF', 'age': '25', 'mw': '€400Th.', 'datum_mw': 'Jul 25, 2020', 'x': 1595628000000, 'marker': {'symbol': 'url(https://tmssl.akamaized.net/images/wappen/verysmall/2817.png?lm=1522008831)'}}, {'y': 400000, 'verein': 'FK RFS', 'age': '25', 'mw': '€400Th.', 'datum_mw': 'Dec 20, 2020', 'x': 1608418800000, 'marker': {'symbol': 'url(https://tmssl.akamaized.net/images/wappen/verysmall/33783.png?lm=1593099986)'}}, {'y': 400000, 'verein': 'Kuopion Palloseura', 'age': '26', 'mw': '€400Th.', 'datum_mw': 'Apr 6, 2021', 'x': 1617660000000, 'marker': {'symbol': 'url(https://tmssl.akamaized.net/images/wappen/verysmall/6251.png?lm=1619270903)'}}, {'y': 300000, 'verein': 'Kuopion Palloseura', 'age': '26', 'mw': '€300Th.', 'datum_mw': 'Aug 2, 2021', 'x': 1627855200000, 'marker': {'symbol': 'url(https://tmssl.akamaized.net/images/wappen/verysmall/6251.png?lm=1619270903)'}}, {'y': 250000, 'verein': 'Kuopion Palloseura', 'age': '26', 'mw': '€250Th.', 'datum_mw': 'Nov 2, 2021', 'x': 1635807600000, 'marker': {'symbol': 'url(https://tmssl.akamaized.net/images/wappen/verysmall/6251.png?lm=1619270903)'}}, {'y': 300000, 'verein': 'Kuopion Palloseura', 'age': '27', 'mw': '€300Th.', 'datum_mw': 'Apr 15, 2022', 'x': 1649973600000, 'marker': {'symbol': 'url(https://tmssl.akamaized.net/images/wappen/verysmall/6251.png?lm=1619270903)'}}]}]		Jānis Ikaunieks	-	1	147'				
Talles	May 12, 1998	Divinópolis	24	1,71 m	Brazil	midfield - Attacking Midfield	right	TG Warriors	Kuopion Palloseura	Apr 2, 2022	Jun 30, 2022		0.0	14	13	0.38	-	-	4	4	1	-	-			794'	[{'type': 'line', 'name': 'Market value', 'data': [{'y': 50000, 'verein': 'Olimpik Donetsk', 'age': '22', 'mw': '€50Th.', 'datum_mw': 'Feb 9, 2021', 'x': 1612825200000, 'marker': {'symbol': 'url(https://tmssl.akamaized.net/images/wappen/verysmall/23611.png?lm=1553350762)'}}, {'y': 200000, 'verein': 'Olimpik Donetsk', 'age': '23', 'mw': '€200Th.', 'datum_mw': 'Jun 7, 2021', 'x': 1623016800000, 'marker': {'symbol': 'url(https://tmssl.akamaized.net/images/wappen/verysmall/23611.png?lm=1553350762)'}}, {'y': 300000, 'verein': 'Rukh Lviv', 'age': '23', 'mw': '€300Th.', 'datum_mw': 'Dec 20, 2021', 'x': 1639954800000, 'marker': {'symbol': 'url(https://tmssl.akamaized.net/images/wappen/verysmall/48726.png?lm=1575994146)'}}, {'y': 300000, 'verein': 'Kuopion Palloseura', 'age': '23', 'mw': '€300Th.', 'datum_mw': 'Apr 15, 2022', 'x': 1649973600000, 'marker': {'symbol': 'url(https://tmssl.akamaized.net/images/wappen/verysmall/6251.png?lm=1619270903)'}}]}]			-	-	-	Talles Brener de Paula	Rukh Lviv	Jun 30, 2024	
Otto Ruoppi																																				
Santeri Haarala	Dec 17, 1999	Tampere	22	1,80 m	Finland	attack - Left Winger	right		Kuopion Palloseura	Jan 6, 2021	Dec 31, 2022	club option 1 year	0.0	33	31	2.32	8	3	5	19	4	-	-			1.950'	[{'type': 'line', 'name': 'Market value', 'data': [{'y': 25000, 'verein': 'Ilves Tampere', 'age': '18', 'mw': '€25Th.', 'datum_mw': 'Apr 25, 2018', 'x': 1524607200000, 'marker': {'symbol': 'url(https://tmssl.akamaized.net/images/wappen/verysmall/3189.png?lm=1455922551)'}}, {'y': 50000, 'verein': 'Ilves Tampere', 'age': '18', 'mw': '€50Th.', 'datum_mw': 'Oct 23, 2018', 'x': 1540245600000, 'marker': {'symbol': 'url(https://tmssl.akamaized.net/images/wappen/verysmall/3189.png?lm=1455922551)'}}, {'y': 50000, 'verein': 'Ilves Tampere', 'age': '19', 'mw': '€50Th.', 'datum_mw': 'Apr 4, 2019', 'x': 1554328800000, 'marker': {'symbol': 'url(https://tmssl.akamaized.net/images/wappen/verysmall/3189.png?lm=1455922551)'}}, {'y': 25000, 'verein': 'Ilves Tampere', 'age': '19', 'mw': '€25Th.', 'datum_mw': 'Jul 25, 2019', 'x': 1564005600000, 'marker': {'symbol': 'url(https://tmssl.akamaized.net/images/wappen/verysmall/3189.png?lm=1455922551)'}}, {'y': 25000, 'verein': 'Rovaniemen Palloseura', 'age': '19', 'mw': '€25Th.', 'datum_mw': 'Oct 20, 2019', 'x': 1571522400000, 'marker': {'symbol': 'url(https://tmssl.akamaized.net/images/wappen/verysmall/3776.png?lm=1543155595)'}}, {'y': 50000, 'verein': 'Turun Palloseura', 'age': '20', 'mw': '€50Th.', 'datum_mw': 'Aug 31, 2020', 'x': 1598824800000, 'marker': {'symbol': 'url(https://tmssl.akamaized.net/images/wappen/verysmall/2275.png?lm=1422293634)'}}, {'y': 100000, 'verein': 'Kuopion Palloseura', 'age': '21', 'mw': '€100Th.', 'datum_mw': 'Apr 6, 2021', 'x': 1617660000000, 'marker': {'symbol': 'url(https://tmssl.akamaized.net/images/wappen/verysmall/6251.png?lm=1619270903)'}}, {'y': 150000, 'verein': 'Kuopion Palloseura', 'age': '21', 'mw': '€150Th.', 'datum_mw': 'Aug 2, 2021', 'x': 1627855200000, 'marker': {'symbol': 'url(https://tmssl.akamaized.net/images/wappen/verysmall/6251.png?lm=1619270903)'}}, {'y': 150000, 'verein': 'Kuopion Palloseura', 'age': '21', 'mw': '€150Th.', 'datum_mw': 'Nov 2, 2021', 'x': 1635807600000, 'marker': {'symbol': 'url(https://tmssl.akamaized.net/images/wappen/verysmall/6251.png?lm=1619270903)'}}, {'y': 150000, 'verein': 'Kuopion Palloseura', 'age': '22', 'mw': '€150Th.', 'datum_mw': 'Apr 15, 2022', 'x': 1649973600000, 'marker': {'symbol': 'url(https://tmssl.akamaized.net/images/wappen/verysmall/6251.png?lm=1619270903)'}}]}]			-	-	244'				
Iiro Järvinen	Nov 3, 1996	Jyväskylä	25	1,72 m	Finland	attack - Right Winger	right	FTC	Kuopion Palloseura	Jan 1, 2021	Dec 31, 2022	club option 1 year	0.0	26	14	2.50	-	-	4	6	-	-	-			772'	[{'type': 'line', 'name': 'Market value', 'data': [{'y': 50000, 'verein': 'JJK Jyväskylä', 'age': '19', 'mw': '€50Th.', 'datum_mw': 'Jun 13, 2016', 'x': 1465768800000, 'marker': {'symbol': 'url(https://tmssl.akamaized.net/images/wappen/verysmall/3779.png?lm=1422294260)'}}, {'y': 100000, 'verein': 'JJK Jyväskylä', 'age': '19', 'mw': '€100Th.', 'datum_mw': 'Oct 28, 2016', 'x': 1477605600000, 'marker': {'symbol': 'url(https://tmssl.akamaized.net/images/wappen/verysmall/3779.png?lm=1422294260)'}}, {'y': 150000, 'verein': 'Ilves Tampere', 'age': '20', 'mw': '€150Th.', 'datum_mw': 'Mar 25, 2017', 'x': 1490396400000, 'marker': {'symbol': 'url(https://tmssl.akamaized.net/images/wappen/verysmall/3189.png?lm=1455922551)'}}, {'y': 150000, 'verein': 'Ilves Tampere', 'age': '20', 'mw': '€150Th.', 'datum_mw': 'Jun 25, 2017', 'x': 1498341600000, 'marker': {'symbol': 'url(https://tmssl.akamaized.net/images/wappen/verysmall/3189.png?lm=1455922551)'}}, {'y': 200000, 'verein': 'Ilves Tampere', 'age': '20', 'mw': '€200Th.', 'datum_mw': 'Oct 29, 2017', 'x': 1509228000000, 'marker': {'symbol': 'url(https://tmssl.akamaized.net/images/wappen/verysmall/3189.png?lm=1455922551)'}}, {'y': 200000, 'verein': 'Ilves Tampere', 'age': '21', 'mw': '€200Th.', 'datum_mw': 'Apr 25, 2018', 'x': 1524607200000, 'marker': {'symbol': 'url(https://tmssl.akamaized.net/images/wappen/verysmall/3189.png?lm=1455922551)'}}, {'y': 200000, 'verein': 'Ilves Tampere', 'age': '21', 'mw': '€200Th.', 'datum_mw': 'Oct 23, 2018', 'x': 1540245600000, 'marker': {'symbol': 'url(https://tmssl.akamaized.net/images/wappen/verysmall/3189.png?lm=1455922551)'}}, {'y': 200000, 'verein': 'Ilves Tampere', 'age': '22', 'mw': '€200Th.', 'datum_mw': 'Apr 4, 2019', 'x': 1554328800000, 'marker': {'symbol': 'url(https://tmssl.akamaized.net/images/wappen/verysmall/3189.png?lm=1455922551)'}}, {'y': 200000, 'verein': 'Ilves Tampere', 'age': '22', 'mw': '€200Th.', 'datum_mw': 'Jul 25, 2019', 'x': 1564005600000, 'marker': {'symbol': 'url(https://tmssl.akamaized.net/images/wappen/verysmall/3189.png?lm=1455922551)'}}, {'y': 200000, 'verein': 'Ilves Tampere', 'age': '22', 'mw': '€200Th.', 'datum_mw': 'Oct 20, 2019', 'x': 1571522400000, 'marker': {'symbol': 'url(https://tmssl.akamaized.net/images/wappen/verysmall/3189.png?lm=1455922551)'}}, {'y': 200000, 'verein': 'Ilves Tampere', 'age': '23', 'mw': '€200Th.', 'datum_mw': 'May 17, 2020', 'x': 1589666400000, 'marker': {'symbol': 'url(https://tmssl.akamaized.net/images/wappen/verysmall/3189.png?lm=1455922551)'}}, {'y': 150000, 'verein': 'Ilves Tampere', 'age': '23', 'mw': '€150Th.', 'datum_mw': 'Aug 31, 2020', 'x': 1598824800000, 'marker': {'symbol': 'url(https://tmssl.akamaized.net/images/wappen/verysmall/3189.png?lm=1455922551)'}}, {'y': 150000, 'verein': 'Kuopion Palloseura', 'age': '24', 'mw': '€150Th.', 'datum_mw': 'Apr 6, 2021', 'x': 1617660000000, 'marker': {'symbol': 'url(https://tmssl.akamaized.net/images/wappen/verysmall/6251.png?lm=1619270903)'}}, {'y': 150000, 'verein': 'Kuopion Palloseura', 'age': '24', 'mw': '€150Th.', 'datum_mw': 'Aug 2, 2021', 'x': 1627855200000, 'marker': {'symbol': 'url(https://tmssl.akamaized.net/images/wappen/verysmall/6251.png?lm=1619270903)'}}, {'y': 150000, 'verein': 'Kuopion Palloseura', 'age': '24', 'mw': '€150Th.', 'datum_mw': 'Nov 2, 2021', 'x': 1635807600000, 'marker': {'symbol': 'url(https://tmssl.akamaized.net/images/wappen/verysmall/6251.png?lm=1619270903)'}}, {'y': 150000, 'verein': 'Kuopion Palloseura', 'age': '25', 'mw': '€150Th.', 'datum_mw': 'Apr 15, 2022', 'x': 1649973600000, 'marker': {'symbol': 'url(https://tmssl.akamaized.net/images/wappen/verysmall/6251.png?lm=1619270903)'}}]}]			-	-	-				
Nika Sichinava	Jul 17, 1994	Kutaisi	27	1,85 m	"Georgia
  Russia"	attack - Centre-Forward	right	no agent	Kuopion Palloseura	Mar 22, 2022	Jun 30, 2022		0.0	22	22	1.14	6	3	4	9	5	-	-			1.711'	[{'type': 'line', 'name': 'Market value', 'data': [{'y': 25000, 'verein': 'Volgar Astrakhan', 'age': '18', 'mw': '€25Th.', 'datum_mw': 'Sep 8, 2012', 'x': 1347055200000, 'marker': {'symbol': 'url(https://tmssl.akamaized.net/images/wappen/verysmall/6432_1619117464.png?lm=1619117464)'}}, {'y': 25000, 'verein': 'FC Kolkheti-1913 Poti', 'age': '18', 'mw': '€25Th.', 'datum_mw': 'Jan 22, 2013', 'x': 1358809200000, 'marker': {'symbol': 'url(https://tmssl.akamaized.net/images/wappen/verysmall/28971.png?lm=1420654467)'}}, {'y': 50000, 'verein': 'FC Kolkheti-1913 Poti', 'age': '19', 'mw': '€50Th.', 'datum_mw': 'Aug 7, 2013', 'x': 1375826400000, 'marker': {'symbol': 'url(https://tmssl.akamaized.net/images/wappen/verysmall/28971.png?lm=1420654467)'}}, {'y': 200000, 'verein': 'FC Kolkheti-1913 Poti', 'age': '20', 'mw': '€200Th.', 'datum_mw': 'Mar 15, 2015', 'x': 1426374000000, 'marker': {'symbol': 'url(https://tmssl.akamaized.net/images/wappen/verysmall/28971.png?lm=1420654467)'}}, {'y': 200000, 'verein': 'FC Kolkheti-1913 Poti', 'age': '21', 'mw': '€200Th.', 'datum_mw': 'Jul 26, 2015', 'x': 1437861600000, 'marker': {'symbol': 'url(https://tmssl.akamaized.net/images/wappen/verysmall/28971.png?lm=1420654467)'}}, {'y': 175000, 'verein': 'Ingulets Petrove', 'age': '22', 'mw': '€175Th.', 'datum_mw': 'Feb 9, 2017', 'x': 1486594800000, 'marker': {'symbol': 'url(https://tmssl.akamaized.net/images/wappen/verysmall/49364_1505217810.png?lm=1505217810)'}}, {'y': 150000, 'verein': 'Ingulets Petrove', 'age': '23', 'mw': '€150Th.', 'datum_mw': 'Jan 4, 2018', 'x': 1515020400000, 'marker': {'symbol': 'url(https://tmssl.akamaized.net/images/wappen/verysmall/49364.png?lm=1505217715)'}}, {'y': 125000, 'verein': 'Ingulets Petrove', 'age': '23', 'mw': '€125Th.', 'datum_mw': 'May 27, 2018', 'x': 1527372000000, 'marker': {'symbol': 'url(https://tmssl.akamaized.net/images/wappen/verysmall/49364.png?lm=1505217715)'}}, {'y': 100000, 'verein': 'Ingulets Petrove', 'age': '24', 'mw': '€100Th.', 'datum_mw': 'Dec 2, 2018', 'x': 1543705200000, 'marker': {'symbol': 'url(https://tmssl.akamaized.net/images/wappen/verysmall/49364.png?lm=1505217715)'}}, {'y': 100000, 'verein': 'Ingulets Petrove', 'age': '24', 'mw': '€100Th.', 'datum_mw': 'Jun 16, 2019', 'x': 1560636000000, 'marker': {'symbol': 'url(https://tmssl.akamaized.net/images/wappen/verysmall/49364.png?lm=1505217715)'}}, {'y': 200000, 'verein': 'Ingulets Petrove', 'age': '25', 'mw': '€200Th.', 'datum_mw': 'Dec 18, 2019', 'x': 1576623600000, 'marker': {'symbol': 'url(https://tmssl.akamaized.net/images/wappen/verysmall/49364.png?lm=1505217715)'}}, {'y': 300000, 'verein': 'Ingulets Petrove', 'age': '26', 'mw': '€300Th.', 'datum_mw': 'Aug 18, 2020', 'x': 1597701600000, 'marker': {'symbol': 'url(https://tmssl.akamaized.net/images/wappen/verysmall/49364.png?lm=1505217715)'}}, {'y': 400000, 'verein': 'Ingulets Petrove', 'age': '26', 'mw': '€400Th.', 'datum_mw': 'Jan 14, 2021', 'x': 1610578800000, 'marker': {'symbol': 'url(https://tmssl.akamaized.net/images/wappen/verysmall/49364.png?lm=1505217715)'}}, {'y': 500000, 'verein': 'Ingulets Petrove', 'age': '26', 'mw': '€500Th.', 'datum_mw': 'Jun 7, 2021', 'x': 1623016800000, 'marker': {'symbol': 'url(https://tmssl.akamaized.net/images/wappen/verysmall/49364.png?lm=1505217715)'}}, {'y': 400000, 'verein': 'Kolos Kovalivka', 'age': '27', 'mw': '€400Th.', 'datum_mw': 'Dec 20, 2021', 'x': 1639954800000, 'marker': {'symbol': 'url(https://tmssl.akamaized.net/images/wappen/verysmall/48332.png?lm=1546026029)'}}, {'y': 400000, 'verein': 'Kuopion Palloseura', 'age': '27', 'mw': '€400Th.', 'datum_mw': 'Apr 15, 2022', 'x': 1649973600000, 'marker': {'symbol': 'url(https://tmssl.akamaized.net/images/wappen/verysmall/6251.png?lm=1619270903)'}}]}]		ნიკა სიჭინავა	-	1	285'		Kolos Kovalivka	Jun 30, 2023	
Tim Väyrynen	Mar 30, 1993	Espoo	29	1,91 m	Finland	attack - Centre-Forward	both	RDF Football	Kuopion Palloseura	Aug 2, 2021	Dec 31, 2022		0.0	33	27	1.93	9	3	13	10	2	-	-			1.314'	[{'type': 'line', 'name': 'Market value', 'data': [{'y': 25000, 'verein': 'FC Honka', 'age': '17', 'mw': '€25Th.', 'datum_mw': 'Aug 4, 2010', 'x': 1280872800000, 'marker': {'symbol': 'url(https://tmssl.akamaized.net/images/wappen/verysmall/5411.png?lm=1522938104)'}}, {'y': 200000, 'verein': 'FC Honka', 'age': '18', 'mw': '€200Th.', 'datum_mw': 'Aug 22, 2011', 'x': 1313964000000, 'marker': {'symbol': 'url(https://tmssl.akamaized.net/images/wappen/verysmall/5411.png?lm=1522938104)'}}, {'y': 400000, 'verein': 'FC Honka', 'age': '18', 'mw': '€400Th.', 'datum_mw': 'Jan 20, 2012', 'x': 1327014000000, 'marker': {'symbol': 'url(https://tmssl.akamaized.net/images/wappen/verysmall/5411.png?lm=1522938104)'}}, {'y': 400000, 'verein': 'FC Honka', 'age': '19', 'mw': '€400Th.', 'datum_mw': 'Jul 28, 2012', 'x': 1343426400000, 'marker': {'symbol': 'url(https://tmssl.akamaized.net/images/wappen/verysmall/5411.png?lm=1522938104)'}}, {'y': 400000, 'verein': 'Borussia Dortmund II', 'age': '21', 'mw': '€400Th.', 'datum_mw': 'Jun 30, 2014', 'x': 1404079200000, 'marker': {'symbol': 'url(https://tmssl.akamaized.net/images/wappen/verysmall/17.png?lm=1396275305)'}}, {'y': 200000, 'verein': 'Borussia Dortmund II', 'age': '21', 'mw': '€200Th.', 'datum_mw': 'Nov 7, 2014', 'x': 1415314800000, 'marker': {'symbol': 'url(https://tmssl.akamaized.net/images/wappen/verysmall/17.png?lm=1396275305)'}}, {'y': 200000, 'verein': 'Borussia Dortmund II', 'age': '22', 'mw': '€200Th.', 'datum_mw': 'Jun 30, 2015', 'x': 1435615200000, 'marker': {'symbol': 'url(https://tmssl.akamaized.net/images/wappen/verysmall/17.png?lm=1396275305)'}}, {'y': 200000, 'verein': 'SG Dynamo Dresden', 'age': '22', 'mw': '€200Th.', 'datum_mw': 'Feb 8, 2016', 'x': 1454886000000, 'marker': {'symbol': 'url(https://tmssl.akamaized.net/images/wappen/verysmall/129.png?lm=1403259018)'}}, {'y': 200000, 'verein': 'SG Dynamo Dresden', 'age': '23', 'mw': '€200Th.', 'datum_mw': 'Jul 22, 2016', 'x': 1469138400000, 'marker': {'symbol': 'url(https://tmssl.akamaized.net/images/wappen/verysmall/129.png?lm=1403259018)'}}, {'y': 200000, 'verein': 'FC Hansa Rostock', 'age': '23', 'mw': '€200Th.', 'datum_mw': 'Feb 10, 2017', 'x': 1486681200000, 'marker': {'symbol': 'url(https://tmssl.akamaized.net/images/wappen/verysmall/30.png?lm=1468311994)'}}, {'y': 200000, 'verein': 'FC Hansa Rostock', 'age': '24', 'mw': '€200Th.', 'datum_mw': 'Jun 14, 2017', 'x': 1497391200000, 'marker': {'symbol': 'url(https://tmssl.akamaized.net/images/wappen/verysmall/30.png?lm=1468311994)'}}, {'y': 200000, 'verein': 'FC Hansa Rostock', 'age': '24', 'mw': '€200Th.', 'datum_mw': 'Jan 19, 2018', 'x': 1516316400000, 'marker': {'symbol': 'url(https://tmssl.akamaized.net/images/wappen/verysmall/30.png?lm=1468311994)'}}, {'y': 200000, 'verein': 'FC Hansa Rostock', 'age': '25', 'mw': '€200Th.', 'datum_mw': 'Jun 8, 2018', 'x': 1528408800000, 'marker': {'symbol': 'url(https://tmssl.akamaized.net/images/wappen/verysmall/30.png?lm=1468311994)'}}, {'y': 200000, 'verein': 'Roda JC Kerkrade', 'age': '25', 'mw': '€200Th.', 'datum_mw': 'Jan 21, 2019', 'x': 1548025200000, 'marker': {'symbol': 'url(https://tmssl.akamaized.net/images/wappen/verysmall/192.png?lm=1404055999)'}}, {'y': 200000, 'verein': 'HJK Helsinki', 'age': '26', 'mw': '€200Th.', 'datum_mw': 'Jul 25, 2019', 'x': 1564005600000, 'marker': {'symbol': 'url(https://tmssl.akamaized.net/images/wappen/verysmall/1008_1640111292.png?lm=1640111292)'}}, {'y': 200000, 'verein': 'HJK Helsinki', 'age': '26', 'mw': '€200Th.', 'datum_mw': 'Oct 20, 2019', 'x': 1571522400000, 'marker': {'symbol': 'url(https://tmssl.akamaized.net/images/wappen/verysmall/1008_1640111292.png?lm=1640111292)'}}, {'y': 200000, 'verein': 'HJK Helsinki', 'age': '27', 'mw': '€200Th.', 'datum_mw': 'May 17, 2020', 'x': 1589666400000, 'marker': {'symbol': 'url(https://tmssl.akamaized.net/images/wappen/verysmall/1008_1640111292.png?lm=1640111292)'}}, {'y': 300000, 'verein': 'HJK Helsinki', 'age': '27', 'mw': '€300Th.', 'datum_mw': 'Aug 31, 2020', 'x': 1598824800000, 'marker': {'symbol': 'url(https://tmssl.akamaized.net/images/wappen/verysmall/1008.png?lm=1653665348)'}}, {'y': 200000, 'verein': 'KF Tirana', 'age': '28', 'mw': '€200Th.', 'datum_mw': 'Jun 6, 2021', 'x': 1622930400000, 'marker': {'symbol': 'url(https://tmssl.akamaized.net/images/wappen/verysmall/2049.png?lm=1635511373)'}}, {'y': 300000, 'verein': 'Kuopion Palloseura', 'age': '28', 'mw': '€300Th.', 'datum_mw': 'Nov 2, 2021', 'x': 1635807600000, 'marker': {'symbol': 'url(https://tmssl.akamaized.net/images/wappen/verysmall/6251.png?lm=1619270903)'}}, {'y': 300000, 'verein': 'Kuopion Palloseura', 'age': '29', 'mw': '€300Th.', 'datum_mw': 'Apr 15, 2022', 'x': 1649973600000, 'marker': {'symbol': 'url(https://tmssl.akamaized.net/images/wappen/verysmall/6251.png?lm=1619270903)'}}]}]			-	2	146'				
