Name	Name in home country	Date of birth	Place of birth	Age	Height	Citizenship	Position	Foot	Current club	Joined	Contract expires	CL Appearances	Squad	Appearances	PPG	Goals	Assists	Sub on	Sub off	Yellow cards	Seccond Yellow Cards	Red cards	Goals conceded	Clean sheets	Minutes played	Market Values	Player agent	Outfitter	Own goals	Penalty goals	Minutes per goal	Date of last contract extension	Full name	Social-Media
Aleksandar Lyubenov	Александър Кирилов Любенов	Feb 11, 1995	Bankya	27	1,87 m	Bulgaria	Goalkeeper	right	Lokomotiv Sofia	Jul 1, 2021	Jun 30, 2023	0.0	28	26	1.69	-	-	-	-	4	-	1	28	8	2.257'	[{'type': 'line', 'name': 'Market value', 'data': [{'y': 50000, 'verein': 'Levski Sofia', 'age': '17', 'mw': '€50Th.', 'datum_mw': 'Aug 20, 2012', 'x': 1345413600000, 'marker': {'symbol': 'url(https://tmssl.akamaized.net/images/wappen/verysmall/156_1443040178.png?lm=1443040178)'}}, {'y': 100000, 'verein': 'Levski Sofia', 'age': '19', 'mw': '€100Th.', 'datum_mw': 'Aug 10, 2014', 'x': 1407621600000, 'marker': {'symbol': 'url(https://tmssl.akamaized.net/images/wappen/verysmall/156.png?lm=1517128698)'}}, {'y': 150000, 'verein': 'Levski Sofia', 'age': '20', 'mw': '€150Th.', 'datum_mw': 'Jul 27, 2015', 'x': 1437948000000, 'marker': {'symbol': 'url(https://tmssl.akamaized.net/images/wappen/verysmall/156.png?lm=1517128698)'}}, {'y': 150000, 'verein': 'Levski Sofia', 'age': '20', 'mw': '€150Th.', 'datum_mw': 'Dec 17, 2015', 'x': 1450306800000, 'marker': {'symbol': 'url(https://tmssl.akamaized.net/images/wappen/verysmall/156.png?lm=1517128698)'}}, {'y': 175000, 'verein': 'Lokomotiv Plovdiv', 'age': '21', 'mw': '€175Th.', 'datum_mw': 'Aug 7, 2016', 'x': 1470520800000, 'marker': {'symbol': 'url(https://tmssl.akamaized.net/images/wappen/verysmall/2259_1626864282.png?lm=1626864283)'}}, {'y': 175000, 'verein': 'Levski Sofia', 'age': '22', 'mw': '€175Th.', 'datum_mw': 'Aug 23, 2017', 'x': 1503439200000, 'marker': {'symbol': 'url(https://tmssl.akamaized.net/images/wappen/verysmall/156.png?lm=1517128698)'}}, {'y': 200000, 'verein': 'Lokomotiv Sofia', 'age': '23', 'mw': '€200Th.', 'datum_mw': 'Jan 24, 2019', 'x': 1548284400000, 'marker': {'symbol': 'url(https://tmssl.akamaized.net/images/wappen/verysmall/730_1629872644.png?lm=1629872644)'}}, {'y': 100000, 'verein': 'Hebar Pazardzhik', 'age': '25', 'mw': '€100Th.', 'datum_mw': 'Jan 26, 2021', 'x': 1611615600000, 'marker': {'symbol': 'url(https://tmssl.akamaized.net/images/wappen/verysmall/26563.png?lm=1626982116)'}}, {'y': 100000, 'verein': 'Hebar Pazardzhik', 'age': '26', 'mw': '€100Th.', 'datum_mw': 'Jun 17, 2021', 'x': 1623880800000, 'marker': {'symbol': 'url(https://tmssl.akamaized.net/images/wappen/verysmall/26563.png?lm=1626982116)'}}, {'y': 150000, 'verein': 'Lokomotiv Sofia', 'age': '26', 'mw': '€150Th.', 'datum_mw': 'Oct 14, 2021', 'x': 1634162400000, 'marker': {'symbol': 'url(https://tmssl.akamaized.net/images/wappen/verysmall/730.png?lm=1629872617)'}}, {'y': 175000, 'verein': 'Lokomotiv Sofia', 'age': '26', 'mw': '€175Th.', 'datum_mw': 'Dec 8, 2021', 'x': 1638918000000, 'marker': {'symbol': 'url(https://tmssl.akamaized.net/images/wappen/verysmall/730.png?lm=1629872617)'}}, {'y': 200000, 'verein': 'Lokomotiv Sofia', 'age': '27', 'mw': '€200Th.', 'datum_mw': 'Apr 5, 2022', 'x': 1649109600000, 'marker': {'symbol': 'url(https://tmssl.akamaized.net/images/wappen/verysmall/730.png?lm=1629872617)'}}, {'y': 200000, 'verein': 'Lokomotiv Sofia', 'age': '27', 'mw': '€200Th.', 'datum_mw': 'May 30, 2022', 'x': 1653861600000, 'marker': {'symbol': 'url(https://tmssl.akamaized.net/images/wappen/verysmall/730.png?lm=1629872617)'}}]}]								
Damyan Damyanov	Дамян Валерий Дамянов	Jun 29, 2000	Sofia	21	1,88 m	Bulgaria	Goalkeeper	right	Lokomotiv Sofia	Feb 2, 2022	Jan 1, 2025	0.0	24	12	1.83	-	-	-	-	2	-	-	18	4	1.080'	[{'type': 'line', 'name': 'Market value', 'data': [{'y': 50000, 'verein': 'Ludogorets Razgrad II', 'age': '20', 'mw': '€50Th.', 'datum_mw': 'Dec 21, 2020', 'x': 1608505200000, 'marker': {'symbol': 'url(https://tmssl.akamaized.net/images/wappen/verysmall/31614_1629528098.png?lm=1629528098)'}}, {'y': 50000, 'verein': 'Botev Vratsa', 'age': '20', 'mw': '€50Th.', 'datum_mw': 'Jun 17, 2021', 'x': 1623880800000, 'marker': {'symbol': 'url(https://tmssl.akamaized.net/images/wappen/verysmall/26462_1652122868.png?lm=1652122869)'}}, {'y': 50000, 'verein': 'Levski 2020 Lom', 'age': '21', 'mw': '€50Th.', 'datum_mw': 'Dec 8, 2021', 'x': 1638918000000, 'marker': {'symbol': 'url(https://tmssl.akamaized.net/images/wappen/verysmall/86442.png?lm=1611819634)'}}, {'y': 75000, 'verein': 'Lokomotiv Sofia', 'age': '21', 'mw': '€75Th.', 'datum_mw': 'May 31, 2022', 'x': 1653948000000, 'marker': {'symbol': 'url(https://tmssl.akamaized.net/images/wappen/verysmall/730.png?lm=1629872617)'}}]}]	Kosta Stoyanov	Uhlsport						
Zharko Istatkov																																		
David Malembana	David Zeferino Malembana	Oct 11, 1995	Freital	26	1,96 m	"Mozambique
  Germany"	Defender - Centre-Back	right	Lokomotiv Sofia	Feb 10, 2022	Jun 30, 2023	0.0	21	19	1.89	-	1	6	3	1	-	-			1.218'	[{'type': 'line', 'name': 'Market value', 'data': [{'y': 25000, 'verein': 'Goslarer SC', 'age': '19', 'mw': '€25Th.', 'datum_mw': 'Jul 14, 2015', 'x': 1436824800000, 'marker': {'symbol': 'url(https://tmssl.akamaized.net/images/wappen/verysmall/8891.png?lm=1403373165)'}}, {'y': 75000, 'verein': 'Goslarer SC', 'age': '20', 'mw': '€75Th.', 'datum_mw': 'Nov 4, 2015', 'x': 1446591600000, 'marker': {'symbol': 'url(https://tmssl.akamaized.net/images/wappen/verysmall/8891.png?lm=1403373165)'}}, {'y': 75000, 'verein': 'Goslarer SC', 'age': '20', 'mw': '€75Th.', 'datum_mw': 'Feb 25, 2016', 'x': 1456354800000, 'marker': {'symbol': 'url(https://tmssl.akamaized.net/images/wappen/verysmall/8891.png?lm=1403373165)'}}, {'y': 100000, 'verein': 'BFC Dynamo', 'age': '20', 'mw': '€100Th.', 'datum_mw': 'Jul 1, 2016', 'x': 1467324000000, 'marker': {'symbol': 'url(https://tmssl.akamaized.net/images/wappen/verysmall/222.png?lm=1643534549)'}}, {'y': 75000, 'verein': 'BFC Dynamo', 'age': '21', 'mw': '€75Th.', 'datum_mw': 'Mar 16, 2017', 'x': 1489618800000, 'marker': {'symbol': 'url(https://tmssl.akamaized.net/images/wappen/verysmall/222.png?lm=1643534549)'}}, {'y': 75000, 'verein': 'BFC Dynamo', 'age': '21', 'mw': '€75Th.', 'datum_mw': 'Aug 7, 2017', 'x': 1502056800000, 'marker': {'symbol': 'url(https://tmssl.akamaized.net/images/wappen/verysmall/222.png?lm=1643534549)'}}, {'y': 125000, 'verein': 'BFC Dynamo', 'age': '22', 'mw': '€125Th.', 'datum_mw': 'Feb 14, 2018', 'x': 1518562800000, 'marker': {'symbol': 'url(https://tmssl.akamaized.net/images/wappen/verysmall/222.png?lm=1643534549)'}}, {'y': 125000, 'verein': 'BFC Dynamo', 'age': '22', 'mw': '€125Th.', 'datum_mw': 'Sep 7, 2018', 'x': 1536271200000, 'marker': {'symbol': 'url(https://tmssl.akamaized.net/images/wappen/verysmall/222.png?lm=1643534549)'}}, {'y': 100000, 'verein': 'BFC Dynamo', 'age': '23', 'mw': '€100Th.', 'datum_mw': 'Apr 8, 2019', 'x': 1554674400000, 'marker': {'symbol': 'url(https://tmssl.akamaized.net/images/wappen/verysmall/222.png?lm=1643534549)'}}, {'y': 200000, 'verein': 'Lokomotiv Plovdiv', 'age': '24', 'mw': '€200Th.', 'datum_mw': 'Feb 2, 2020', 'x': 1580598000000, 'marker': {'symbol': 'url(https://tmssl.akamaized.net/images/wappen/verysmall/2259_1626864282.png?lm=1626864283)'}}, {'y': 600000, 'verein': 'Lokomotiv Plovdiv', 'age': '24', 'mw': '€600Th.', 'datum_mw': 'Mar 9, 2020', 'x': 1583708400000, 'marker': {'symbol': 'url(https://tmssl.akamaized.net/images/wappen/verysmall/2259_1626864282.png?lm=1626864283)'}}, {'y': 475000, 'verein': 'Lokomotiv Plovdiv', 'age': '24', 'mw': '€475Th.', 'datum_mw': 'Apr 8, 2020', 'x': 1586296800000, 'marker': {'symbol': 'url(https://tmssl.akamaized.net/images/wappen/verysmall/2259_1626864282.png?lm=1626864283)'}}, {'y': 300000, 'verein': 'Lokomotiv Plovdiv', 'age': '25', 'mw': '€300Th.', 'datum_mw': 'Dec 21, 2020', 'x': 1608505200000, 'marker': {'symbol': 'url(https://tmssl.akamaized.net/images/wappen/verysmall/2259_1626864282.png?lm=1626864283)'}}, {'y': 350000, 'verein': 'Lokomotiv Plovdiv', 'age': '25', 'mw': '€350Th.', 'datum_mw': 'Jun 17, 2021', 'x': 1623880800000, 'marker': {'symbol': 'url(https://tmssl.akamaized.net/images/wappen/verysmall/2259_1626864282.png?lm=1626864283)'}}, {'y': 300000, 'verein': 'Lokomotiv Sofia', 'age': '26', 'mw': '€300Th.', 'datum_mw': 'May 31, 2022', 'x': 1653948000000, 'marker': {'symbol': 'url(https://tmssl.akamaized.net/images/wappen/verysmall/730.png?lm=1629872617)'}}]}]	Pole-1		-	-	-			
Georgios Katsikas																																		
Mario Petkov	Марио Петков	Dec 4, 1996	Sofia	25	1,82 m	Bulgaria	Defender - Centre-Back	right	Lokomotiv Sofia	Jul 1, 2018	Jun 30, 2023	0.0	27	27	1.96	-	-	-	-	7	-	-			2.430'	[{'type': 'line', 'name': 'Market value', 'data': [{'y': 50000, 'verein': 'Dunav Ruse', 'age': '19', 'mw': '€50Th.', 'datum_mw': 'Feb 18, 2016', 'x': 1455750000000, 'marker': {'symbol': 'url(https://tmssl.akamaized.net/images/wappen/verysmall/19780.png?lm=1655552549)'}}, {'y': 50000, 'verein': 'Dunav Ruse', 'age': '19', 'mw': '€50Th.', 'datum_mw': 'Aug 7, 2016', 'x': 1470520800000, 'marker': {'symbol': 'url(https://tmssl.akamaized.net/images/wappen/verysmall/19780.png?lm=1655552549)'}}, {'y': 100000, 'verein': 'Dunav Ruse', 'age': '20', 'mw': '€100Th.', 'datum_mw': 'Jan 28, 2017', 'x': 1485558000000, 'marker': {'symbol': 'url(https://tmssl.akamaized.net/images/wappen/verysmall/19780.png?lm=1655552549)'}}, {'y': 100000, 'verein': 'Dunav Ruse', 'age': '20', 'mw': '€100Th.', 'datum_mw': 'Aug 23, 2017', 'x': 1503439200000, 'marker': {'symbol': 'url(https://tmssl.akamaized.net/images/wappen/verysmall/19780.png?lm=1655552549)'}}, {'y': 100000, 'verein': 'Tsarsko Selo (- 2022)', 'age': '21', 'mw': '€100Th.', 'datum_mw': 'Feb 9, 2018', 'x': 1518130800000, 'marker': {'symbol': 'url(https://tmssl.akamaized.net/images/wappen/verysmall/55555.png?lm=1616400472)'}}, {'y': 100000, 'verein': 'Lokomotiv Sofia', 'age': '21', 'mw': '€100Th.', 'datum_mw': 'Aug 10, 2018', 'x': 1533852000000, 'marker': {'symbol': 'url(https://tmssl.akamaized.net/images/wappen/verysmall/730_1629872644.png?lm=1629872644)'}}, {'y': 150000, 'verein': 'Lokomotiv Sofia', 'age': '24', 'mw': '€150Th.', 'datum_mw': 'Jan 26, 2021', 'x': 1611615600000, 'marker': {'symbol': 'url(https://tmssl.akamaized.net/images/wappen/verysmall/730_1629872644.png?lm=1629872644)'}}, {'y': 200000, 'verein': 'Lokomotiv Sofia', 'age': '24', 'mw': '€200Th.', 'datum_mw': 'Jun 17, 2021', 'x': 1623880800000, 'marker': {'symbol': 'url(https://tmssl.akamaized.net/images/wappen/verysmall/730_1629872644.png?lm=1629872644)'}}, {'y': 175000, 'verein': 'Lokomotiv Sofia', 'age': '25', 'mw': '€175Th.', 'datum_mw': 'Dec 8, 2021', 'x': 1638918000000, 'marker': {'symbol': 'url(https://tmssl.akamaized.net/images/wappen/verysmall/730.png?lm=1629872617)'}}, {'y': 150000, 'verein': 'Lokomotiv Sofia', 'age': '25', 'mw': '€150Th.', 'datum_mw': 'May 31, 2022', 'x': 1653948000000, 'marker': {'symbol': 'url(https://tmssl.akamaized.net/images/wappen/verysmall/730.png?lm=1629872617)'}}]}]			-	-	-	May 28, 2021		
Matheus Duarte																																		
Plamen Krachunov	Пламен Крачунов	Jan 11, 1989	Plovdiv	33	1,89 m	Bulgaria	Defender - Centre-Back	both	Lokomotiv Sofia	Jul 1, 2021	-	0.0	27	27	1.00	1	2	2	1	7	1	-			2.326'	[{'type': 'line', 'name': 'Market value', 'data': [{'y': 150000, 'verein': 'Lokomotiv Plovdiv', 'age': '21', 'mw': '€150Th.', 'datum_mw': 'Dec 28, 2010', 'x': 1293490800000, 'marker': {'symbol': 'url(https://tmssl.akamaized.net/images/wappen/verysmall/2259_1626864282.png?lm=1626864283)'}}, {'y': 600000, 'verein': 'CSKA Sofia', 'age': '22', 'mw': '€600Th.', 'datum_mw': 'Nov 8, 2011', 'x': 1320706800000, 'marker': {'symbol': 'url(https://tmssl.akamaized.net/images/wappen/verysmall/208_1629527016.png?lm=1629527016)'}}, {'y': 650000, 'verein': 'CSKA Sofia', 'age': '24', 'mw': '€650Th.', 'datum_mw': 'Jan 16, 2013', 'x': 1358290800000, 'marker': {'symbol': 'url(https://tmssl.akamaized.net/images/wappen/verysmall/208_1629527016.png?lm=1629527016)'}}, {'y': 600000, 'verein': 'CSKA Sofia', 'age': '25', 'mw': '€600Th.', 'datum_mw': 'Mar 10, 2014', 'x': 1394406000000, 'marker': {'symbol': 'url(https://tmssl.akamaized.net/images/wappen/verysmall/208_1629527016.png?lm=1629527016)'}}, {'y': 500000, 'verein': 'CSKA Sofia', 'age': '25', 'mw': '€500Th.', 'datum_mw': 'Aug 9, 2014', 'x': 1407535200000, 'marker': {'symbol': 'url(https://tmssl.akamaized.net/images/wappen/verysmall/208_1629527016.png?lm=1629527016)'}}, {'y': 450000, 'verein': 'CSKA Sofia', 'age': '25', 'mw': '€450Th.', 'datum_mw': 'Dec 14, 2014', 'x': 1418511600000, 'marker': {'symbol': 'url(https://tmssl.akamaized.net/images/wappen/verysmall/208_1629527016.png?lm=1629527016)'}}, {'y': 400000, 'verein': 'CSKA Sofia', 'age': '26', 'mw': '€400Th.', 'datum_mw': 'Jul 28, 2015', 'x': 1438034400000, 'marker': {'symbol': 'url(https://tmssl.akamaized.net/images/wappen/verysmall/208_1629527016.png?lm=1629527016)'}}, {'y': 350000, 'verein': 'Slavia Sofia', 'age': '26', 'mw': '€350Th.', 'datum_mw': 'Dec 17, 2015', 'x': 1450306800000, 'marker': {'symbol': 'url(https://tmssl.akamaized.net/images/wappen/verysmall/675.png?lm=1493976927)'}}, {'y': 350000, 'verein': 'Ethnikos Achnas', 'age': '27', 'mw': '€350Th.', 'datum_mw': 'Dec 30, 2016', 'x': 1483052400000, 'marker': {'symbol': 'url(https://tmssl.akamaized.net/images/wappen/verysmall/4590.png?lm=1421003360)'}}, {'y': 300000, 'verein': 'Ethnikos Achnas', 'age': '28', 'mw': '€300Th.', 'datum_mw': 'May 4, 2017', 'x': 1493848800000, 'marker': {'symbol': 'url(https://tmssl.akamaized.net/images/wappen/verysmall/4590.png?lm=1421003360)'}}, {'y': 300000, 'verein': 'Sandecja Nowy Sacz', 'age': '29', 'mw': '€300Th.', 'datum_mw': 'Jan 16, 2018', 'x': 1516057200000, 'marker': {'symbol': 'url(https://tmssl.akamaized.net/images/wappen/verysmall/8984_1541837366.png?lm=1541837366)'}}, {'y': 200000, 'verein': 'Without Club', 'age': '29', 'mw': '€200Th.', 'datum_mw': 'Jul 3, 2018', 'x': 1530568800000, 'marker': {'symbol': 'url(https://tmssl.akamaized.net/images/wappen/verysmall/515.png?lm=1456997255)'}}, {'y': 200000, 'verein': 'Zaglebie Sosnowiec', 'age': '30', 'mw': '€200Th.', 'datum_mw': 'Jul 18, 2019', 'x': 1563400800000, 'marker': {'symbol': 'url(https://tmssl.akamaized.net/images/wappen/verysmall/6560.png?lm=1416697842)'}}, {'y': 150000, 'verein': 'Etar Veliko Tarnovo', 'age': '31', 'mw': '€150Th.', 'datum_mw': 'Dec 21, 2020', 'x': 1608505200000, 'marker': {'symbol': 'url(https://tmssl.akamaized.net/images/wappen/verysmall/712.png?lm=1443041548)'}}, {'y': 100000, 'verein': 'Etar Veliko Tarnovo', 'age': '32', 'mw': '€100Th.', 'datum_mw': 'Jun 17, 2021', 'x': 1623880800000, 'marker': {'symbol': 'url(https://tmssl.akamaized.net/images/wappen/verysmall/712.png?lm=1443041548)'}}, {'y': 150000, 'verein': 'Lokomotiv Sofia', 'age': '32', 'mw': '€150Th.', 'datum_mw': 'Oct 14, 2021', 'x': 1634162400000, 'marker': {'symbol': 'url(https://tmssl.akamaized.net/images/wappen/verysmall/730.png?lm=1629872617)'}}, {'y': 150000, 'verein': 'Lokomotiv Sofia', 'age': '32', 'mw': '€150Th.', 'datum_mw': 'Dec 8, 2021', 'x': 1638918000000, 'marker': {'symbol': 'url(https://tmssl.akamaized.net/images/wappen/verysmall/730.png?lm=1629872617)'}}, {'y': 100000, 'verein': 'Lokomotiv Sofia', 'age': '33', 'mw': '€100Th.', 'datum_mw': 'Apr 5, 2022', 'x': 1649109600000, 'marker': {'symbol': 'url(https://tmssl.akamaized.net/images/wappen/verysmall/730.png?lm=1629872617)'}}, {'y': 100000, 'verein': 'Lokomotiv Sofia', 'age': '33', 'mw': '€100Th.', 'datum_mw': 'May 31, 2022', 'x': 1653948000000, 'marker': {'symbol': 'url(https://tmssl.akamaized.net/images/wappen/verysmall/730.png?lm=1629872617)'}}]}]	EASports Agency		1	-	2.326'			
Ivan-Ioannis Atanatos																																		
Miki Orachev	Мики Орачев	Mar 19, 1996	Blagoevgrad	26	1,71 m	Bulgaria	Defender - Left-Back	left	Lokomotiv Sofia	Jul 1, 2019	Jun 30, 2023	0.0	27	27	2.04	1	5	-	-	3	-	-			2.430'	[{'type': 'line', 'name': 'Market value', 'data': [{'y': 50000, 'verein': 'Levski Sofia', 'age': '17', 'mw': '€50Th.', 'datum_mw': 'Mar 10, 2014', 'x': 1394406000000, 'marker': {'symbol': 'url(https://tmssl.akamaized.net/images/wappen/verysmall/156.png?lm=1517128698)'}}, {'y': 100000, 'verein': 'Levski Sofia', 'age': '18', 'mw': '€100Th.', 'datum_mw': 'Aug 9, 2014', 'x': 1407535200000, 'marker': {'symbol': 'url(https://tmssl.akamaized.net/images/wappen/verysmall/156.png?lm=1517128698)'}}, {'y': 150000, 'verein': 'Levski Sofia', 'age': '18', 'mw': '€150Th.', 'datum_mw': 'Dec 14, 2014', 'x': 1418511600000, 'marker': {'symbol': 'url(https://tmssl.akamaized.net/images/wappen/verysmall/156.png?lm=1517128698)'}}, {'y': 200000, 'verein': 'Levski Sofia', 'age': '19', 'mw': '€200Th.', 'datum_mw': 'Jul 27, 2015', 'x': 1437948000000, 'marker': {'symbol': 'url(https://tmssl.akamaized.net/images/wappen/verysmall/156.png?lm=1517128698)'}}, {'y': 250000, 'verein': 'Levski Sofia', 'age': '19', 'mw': '€250Th.', 'datum_mw': 'Dec 17, 2015', 'x': 1450306800000, 'marker': {'symbol': 'url(https://tmssl.akamaized.net/images/wappen/verysmall/156.png?lm=1517128698)'}}, {'y': 250000, 'verein': 'Levski Sofia', 'age': '20', 'mw': '€250Th.', 'datum_mw': 'Aug 1, 2016', 'x': 1470002400000, 'marker': {'symbol': 'url(https://tmssl.akamaized.net/images/wappen/verysmall/156.png?lm=1517128698)'}}, {'y': 250000, 'verein': 'Levski Sofia', 'age': '21', 'mw': '€250Th.', 'datum_mw': 'Aug 23, 2017', 'x': 1503439200000, 'marker': {'symbol': 'url(https://tmssl.akamaized.net/images/wappen/verysmall/156.png?lm=1517128698)'}}, {'y': 250000, 'verein': 'Septemvri Sofia', 'age': '21', 'mw': '€250Th.', 'datum_mw': 'Feb 9, 2018', 'x': 1518130800000, 'marker': {'symbol': 'url(https://tmssl.akamaized.net/images/wappen/verysmall/40416.png?lm=1540728743)'}}, {'y': 200000, 'verein': 'Without Club', 'age': '22', 'mw': '€200Th.', 'datum_mw': 'Sep 18, 2018', 'x': 1537221600000, 'marker': {'symbol': 'url(https://tmssl.akamaized.net/images/wappen/verysmall/515.png?lm=1456997255)'}}, {'y': 0, 'verein': 'Holzwickeder SC', 'age': '22', 'mw': '-', 'datum_mw': 'Feb 1, 2019', 'x': 1548975600000, 'marker': {'symbol': 'url(https://tmssl.akamaized.net/images/wappen/verysmall/49463.png?lm=1548609269)'}}, {'y': 150000, 'verein': 'Lokomotiv Sofia', 'age': '24', 'mw': '€150Th.', 'datum_mw': 'Jan 26, 2021', 'x': 1611615600000, 'marker': {'symbol': 'url(https://tmssl.akamaized.net/images/wappen/verysmall/730_1629872644.png?lm=1629872644)'}}, {'y': 250000, 'verein': 'Lokomotiv Sofia', 'age': '25', 'mw': '€250Th.', 'datum_mw': 'Jun 17, 2021', 'x': 1623880800000, 'marker': {'symbol': 'url(https://tmssl.akamaized.net/images/wappen/verysmall/730_1629872644.png?lm=1629872644)'}}, {'y': 300000, 'verein': 'Lokomotiv Sofia', 'age': '25', 'mw': '€300Th.', 'datum_mw': 'Dec 8, 2021', 'x': 1638918000000, 'marker': {'symbol': 'url(https://tmssl.akamaized.net/images/wappen/verysmall/730.png?lm=1629872617)'}}, {'y': 300000, 'verein': 'Lokomotiv Sofia', 'age': '26', 'mw': '€300Th.', 'datum_mw': 'May 31, 2022', 'x': 1653948000000, 'marker': {'symbol': 'url(https://tmssl.akamaized.net/images/wappen/verysmall/730.png?lm=1629872617)'}}]}]	P&K WSA		-	-	2.430'	Jun 3, 2021		
Stoycho Atanasov																																		
Celso Raposo		Apr 3, 1996	Barreiro	26	1,80 m	Portugal	Defender - Right-Back	right	Lokomotiv Sofia	Jul 5, 2021	Jun 30, 2023	0.0	9	8	1.50	-	1	1	-	5	-	-			647'	[{'type': 'line', 'name': 'Market value', 'data': [{'y': 0, 'verein': 'SC Praiense', 'age': '23', 'mw': '-', 'datum_mw': 'May 16, 2019', 'x': 1557957600000, 'marker': {'symbol': 'url(https://tmssl.akamaized.net/images/wappen/verysmall/9603.png?lm=1460306292)'}}, {'y': 175000, 'verein': 'CD Cova Piedade', 'age': '23', 'mw': '€175Th.', 'datum_mw': 'Dec 31, 2019', 'x': 1577746800000, 'marker': {'symbol': 'url(https://tmssl.akamaized.net/images/wappen/verysmall/25817.png?lm=1407562890)'}}, {'y': 200000, 'verein': 'Lokomotiv Sofia', 'age': '25', 'mw': '€200Th.', 'datum_mw': 'Oct 14, 2021', 'x': 1634162400000, 'marker': {'symbol': 'url(https://tmssl.akamaized.net/images/wappen/verysmall/730.png?lm=1629872617)'}}, {'y': 225000, 'verein': 'Lokomotiv Sofia', 'age': '25', 'mw': '€225Th.', 'datum_mw': 'Dec 8, 2021', 'x': 1638918000000, 'marker': {'symbol': 'url(https://tmssl.akamaized.net/images/wappen/verysmall/730.png?lm=1629872617)'}}, {'y': 250000, 'verein': 'Lokomotiv Sofia', 'age': '26', 'mw': '€250Th.', 'datum_mw': 'Apr 5, 2022', 'x': 1649109600000, 'marker': {'symbol': 'url(https://tmssl.akamaized.net/images/wappen/verysmall/730.png?lm=1629872617)'}}, {'y': 300000, 'verein': 'Lokomotiv Sofia', 'age': '26', 'mw': '€300Th.', 'datum_mw': 'May 31, 2022', 'x': 1653948000000, 'marker': {'symbol': 'url(https://tmssl.akamaized.net/images/wappen/verysmall/730.png?lm=1629872617)'}}]}]	Oxysports TM		-	-	-		Celso Daniel Caeiro Raposo	
Bozhidar Katsarov	Божидар Кацаров	Dec 30, 1993	Stara Zagora	28	1,90 m	Bulgaria	midfield - Defensive Midfield	right	Lokomotiv Sofia	Jul 9, 2021	Jun 30, 2022	0.0	27	27	1.00	-	2	-	9	7	1	-			2.294'	[{'type': 'line', 'name': 'Market value', 'data': [{'y': 50000, 'verein': 'Etar Veliko Tarnovo', 'age': '26', 'mw': '€50Th.', 'datum_mw': 'Feb 2, 2020', 'x': 1580598000000, 'marker': {'symbol': 'url(https://tmssl.akamaized.net/images/wappen/verysmall/712.png?lm=1443041548)'}}, {'y': 100000, 'verein': 'Etar Veliko Tarnovo', 'age': '26', 'mw': '€100Th.', 'datum_mw': 'Dec 21, 2020', 'x': 1608505200000, 'marker': {'symbol': 'url(https://tmssl.akamaized.net/images/wappen/verysmall/712.png?lm=1443041548)'}}, {'y': 150000, 'verein': 'Etar Veliko Tarnovo', 'age': '27', 'mw': '€150Th.', 'datum_mw': 'Jun 17, 2021', 'x': 1623880800000, 'marker': {'symbol': 'url(https://tmssl.akamaized.net/images/wappen/verysmall/712.png?lm=1443041548)'}}, {'y': 200000, 'verein': 'Lokomotiv Sofia', 'age': '27', 'mw': '€200Th.', 'datum_mw': 'Oct 14, 2021', 'x': 1634162400000, 'marker': {'symbol': 'url(https://tmssl.akamaized.net/images/wappen/verysmall/730.png?lm=1629872617)'}}, {'y': 200000, 'verein': 'Lokomotiv Sofia', 'age': '27', 'mw': '€200Th.', 'datum_mw': 'Dec 8, 2021', 'x': 1638918000000, 'marker': {'symbol': 'url(https://tmssl.akamaized.net/images/wappen/verysmall/730.png?lm=1629872617)'}}, {'y': 250000, 'verein': 'Lokomotiv Sofia', 'age': '28', 'mw': '€250Th.', 'datum_mw': 'May 31, 2022', 'x': 1653948000000, 'marker': {'symbol': 'url(https://tmssl.akamaized.net/images/wappen/verysmall/730.png?lm=1629872617)'}}]}]	P&K WSA		-	-	-			
Simeon Slavchev	Симеон Ненчев Славчев	Sep 25, 1993	Sofia	28	1,85 m	Bulgaria	midfield - Defensive Midfield	right	Lokomotiv Sofia	Jan 1, 2022	Jun 30, 2023	0.0	8	8	1.50	-	-	5	2	1	-	-			366'	[{'type': 'line', 'name': 'Market value', 'data': [{'y': 50000, 'verein': 'Unknown', 'age': '17', 'mw': '€50Th.', 'datum_mw': 'Dec 22, 2010', 'x': 1292972400000, 'marker': {'symbol': 'url(https://tmssl.akamaized.net/images/wappen/verysmall/75.png?lm=1456997316)'}}, {'y': 100000, 'verein': 'Litex Lovech', 'age': '18', 'mw': '€100Th.', 'datum_mw': 'Aug 29, 2012', 'x': 1346191200000, 'marker': {'symbol': 'url(https://tmssl.akamaized.net/images/wappen/verysmall/271.png?lm=1445330006)'}}, {'y': 200000, 'verein': 'Litex Lovech', 'age': '19', 'mw': '€200Th.', 'datum_mw': 'Oct 28, 2012', 'x': 1351375200000, 'marker': {'symbol': 'url(https://tmssl.akamaized.net/images/wappen/verysmall/271.png?lm=1445330006)'}}, {'y': 250000, 'verein': 'Litex Lovech', 'age': '19', 'mw': '€250Th.', 'datum_mw': 'Mar 9, 2013', 'x': 1362783600000, 'marker': {'symbol': 'url(https://tmssl.akamaized.net/images/wappen/verysmall/271.png?lm=1445330006)'}}, {'y': 300000, 'verein': 'Litex Lovech', 'age': '19', 'mw': '€300Th.', 'datum_mw': 'Mar 14, 2013', 'x': 1363215600000, 'marker': {'symbol': 'url(https://tmssl.akamaized.net/images/wappen/verysmall/271.png?lm=1445330006)'}}, {'y': 400000, 'verein': 'Litex Lovech', 'age': '19', 'mw': '€400Th.', 'datum_mw': 'Apr 5, 2013', 'x': 1365112800000, 'marker': {'symbol': 'url(https://tmssl.akamaized.net/images/wappen/verysmall/271.png?lm=1445330006)'}}, {'y': 600000, 'verein': 'Litex Lovech', 'age': '19', 'mw': '€600Th.', 'datum_mw': 'Sep 13, 2013', 'x': 1379023200000, 'marker': {'symbol': 'url(https://tmssl.akamaized.net/images/wappen/verysmall/271.png?lm=1445330006)'}}, {'y': 1000000, 'verein': 'Litex Lovech', 'age': '20', 'mw': '€1.00m', 'datum_mw': 'Oct 21, 2013', 'x': 1382306400000, 'marker': {'symbol': 'url(https://tmssl.akamaized.net/images/wappen/verysmall/271.png?lm=1445330006)'}}, {'y': 2000000, 'verein': 'Litex Lovech', 'age': '20', 'mw': '€2.00m', 'datum_mw': 'Dec 27, 2013', 'x': 1388098800000, 'marker': {'symbol': 'url(https://tmssl.akamaized.net/images/wappen/verysmall/271.png?lm=1445330006)'}}, {'y': 2000000, 'verein': 'Bolton Wanderers', 'age': '21', 'mw': '€2.00m', 'datum_mw': 'Feb 24, 2015', 'x': 1424732400000, 'marker': {'symbol': 'url(https://tmssl.akamaized.net/images/wappen/verysmall/355.png?lm=1407653952)'}}, {'y': 2000000, 'verein': 'Sporting CP', 'age': '21', 'mw': '€2.00m', 'datum_mw': 'Jul 1, 2015', 'x': 1435701600000, 'marker': {'symbol': 'url(https://tmssl.akamaized.net/images/wappen/verysmall/336.png?lm=1621513752)'}}, {'y': 1250000, 'verein': 'Apollon Limassol', 'age': '22', 'mw': '€1.25m', 'datum_mw': 'May 5, 2016', 'x': 1462399200000, 'marker': {'symbol': 'url(https://tmssl.akamaized.net/images/wappen/verysmall/429.png?lm=1411058415)'}}, {'y': 1250000, 'verein': 'Sporting CP', 'age': '22', 'mw': '€1.25m', 'datum_mw': 'Jul 29, 2016', 'x': 1469743200000, 'marker': {'symbol': 'url(https://tmssl.akamaized.net/images/wappen/verysmall/336.png?lm=1621513752)'}}, {'y': 1000000, 'verein': 'Lechia Gdansk', 'age': '23', 'mw': '€1.00m', 'datum_mw': 'Jan 21, 2017', 'x': 1484953200000, 'marker': {'symbol': 'url(https://tmssl.akamaized.net/images/wappen/verysmall/4000.png?lm=1549363805)'}}, {'y': 1100000, 'verein': 'Lechia Gdansk', 'age': '24', 'mw': '€1.10m', 'datum_mw': 'Jan 16, 2018', 'x': 1516057200000, 'marker': {'symbol': 'url(https://tmssl.akamaized.net/images/wappen/verysmall/4000.png?lm=1549363805)'}}, {'y': 1100000, 'verein': 'Sporting CP', 'age': '24', 'mw': '€1.10m', 'datum_mw': 'Jul 3, 2018', 'x': 1530568800000, 'marker': {'symbol': 'url(https://tmssl.akamaized.net/images/wappen/verysmall/336.png?lm=1621513752)'}}, {'y': 1200000, 'verein': 'Qarabağ FK', 'age': '25', 'mw': '€1.20m', 'datum_mw': 'Dec 27, 2018', 'x': 1545865200000, 'marker': {'symbol': 'url(https://tmssl.akamaized.net/images/wappen/verysmall/10625.png?lm=1545410555)'}}, {'y': 1000000, 'verein': 'Qarabağ FK', 'age': '25', 'mw': '€1.00m', 'datum_mw': 'May 25, 2019', 'x': 1558735200000, 'marker': {'symbol': 'url(https://tmssl.akamaized.net/images/wappen/verysmall/10625.png?lm=1545410555)'}}, {'y': 800000, 'verein': 'Qarabağ FK', 'age': '26', 'mw': '€800Th.', 'datum_mw': 'Dec 27, 2019', 'x': 1577401200000, 'marker': {'symbol': 'url(https://tmssl.akamaized.net/images/wappen/verysmall/10625.png?lm=1545410555)'}}, {'y': 800000, 'verein': 'Levski Sofia', 'age': '26', 'mw': '€800Th.', 'datum_mw': 'Feb 2, 2020', 'x': 1580598000000, 'marker': {'symbol': 'url(https://tmssl.akamaized.net/images/wappen/verysmall/156.png?lm=1517128698)'}}, {'y': 700000, 'verein': 'Levski Sofia', 'age': '26', 'mw': '€700Th.', 'datum_mw': 'Mar 9, 2020', 'x': 1583708400000, 'marker': {'symbol': 'url(https://tmssl.akamaized.net/images/wappen/verysmall/156.png?lm=1517128698)'}}, {'y': 550000, 'verein': 'Levski Sofia', 'age': '26', 'mw': '€550Th.', 'datum_mw': 'Apr 8, 2020', 'x': 1586296800000, 'marker': {'symbol': 'url(https://tmssl.akamaized.net/images/wappen/verysmall/156.png?lm=1517128698)'}}, {'y': 300000, 'verein': 'Levski Sofia', 'age': '27', 'mw': '€300Th.', 'datum_mw': 'Dec 21, 2020', 'x': 1608505200000, 'marker': {'symbol': 'url(https://tmssl.akamaized.net/images/wappen/verysmall/156.png?lm=1517128698)'}}, {'y': 200000, 'verein': 'Levski Sofia', 'age': '27', 'mw': '€200Th.', 'datum_mw': 'Jun 17, 2021', 'x': 1623880800000, 'marker': {'symbol': 'url(https://tmssl.akamaized.net/images/wappen/verysmall/156.png?lm=1517128698)'}}, {'y': 100000, 'verein': 'Levski Sofia', 'age': '28', 'mw': '€100Th.', 'datum_mw': 'Oct 14, 2021', 'x': 1634162400000, 'marker': {'symbol': 'url(https://tmssl.akamaized.net/images/wappen/verysmall/156.png?lm=1517128698)'}}, {'y': 100000, 'verein': 'Levski Sofia', 'age': '28', 'mw': '€100Th.', 'datum_mw': 'Dec 8, 2021', 'x': 1638918000000, 'marker': {'symbol': 'url(https://tmssl.akamaized.net/images/wappen/verysmall/156.png?lm=1517128698)'}}, {'y': 200000, 'verein': 'Lokomotiv Sofia', 'age': '28', 'mw': '€200Th.', 'datum_mw': 'Apr 5, 2022', 'x': 1649109600000, 'marker': {'symbol': 'url(https://tmssl.akamaized.net/images/wappen/verysmall/730.png?lm=1629872617)'}}, {'y': 200000, 'verein': 'Lokomotiv Sofia', 'age': '28', 'mw': '€200Th.', 'datum_mw': 'May 31, 2022', 'x': 1653948000000, 'marker': {'symbol': 'url(https://tmssl.akamaized.net/images/wappen/verysmall/730.png?lm=1629872617)'}}]}]	N1SA		1	-	-			
Krasimir Miloshev	Красимир Милошев	Apr 5, 2000	Sofia	22	1,75 m	Bulgaria	midfield - Defensive Midfield	right	Lokomotiv Sofia	Nov 18, 2016	Jun 30, 2023	0.0	28	25	2.08	2	3	1	13	8	-	-			1.951'	[{'type': 'line', 'name': 'Market value', 'data': [{'y': 100000, 'verein': 'Lokomotiv Sofia', 'age': '20', 'mw': '€100Th.', 'datum_mw': 'Jan 26, 2021', 'x': 1611615600000, 'marker': {'symbol': 'url(https://tmssl.akamaized.net/images/wappen/verysmall/730_1629872644.png?lm=1629872644)'}}, {'y': 200000, 'verein': 'Lokomotiv Sofia', 'age': '21', 'mw': '€200Th.', 'datum_mw': 'Jun 17, 2021', 'x': 1623880800000, 'marker': {'symbol': 'url(https://tmssl.akamaized.net/images/wappen/verysmall/730_1629872644.png?lm=1629872644)'}}, {'y': 250000, 'verein': 'Lokomotiv Sofia', 'age': '21', 'mw': '€250Th.', 'datum_mw': 'Dec 8, 2021', 'x': 1638918000000, 'marker': {'symbol': 'url(https://tmssl.akamaized.net/images/wappen/verysmall/730.png?lm=1629872617)'}}, {'y': 200000, 'verein': 'Lokomotiv Sofia', 'age': '22', 'mw': '€200Th.', 'datum_mw': 'May 31, 2022', 'x': 1653948000000, 'marker': {'symbol': 'url(https://tmssl.akamaized.net/images/wappen/verysmall/730.png?lm=1629872617)'}}]}]			-	-	976'	May 28, 2021		
Frane Cirjak	Frane Čirjak	Jun 23, 1995	Zadar	27	1,80 m	Croatia	midfield - Central Midfield	left	Lokomotiv Sofia	Mar 17, 2022	-	0.0	22	20	1.10	-	7	8	7	6	-	-			1.273'	[{'type': 'line', 'name': 'Market value', 'data': [{'y': 50000, 'verein': 'NK Zadar', 'age': '18', 'mw': '€50Th.', 'datum_mw': 'Oct 8, 2013', 'x': 1381183200000, 'marker': {'symbol': 'url(https://tmssl.akamaized.net/images/wappen/verysmall/2566.png?lm=1460051227)'}}, {'y': 150000, 'verein': 'NK Zadar', 'age': '18', 'mw': '€150Th.', 'datum_mw': 'Mar 11, 2014', 'x': 1394492400000, 'marker': {'symbol': 'url(https://tmssl.akamaized.net/images/wappen/verysmall/2566.png?lm=1460051227)'}}, {'y': 150000, 'verein': 'NK Zadar', 'age': '19', 'mw': '€150Th.', 'datum_mw': 'Oct 1, 2014', 'x': 1412114400000, 'marker': {'symbol': 'url(https://tmssl.akamaized.net/images/wappen/verysmall/2566.png?lm=1460051227)'}}, {'y': 50000, 'verein': 'NK Zadar', 'age': '19', 'mw': '€50Th.', 'datum_mw': 'Mar 17, 2015', 'x': 1426546800000, 'marker': {'symbol': 'url(https://tmssl.akamaized.net/images/wappen/verysmall/2566.png?lm=1460051227)'}}, {'y': 100000, 'verein': 'FC Luzern', 'age': '20', 'mw': '€100Th.', 'datum_mw': 'Sep 29, 2015', 'x': 1443477600000, 'marker': {'symbol': 'url(https://tmssl.akamaized.net/images/wappen/verysmall/434.png?lm=1410776821)'}}, {'y': 100000, 'verein': 'FC Luzern', 'age': '20', 'mw': '€100Th.', 'datum_mw': 'Dec 18, 2015', 'x': 1450393200000, 'marker': {'symbol': 'url(https://tmssl.akamaized.net/images/wappen/verysmall/434.png?lm=1410776821)'}}, {'y': 250000, 'verein': 'FC Luzern U21', 'age': '21', 'mw': '€250Th.', 'datum_mw': 'Jul 16, 2016', 'x': 1468620000000, 'marker': {'symbol': 'url(https://tmssl.akamaized.net/images/wappen/verysmall/5494.png?lm=1571401410)'}}, {'y': 300000, 'verein': 'HSK Zrinjski Mostar', 'age': '22', 'mw': '€300Th.', 'datum_mw': 'Jul 20, 2017', 'x': 1500501600000, 'marker': {'symbol': 'url(https://tmssl.akamaized.net/images/wappen/verysmall/6808.png?lm=1474921934)'}}, {'y': 300000, 'verein': 'HSK Zrinjski Mostar', 'age': '22', 'mw': '€300Th.', 'datum_mw': 'Feb 15, 2018', 'x': 1518649200000, 'marker': {'symbol': 'url(https://tmssl.akamaized.net/images/wappen/verysmall/6808.png?lm=1474921934)'}}, {'y': 300000, 'verein': 'HSK Zrinjski Mostar', 'age': '23', 'mw': '€300Th.', 'datum_mw': 'Jul 31, 2018', 'x': 1532988000000, 'marker': {'symbol': 'url(https://tmssl.akamaized.net/images/wappen/verysmall/6808.png?lm=1474921934)'}}, {'y': 450000, 'verein': 'HSK Zrinjski Mostar', 'age': '23', 'mw': '€450Th.', 'datum_mw': 'Feb 25, 2019', 'x': 1551049200000, 'marker': {'symbol': 'url(https://tmssl.akamaized.net/images/wappen/verysmall/6808.png?lm=1474921934)'}}, {'y': 550000, 'verein': 'HSK Zrinjski Mostar', 'age': '23', 'mw': '€550Th.', 'datum_mw': 'Jun 19, 2019', 'x': 1560895200000, 'marker': {'symbol': 'url(https://tmssl.akamaized.net/images/wappen/verysmall/6808.png?lm=1474921934)'}}, {'y': 550000, 'verein': 'HSK Zrinjski Mostar', 'age': '24', 'mw': '€550Th.', 'datum_mw': 'Jan 7, 2020', 'x': 1578351600000, 'marker': {'symbol': 'url(https://tmssl.akamaized.net/images/wappen/verysmall/6808.png?lm=1474921934)'}}, {'y': 450000, 'verein': 'HSK Zrinjski Mostar', 'age': '24', 'mw': '€450Th.', 'datum_mw': 'Apr 8, 2020', 'x': 1586296800000, 'marker': {'symbol': 'url(https://tmssl.akamaized.net/images/wappen/verysmall/6808.png?lm=1474921934)'}}, {'y': 400000, 'verein': 'PFC Lviv', 'age': '25', 'mw': '€400Th.', 'datum_mw': 'Oct 16, 2020', 'x': 1602799200000, 'marker': {'symbol': 'url(https://tmssl.akamaized.net/images/wappen/verysmall/18105_1586024736.png?lm=1586024739)'}}, {'y': 300000, 'verein': 'PFC Lviv', 'age': '25', 'mw': '€300Th.', 'datum_mw': 'Jan 14, 2021', 'x': 1610578800000, 'marker': {'symbol': 'url(https://tmssl.akamaized.net/images/wappen/verysmall/18105_1586024736.png?lm=1586024739)'}}, {'y': 500000, 'verein': 'PFC Lviv', 'age': '25', 'mw': '€500Th.', 'datum_mw': 'Jun 7, 2021', 'x': 1623016800000, 'marker': {'symbol': 'url(https://tmssl.akamaized.net/images/wappen/verysmall/18105_1586024736.png?lm=1586024739)'}}, {'y': 400000, 'verein': 'PFK Lviv', 'age': '26', 'mw': '€400Th.', 'datum_mw': 'Dec 20, 2021', 'x': 1639954800000, 'marker': {'symbol': 'url(https://tmssl.akamaized.net/images/wappen/verysmall/18105.png?lm=1626717555)'}}, {'y': 350000, 'verein': 'Lokomotiv Sofia', 'age': '26', 'mw': '€350Th.', 'datum_mw': 'May 31, 2022', 'x': 1653948000000, 'marker': {'symbol': 'url(https://tmssl.akamaized.net/images/wappen/verysmall/730.png?lm=1629872617)'}}]}]			-	-	-			
Vladimir Semerdzhiev	Владимир Семерджиев	May 27, 1995	Sofia	27	1,81 m	Bulgaria	midfield - Central Midfield	right	Lokomotiv Sofia	Jun 1, 2020	Jun 30, 2023	0.0	26	26	2.00	1	4	5	12	7	-	-			1.834'	[{'type': 'line', 'name': 'Market value', 'data': [{'y': 75000, 'verein': 'Unknown', 'age': '19', 'mw': '€75Th.', 'datum_mw': 'Dec 15, 2014', 'x': 1418598000000, 'marker': {'symbol': 'url(https://tmssl.akamaized.net/images/wappen/verysmall/75.png?lm=1456997316)'}}, {'y': 100000, 'verein': 'Unknown', 'age': '20', 'mw': '€100Th.', 'datum_mw': 'Jul 28, 2015', 'x': 1438034400000, 'marker': {'symbol': 'url(https://tmssl.akamaized.net/images/wappen/verysmall/75.png?lm=1456997316)'}}, {'y': 150000, 'verein': 'Unknown', 'age': '20', 'mw': '€150Th.', 'datum_mw': 'Dec 17, 2015', 'x': 1450306800000, 'marker': {'symbol': 'url(https://tmssl.akamaized.net/images/wappen/verysmall/75.png?lm=1456997316)'}}, {'y': 200000, 'verein': 'Unknown', 'age': '21', 'mw': '€200Th.', 'datum_mw': 'Aug 7, 2016', 'x': 1470520800000, 'marker': {'symbol': 'url(https://tmssl.akamaized.net/images/wappen/verysmall/75.png?lm=1456997316)'}}, {'y': 200000, 'verein': 'Unknown', 'age': '21', 'mw': '€200Th.', 'datum_mw': 'Jan 28, 2017', 'x': 1485558000000, 'marker': {'symbol': 'url(https://tmssl.akamaized.net/images/wappen/verysmall/75.png?lm=1456997316)'}}, {'y': 200000, 'verein': 'Lokomotiv Sofia', 'age': '22', 'mw': '€200Th.', 'datum_mw': 'Feb 9, 2018', 'x': 1518130800000, 'marker': {'symbol': 'url(https://tmssl.akamaized.net/images/wappen/verysmall/730_1629872644.png?lm=1629872644)'}}, {'y': 200000, 'verein': 'Lokomotiv Sofia', 'age': '25', 'mw': '€200Th.', 'datum_mw': 'Jan 26, 2021', 'x': 1611615600000, 'marker': {'symbol': 'url(https://tmssl.akamaized.net/images/wappen/verysmall/730_1629872644.png?lm=1629872644)'}}, {'y': 200000, 'verein': 'Lokomotiv Sofia', 'age': '26', 'mw': '€200Th.', 'datum_mw': 'Jun 17, 2021', 'x': 1623880800000, 'marker': {'symbol': 'url(https://tmssl.akamaized.net/images/wappen/verysmall/730_1629872644.png?lm=1629872644)'}}, {'y': 225000, 'verein': 'Lokomotiv Sofia', 'age': '26', 'mw': '€225Th.', 'datum_mw': 'Dec 8, 2021', 'x': 1638918000000, 'marker': {'symbol': 'url(https://tmssl.akamaized.net/images/wappen/verysmall/730.png?lm=1629872617)'}}, {'y': 200000, 'verein': 'Lokomotiv Sofia', 'age': '27', 'mw': '€200Th.', 'datum_mw': 'May 31, 2022', 'x': 1653948000000, 'marker': {'symbol': 'url(https://tmssl.akamaized.net/images/wappen/verysmall/730.png?lm=1629872617)'}}]}]	EASports Agency		-	-	1.834'	May 28, 2021		
Denis Stefanov																																		
Martin Stoilov																																		
Virgile Pinson		Feb 22, 1996	Cenon	26	1,80 m	"France
  Cameroon"	midfield - Left Midfield	right	Lokomotiv Sofia	Sep 7, 2021	-	0.0	29	26	1.73	1	4	15	5	2	-	-			1.200'	[{'type': 'line', 'name': 'Market value', 'data': [{'y': 25000, 'verein': 'Unknown', 'age': '19', 'mw': '€25Th.', 'datum_mw': 'Feb 13, 2016', 'x': 1455318000000, 'marker': {'symbol': 'url(https://tmssl.akamaized.net/images/wappen/verysmall/75.png?lm=1456997316)'}}, {'y': 0, 'verein': 'Antalyaspor U21', 'age': '21', 'mw': '-', 'datum_mw': 'Aug 24, 2017', 'x': 1503525600000, 'marker': {'symbol': 'url(https://tmssl.akamaized.net/images/wappen/verysmall/15020.png?lm=1555511743)'}}, {'y': 150000, 'verein': 'Stade Reims', 'age': '23', 'mw': '€150Th.', 'datum_mw': 'Sep 27, 2019', 'x': 1569535200000, 'marker': {'symbol': 'url(https://tmssl.akamaized.net/images/wappen/verysmall/1421_1592601890.png?lm=1592601857)'}}, {'y': 150000, 'verein': 'Stade Reims', 'age': '23', 'mw': '€150Th.', 'datum_mw': 'Dec 19, 2019', 'x': 1576710000000, 'marker': {'symbol': 'url(https://tmssl.akamaized.net/images/wappen/verysmall/1421_1592601890.png?lm=1592601857)'}}, {'y': 150000, 'verein': 'Quevilly Rouen Métropole', 'age': '24', 'mw': '€150Th.', 'datum_mw': 'Nov 11, 2020', 'x': 1605049200000, 'marker': {'symbol': 'url(https://tmssl.akamaized.net/images/wappen/verysmall/7124.png?lm=1529961195)'}}, {'y': 250000, 'verein': 'Quevilly Rouen Métropole', 'age': '25', 'mw': '€250Th.', 'datum_mw': 'Jun 25, 2021', 'x': 1624572000000, 'marker': {'symbol': 'url(https://tmssl.akamaized.net/images/wappen/verysmall/7124.png?lm=1529961195)'}}, {'y': 275000, 'verein': 'Lokomotiv Sofia', 'age': '25', 'mw': '€275Th.', 'datum_mw': 'Dec 8, 2021', 'x': 1638918000000, 'marker': {'symbol': 'url(https://tmssl.akamaized.net/images/wappen/verysmall/730.png?lm=1629872617)'}}, {'y': 250000, 'verein': 'Lokomotiv Sofia', 'age': '26', 'mw': '€250Th.', 'datum_mw': 'May 31, 2022', 'x': 1653948000000, 'marker': {'symbol': 'url(https://tmssl.akamaized.net/images/wappen/verysmall/730.png?lm=1629872617)'}}]}]	Goal Pro Management		-	-	1.200'			
Octávio		Dec 29, 1993	Rio de Janeiro	28	1,84 m	"Brazil
  Spain"	midfield - Attacking Midfield	right	Lokomotiv Sofia	Jul 26, 2021	-	0.0	26	26	1.38	3	2	12	12	4	-	-			1.406'	[{'type': 'line', 'name': 'Market value', 'data': [{'y': 150000, 'verein': 'Botafogo de Futebol e Regatas', 'age': '19', 'mw': '€150Th.', 'datum_mw': 'May 30, 2013', 'x': 1369864800000, 'marker': {'symbol': 'url(https://tmssl.akamaized.net/images/wappen/verysmall/537.png?lm=1651494898)'}}, {'y': 400000, 'verein': 'ABC Futebol Clube (RN)', 'age': '20', 'mw': '€400Th.', 'datum_mw': 'Mar 31, 2014', 'x': 1396216800000, 'marker': {'symbol': 'url(https://tmssl.akamaized.net/images/wappen/verysmall/7209.png?lm=1438032109)'}}, {'y': 400000, 'verein': 'ACF Fiorentina', 'age': '21', 'mw': '€400Th.', 'datum_mw': 'Jan 7, 2015', 'x': 1420585200000, 'marker': {'symbol': 'url(https://tmssl.akamaized.net/images/wappen/verysmall/430_1655114235.png?lm=1655114235)'}}, {'y': 300000, 'verein': 'Botafogo de Futebol e Regatas', 'age': '21', 'mw': '€300Th.', 'datum_mw': 'Jun 30, 2015', 'x': 1435615200000, 'marker': {'symbol': 'url(https://tmssl.akamaized.net/images/wappen/verysmall/537.png?lm=1651494898)'}}, {'y': 350000, 'verein': 'Botafogo de Futebol e Regatas', 'age': '21', 'mw': '€350Th.', 'datum_mw': 'Sep 11, 2015', 'x': 1441922400000, 'marker': {'symbol': 'url(https://tmssl.akamaized.net/images/wappen/verysmall/537.png?lm=1651494898)'}}, {'y': 400000, 'verein': 'Botafogo de Futebol e Regatas', 'age': '21', 'mw': '€400Th.', 'datum_mw': 'Dec 15, 2015', 'x': 1450134000000, 'marker': {'symbol': 'url(https://tmssl.akamaized.net/images/wappen/verysmall/537.png?lm=1651494898)'}}, {'y': 250000, 'verein': 'Botafogo de Futebol e Regatas', 'age': '22', 'mw': '€250Th.', 'datum_mw': 'May 27, 2016', 'x': 1464300000000, 'marker': {'symbol': 'url(https://tmssl.akamaized.net/images/wappen/verysmall/537.png?lm=1651494898)'}}, {'y': 250000, 'verein': 'Tupi Football Club (MG)', 'age': '22', 'mw': '€250Th.', 'datum_mw': 'Jul 23, 2016', 'x': 1469224800000, 'marker': {'symbol': 'url(https://tmssl.akamaized.net/images/wappen/verysmall/8294.png?lm=1447365819)'}}, {'y': 250000, 'verein': 'Tupi Football Club (MG)', 'age': '22', 'mw': '€250Th.', 'datum_mw': 'Nov 28, 2016', 'x': 1480287600000, 'marker': {'symbol': 'url(https://tmssl.akamaized.net/images/wappen/verysmall/8294.png?lm=1447365819)'}}, {'y': 250000, 'verein': 'KFCO Beerschot Wilrijk', 'age': '23', 'mw': '€250Th.', 'datum_mw': 'Oct 25, 2017', 'x': 1508882400000, 'marker': {'symbol': 'url(https://tmssl.akamaized.net/images/wappen/verysmall/41274_1561464956.png?lm=1561464959)'}}, {'y': 250000, 'verein': 'Beroe Stara Zagora', 'age': '26', 'mw': '€250Th.', 'datum_mw': 'Feb 2, 2020', 'x': 1580598000000, 'marker': {'symbol': 'url(https://tmssl.akamaized.net/images/wappen/verysmall/6764.png?lm=1416144905)'}}, {'y': 200000, 'verein': 'Beroe Stara Zagora', 'age': '26', 'mw': '€200Th.', 'datum_mw': 'Mar 9, 2020', 'x': 1583708400000, 'marker': {'symbol': 'url(https://tmssl.akamaized.net/images/wappen/verysmall/6764.png?lm=1416144905)'}}, {'y': 300000, 'verein': 'Beroe Stara Zagora', 'age': '26', 'mw': '€300Th.', 'datum_mw': 'Dec 21, 2020', 'x': 1608505200000, 'marker': {'symbol': 'url(https://tmssl.akamaized.net/images/wappen/verysmall/6764.png?lm=1416144905)'}}, {'y': 250000, 'verein': 'Beroe Stara Zagora', 'age': '27', 'mw': '€250Th.', 'datum_mw': 'Jun 17, 2021', 'x': 1623880800000, 'marker': {'symbol': 'url(https://tmssl.akamaized.net/images/wappen/verysmall/6764.png?lm=1416144905)'}}, {'y': 300000, 'verein': 'Lokomotiv Sofia', 'age': '27', 'mw': '€300Th.', 'datum_mw': 'Oct 14, 2021', 'x': 1634162400000, 'marker': {'symbol': 'url(https://tmssl.akamaized.net/images/wappen/verysmall/730.png?lm=1629872617)'}}, {'y': 400000, 'verein': 'Lokomotiv Sofia', 'age': '27', 'mw': '€400Th.', 'datum_mw': 'Dec 8, 2021', 'x': 1638918000000, 'marker': {'symbol': 'url(https://tmssl.akamaized.net/images/wappen/verysmall/730.png?lm=1629872617)'}}, {'y': 500000, 'verein': 'Lokomotiv Sofia', 'age': '28', 'mw': '€500Th.', 'datum_mw': 'Apr 5, 2022', 'x': 1649109600000, 'marker': {'symbol': 'url(https://tmssl.akamaized.net/images/wappen/verysmall/730.png?lm=1629872617)'}}, {'y': 550000, 'verein': 'Lokomotiv Sofia', 'age': '28', 'mw': '€550Th.', 'datum_mw': 'May 31, 2022', 'x': 1653948000000, 'marker': {'symbol': 'url(https://tmssl.akamaized.net/images/wappen/verysmall/730.png?lm=1629872617)'}}]}]	Marcio Bittencourt Sports		-	-	469'		Octávio Merlo Manteca	
Luka Ivanov																																		
Valentin Nikolov	Валентин Николов	Oct 15, 2003	Sofia	18	1,76 m	Bulgaria	attack - Left Winger	left	Lokomotiv Sofia	Jun 30, 2019	Jun 30, 2024	0.0	24	22	2.36	3	1	4	18	3	-	-			1.194'	[{'type': 'line', 'name': 'Market value', 'data': [{'y': 50000, 'verein': 'Lokomotiv Sofia', 'age': '17', 'mw': '€50Th.', 'datum_mw': 'Jan 26, 2021', 'x': 1611615600000, 'marker': {'symbol': 'url(https://tmssl.akamaized.net/images/wappen/verysmall/730_1629872644.png?lm=1629872644)'}}, {'y': 150000, 'verein': 'Lokomotiv Sofia', 'age': '17', 'mw': '€150Th.', 'datum_mw': 'Jun 17, 2021', 'x': 1623880800000, 'marker': {'symbol': 'url(https://tmssl.akamaized.net/images/wappen/verysmall/730_1629872644.png?lm=1629872644)'}}, {'y': 175000, 'verein': 'Lokomotiv Sofia', 'age': '18', 'mw': '€175Th.', 'datum_mw': 'Dec 8, 2021', 'x': 1638918000000, 'marker': {'symbol': 'url(https://tmssl.akamaized.net/images/wappen/verysmall/730.png?lm=1629872617)'}}, {'y': 200000, 'verein': 'Lokomotiv Sofia', 'age': '18', 'mw': '€200Th.', 'datum_mw': 'Apr 5, 2022', 'x': 1649109600000, 'marker': {'symbol': 'url(https://tmssl.akamaized.net/images/wappen/verysmall/730.png?lm=1629872617)'}}, {'y': 200000, 'verein': 'Lokomotiv Sofia', 'age': '18', 'mw': '€200Th.', 'datum_mw': 'May 31, 2022', 'x': 1653948000000, 'marker': {'symbol': 'url(https://tmssl.akamaized.net/images/wappen/verysmall/730.png?lm=1629872617)'}}]}]			-	-	398'	May 28, 2021		
Aleksandar Aleksandrov	Александър Ивов Александров	Mar 28, 1994	Pernik	28	1,78 m	Bulgaria	attack - Right Winger	left	Lokomotiv Sofia	Jan 1, 2019	Jun 30, 2023	0.0	26	25	1.96	7	11	4	11	4	-	-			1.923'	[{'type': 'line', 'name': 'Market value', 'data': [{'y': 150000, 'verein': 'Slavia Sofia', 'age': '19', 'mw': '€150Th.', 'datum_mw': 'Aug 7, 2013', 'x': 1375826400000, 'marker': {'symbol': 'url(https://tmssl.akamaized.net/images/wappen/verysmall/675_1427643514.png?lm=1427643514)'}}, {'y': 200000, 'verein': 'Minyor Pernik', 'age': '20', 'mw': '€200Th.', 'datum_mw': 'Aug 9, 2014', 'x': 1407535200000, 'marker': {'symbol': 'url(https://tmssl.akamaized.net/images/wappen/verysmall/19215.png?lm=1629872857)'}}, {'y': 200000, 'verein': 'Neftochimik Burgas', 'age': '22', 'mw': '€200Th.', 'datum_mw': 'Aug 7, 2016', 'x': 1470520800000, 'marker': {'symbol': 'url(https://tmssl.akamaized.net/images/wappen/verysmall/760.png?lm=1443373839)'}}, {'y': 200000, 'verein': 'Dunav Ruse', 'age': '24', 'mw': '€200Th.', 'datum_mw': 'Sep 18, 2018', 'x': 1537221600000, 'marker': {'symbol': 'url(https://tmssl.akamaized.net/images/wappen/verysmall/19780.png?lm=1655552549)'}}, {'y': 350000, 'verein': 'Lokomotiv Sofia', 'age': '26', 'mw': '€350Th.', 'datum_mw': 'Jan 26, 2021', 'x': 1611615600000, 'marker': {'symbol': 'url(https://tmssl.akamaized.net/images/wappen/verysmall/730_1629872644.png?lm=1629872644)'}}, {'y': 350000, 'verein': 'Lokomotiv Sofia', 'age': '27', 'mw': '€350Th.', 'datum_mw': 'Jun 17, 2021', 'x': 1623880800000, 'marker': {'symbol': 'url(https://tmssl.akamaized.net/images/wappen/verysmall/730_1629872644.png?lm=1629872644)'}}, {'y': 400000, 'verein': 'Lokomotiv Sofia', 'age': '27', 'mw': '€400Th.', 'datum_mw': 'Dec 8, 2021', 'x': 1638918000000, 'marker': {'symbol': 'url(https://tmssl.akamaized.net/images/wappen/verysmall/730.png?lm=1629872617)'}}, {'y': 300000, 'verein': 'Lokomotiv Sofia', 'age': '28', 'mw': '€300Th.', 'datum_mw': 'May 31, 2022', 'x': 1653948000000, 'marker': {'symbol': 'url(https://tmssl.akamaized.net/images/wappen/verysmall/730.png?lm=1629872617)'}}]}]			-	-	275'	May 28, 2021		
Iliya Dimitrov	Илия Асенов Димитров	Jul 10, 1996	Dupnitsa	25	1,87 m	Bulgaria	attack - Centre-Forward	right	Lokomotiv Sofia	Aug 4, 2021	Jun 30, 2023	0.0	12	8	1.88	-	-	7	1	-	-	1			242'	[{'type': 'line', 'name': 'Market value', 'data': [{'y': 25000, 'verein': 'Levski Sofia', 'age': '18', 'mw': '€25Th.', 'datum_mw': 'Aug 9, 2014', 'x': 1407535200000, 'marker': {'symbol': 'url(https://tmssl.akamaized.net/images/wappen/verysmall/156.png?lm=1517128698)'}}, {'y': 50000, 'verein': 'Levski Sofia', 'age': '18', 'mw': '€50Th.', 'datum_mw': 'Dec 14, 2014', 'x': 1418511600000, 'marker': {'symbol': 'url(https://tmssl.akamaized.net/images/wappen/verysmall/156.png?lm=1517128698)'}}, {'y': 100000, 'verein': 'Levski Sofia', 'age': '19', 'mw': '€100Th.', 'datum_mw': 'Jul 27, 2015', 'x': 1437948000000, 'marker': {'symbol': 'url(https://tmssl.akamaized.net/images/wappen/verysmall/156.png?lm=1517128698)'}}, {'y': 100000, 'verein': 'Levski Sofia', 'age': '19', 'mw': '€100Th.', 'datum_mw': 'Dec 17, 2015', 'x': 1450306800000, 'marker': {'symbol': 'url(https://tmssl.akamaized.net/images/wappen/verysmall/156.png?lm=1517128698)'}}, {'y': 100000, 'verein': 'Pirin Blagoevgrad', 'age': '20', 'mw': '€100Th.', 'datum_mw': 'Aug 7, 2016', 'x': 1470520800000, 'marker': {'symbol': 'url(https://tmssl.akamaized.net/images/wappen/verysmall/521_1583682011.png?lm=1583682011)'}}, {'y': 150000, 'verein': 'Levski Sofia', 'age': '22', 'mw': '€150Th.', 'datum_mw': 'Sep 18, 2018', 'x': 1537221600000, 'marker': {'symbol': 'url(https://tmssl.akamaized.net/images/wappen/verysmall/156.png?lm=1517128698)'}}, {'y': 175000, 'verein': 'Levski Sofia', 'age': '22', 'mw': '€175Th.', 'datum_mw': 'Jan 24, 2019', 'x': 1548284400000, 'marker': {'symbol': 'url(https://tmssl.akamaized.net/images/wappen/verysmall/156.png?lm=1517128698)'}}, {'y': 200000, 'verein': 'Septemvri Sofia', 'age': '22', 'mw': '€200Th.', 'datum_mw': 'Jun 24, 2019', 'x': 1561327200000, 'marker': {'symbol': 'url(https://tmssl.akamaized.net/images/wappen/verysmall/40416.png?lm=1540728743)'}}, {'y': 200000, 'verein': 'Vitosha Bistritsa', 'age': '23', 'mw': '€200Th.', 'datum_mw': 'Feb 2, 2020', 'x': 1580598000000, 'marker': {'symbol': 'url(https://tmssl.akamaized.net/images/wappen/verysmall/36677.png?lm=1443041384)'}}, {'y': 200000, 'verein': 'Levski Sofia', 'age': '24', 'mw': '€200Th.', 'datum_mw': 'Dec 21, 2020', 'x': 1608505200000, 'marker': {'symbol': 'url(https://tmssl.akamaized.net/images/wappen/verysmall/156.png?lm=1517128698)'}}, {'y': 100000, 'verein': 'Levski Sofia', 'age': '24', 'mw': '€100Th.', 'datum_mw': 'Jun 17, 2021', 'x': 1623880800000, 'marker': {'symbol': 'url(https://tmssl.akamaized.net/images/wappen/verysmall/156.png?lm=1517128698)'}}, {'y': 150000, 'verein': 'Lokomotiv Sofia', 'age': '25', 'mw': '€150Th.', 'datum_mw': 'Oct 14, 2021', 'x': 1634162400000, 'marker': {'symbol': 'url(https://tmssl.akamaized.net/images/wappen/verysmall/730.png?lm=1629872617)'}}, {'y': 175000, 'verein': 'Lokomotiv Sofia', 'age': '25', 'mw': '€175Th.', 'datum_mw': 'Dec 8, 2021', 'x': 1638918000000, 'marker': {'symbol': 'url(https://tmssl.akamaized.net/images/wappen/verysmall/730.png?lm=1629872617)'}}, {'y': 200000, 'verein': 'Lokomotiv Sofia', 'age': '25', 'mw': '€200Th.', 'datum_mw': 'Apr 5, 2022', 'x': 1649109600000, 'marker': {'symbol': 'url(https://tmssl.akamaized.net/images/wappen/verysmall/730.png?lm=1629872617)'}}, {'y': 200000, 'verein': 'Lokomotiv Sofia', 'age': '25', 'mw': '€200Th.', 'datum_mw': 'May 31, 2022', 'x': 1653948000000, 'marker': {'symbol': 'url(https://tmssl.akamaized.net/images/wappen/verysmall/730.png?lm=1629872617)'}}]}]	Global Management Agency		-	-	-			
Dimitar Mitkov	Димитър Георгиев Митков	Jan 27, 2000	Varna	22	1,91 m	Bulgaria	attack - Centre-Forward	right	Lokomotiv Sofia	Jan 4, 2022	Jun 30, 2024	0.0	37	30	1.70	15	1	11	6	6	-	-			1.845'	[{'type': 'line', 'name': 'Market value', 'data': [{'y': 100000, 'verein': 'Ludogorets Razgrad', 'age': '20', 'mw': '€100Th.', 'datum_mw': 'Dec 21, 2020', 'x': 1608505200000, 'marker': {'symbol': 'url(https://tmssl.akamaized.net/images/wappen/verysmall/31614_1629528098.png?lm=1629528098)'}}, {'y': 100000, 'verein': 'Ludogorets Razgrad', 'age': '20', 'mw': '€100Th.', 'datum_mw': 'Jan 26, 2021', 'x': 1611615600000, 'marker': {'symbol': 'url(https://tmssl.akamaized.net/images/wappen/verysmall/31614_1629528098.png?lm=1629528098)'}}, {'y': 300000, 'verein': 'CSKA 1948', 'age': '21', 'mw': '€300Th.', 'datum_mw': 'Jun 17, 2021', 'x': 1623880800000, 'marker': {'symbol': 'url(https://tmssl.akamaized.net/images/wappen/verysmall/61955.png?lm=1593726120)'}}, {'y': 200000, 'verein': 'Ludogorets Razgrad', 'age': '21', 'mw': '€200Th.', 'datum_mw': 'Oct 14, 2021', 'x': 1634162400000, 'marker': {'symbol': 'url(https://tmssl.akamaized.net/images/wappen/verysmall/31614.png?lm=1629528048)'}}, {'y': 200000, 'verein': 'Ludogorets Razgrad', 'age': '21', 'mw': '€200Th.', 'datum_mw': 'Dec 8, 2021', 'x': 1638918000000, 'marker': {'symbol': 'url(https://tmssl.akamaized.net/images/wappen/verysmall/31614.png?lm=1629528048)'}}, {'y': 200000, 'verein': 'Lokomotiv Sofia', 'age': '22', 'mw': '€200Th.', 'datum_mw': 'May 31, 2022', 'x': 1653948000000, 'marker': {'symbol': 'url(https://tmssl.akamaized.net/images/wappen/verysmall/730.png?lm=1629872617)'}}]}]	Global Management Agency		-	3	123'			
