Name	Name in home country	Date of birth	Place of birth	Age	Height	Citizenship	Position	Foot	Player agent	Current club	Joined	Contract expires	Date of last contract extension	CL Appearances	Squad	Appearances	PPG	Goals	Assists	Sub on	Sub off	Yellow cards	Seccond Yellow Cards	Red cards	Goals conceded	Clean sheets	Minutes played	Market Values	Own goals	Penalty goals	Minutes per goal	On loan from	Contract there expires	Social-Media	Full name	Outfitter	Contract option
Artur Rudko	Рудько Артур Олексійович	May 7, 1992	Kyiv	30	1,90 m	Ukraine	Goalkeeper	right	ProStar	Pafos FC	Jul 1, 2019	May 31, 2022	Dec 21, 2020	0.0	41	39	1.54	-	-	-	-	1	-	-	36	15	3.510'	[{'type': 'line', 'name': 'Market value', 'data': [{'y': 75000, 'verein': 'Dynamo 2 Kyiv', 'age': '17', 'mw': '€75Th.', 'datum_mw': 'Oct 19, 2009', 'x': 1255903200000, 'marker': {'symbol': 'url(https://tmssl.akamaized.net/images/wappen/verysmall/6249.png?lm=1442954715)'}}, {'y': 100000, 'verein': 'Dynamo 2 Kyiv', 'age': '18', 'mw': '€100Th.', 'datum_mw': 'Jul 28, 2010', 'x': 1280268000000, 'marker': {'symbol': 'url(https://tmssl.akamaized.net/images/wappen/verysmall/6249.png?lm=1442954715)'}}, {'y': 100000, 'verein': 'Dynamo 2 Kyiv', 'age': '18', 'mw': '€100Th.', 'datum_mw': 'Jan 17, 2011', 'x': 1295218800000, 'marker': {'symbol': 'url(https://tmssl.akamaized.net/images/wappen/verysmall/6249.png?lm=1442954715)'}}, {'y': 300000, 'verein': 'Goverla Uzhgorod (- 2016)', 'age': '23', 'mw': '€300Th.', 'datum_mw': 'Oct 14, 2015', 'x': 1444773600000, 'marker': {'symbol': 'url(https://tmssl.akamaized.net/images/wappen/verysmall/6996.png?lm=1420985872)'}}, {'y': 400000, 'verein': 'Goverla Uzhgorod (- 2016)', 'age': '23', 'mw': '€400Th.', 'datum_mw': 'Dec 17, 2015', 'x': 1450306800000, 'marker': {'symbol': 'url(https://tmssl.akamaized.net/images/wappen/verysmall/6996.png?lm=1420985872)'}}, {'y': 400000, 'verein': 'Dynamo Kyiv', 'age': '24', 'mw': '€400Th.', 'datum_mw': 'Jul 21, 2016', 'x': 1469052000000, 'marker': {'symbol': 'url(https://tmssl.akamaized.net/images/wappen/verysmall/338.png?lm=1442954715)'}}, {'y': 1200000, 'verein': 'Dynamo Kyiv', 'age': '24', 'mw': '€1.20m', 'datum_mw': 'Jan 3, 2017', 'x': 1483398000000, 'marker': {'symbol': 'url(https://tmssl.akamaized.net/images/wappen/verysmall/338.png?lm=1442954715)'}}, {'y': 1200000, 'verein': 'Dynamo Kyiv', 'age': '25', 'mw': '€1.20m', 'datum_mw': 'Jun 26, 2017', 'x': 1498428000000, 'marker': {'symbol': 'url(https://tmssl.akamaized.net/images/wappen/verysmall/338.png?lm=1442954715)'}}, {'y': 1000000, 'verein': 'Dynamo Kyiv', 'age': '25', 'mw': '€1.00m', 'datum_mw': 'Jan 12, 2018', 'x': 1515711600000, 'marker': {'symbol': 'url(https://tmssl.akamaized.net/images/wappen/verysmall/338.png?lm=1442954715)'}}, {'y': 800000, 'verein': 'Dynamo Kyiv', 'age': '26', 'mw': '€800Th.', 'datum_mw': 'Aug 6, 2018', 'x': 1533506400000, 'marker': {'symbol': 'url(https://tmssl.akamaized.net/images/wappen/verysmall/338.png?lm=1442954715)'}}, {'y': 600000, 'verein': 'Dynamo Kyiv', 'age': '26', 'mw': '€600Th.', 'datum_mw': 'Dec 10, 2018', 'x': 1544396400000, 'marker': {'symbol': 'url(https://tmssl.akamaized.net/images/wappen/verysmall/338.png?lm=1442954715)'}}, {'y': 600000, 'verein': 'Dynamo Kyiv', 'age': '27', 'mw': '€600Th.', 'datum_mw': 'Jun 20, 2019', 'x': 1560981600000, 'marker': {'symbol': 'url(https://tmssl.akamaized.net/images/wappen/verysmall/338.png?lm=1442954715)'}}, {'y': 500000, 'verein': 'Pafos FC', 'age': '27', 'mw': '€500Th.', 'datum_mw': 'Jan 6, 2020', 'x': 1578265200000, 'marker': {'symbol': 'url(https://tmssl.akamaized.net/images/wappen/verysmall/45457.png?lm=1534711579)'}}, {'y': 400000, 'verein': 'Pafos FC', 'age': '27', 'mw': '€400Th.', 'datum_mw': 'Apr 8, 2020', 'x': 1586296800000, 'marker': {'symbol': 'url(https://tmssl.akamaized.net/images/wappen/verysmall/45457.png?lm=1534711579)'}}, {'y': 500000, 'verein': 'Pafos FC', 'age': '28', 'mw': '€500Th.', 'datum_mw': 'Oct 6, 2020', 'x': 1601935200000, 'marker': {'symbol': 'url(https://tmssl.akamaized.net/images/wappen/verysmall/45457.png?lm=1534711579)'}}, {'y': 600000, 'verein': 'Pafos FC', 'age': '29', 'mw': '€600Th.', 'datum_mw': 'May 14, 2021', 'x': 1620943200000, 'marker': {'symbol': 'url(https://tmssl.akamaized.net/images/wappen/verysmall/45457.png?lm=1534711579)'}}, {'y': 600000, 'verein': 'Pafos FC', 'age': '29', 'mw': '€600Th.', 'datum_mw': 'Jan 11, 2022', 'x': 1641855600000, 'marker': {'symbol': 'url(https://tmssl.akamaized.net/images/wappen/verysmall/45457.png?lm=1534711579)'}}, {'y': 800000, 'verein': 'Pafos FC', 'age': '30', 'mw': '€800Th.', 'datum_mw': 'Jun 20, 2022', 'x': 1655676000000, 'marker': {'symbol': 'url(https://tmssl.akamaized.net/images/wappen/verysmall/45457.png?lm=1534711579)'}}]}]									
Daniel Antosch		Mar 7, 2000		22	1,90 m	Austria	Goalkeeper	right	HAGMAYR Sportmanagement	Pafos FC	Jul 27, 2021	-		0.0	23	23	1.39	-	-	-	-	2	-	-	38	6	2.070'	[{'type': 'line', 'name': 'Market value', 'data': [{'y': 100000, 'verein': 'FC Liefering', 'age': '17', 'mw': '€100Th.', 'datum_mw': 'Jul 2, 2017', 'x': 1498946400000, 'marker': {'symbol': 'url(https://tmssl.akamaized.net/images/wappen/verysmall/37024.png?lm=1427361240)'}}, {'y': 100000, 'verein': 'FC Liefering', 'age': '17', 'mw': '€100Th.', 'datum_mw': 'Dec 13, 2017', 'x': 1513119600000, 'marker': {'symbol': 'url(https://tmssl.akamaized.net/images/wappen/verysmall/37024.png?lm=1427361240)'}}, {'y': 100000, 'verein': 'FC Liefering', 'age': '18', 'mw': '€100Th.', 'datum_mw': 'Jun 13, 2018', 'x': 1528840800000, 'marker': {'symbol': 'url(https://tmssl.akamaized.net/images/wappen/verysmall/37024.png?lm=1427361240)'}}, {'y': 200000, 'verein': 'FC Liefering', 'age': '18', 'mw': '€200Th.', 'datum_mw': 'Dec 1, 2018', 'x': 1543618800000, 'marker': {'symbol': 'url(https://tmssl.akamaized.net/images/wappen/verysmall/37024.png?lm=1427361240)'}}, {'y': 250000, 'verein': 'FC Liefering', 'age': '19', 'mw': '€250Th.', 'datum_mw': 'Jun 1, 2019', 'x': 1559340000000, 'marker': {'symbol': 'url(https://tmssl.akamaized.net/images/wappen/verysmall/37024.png?lm=1427361240)'}}, {'y': 300000, 'verein': 'FC Liefering', 'age': '19', 'mw': '€300Th.', 'datum_mw': 'Dec 3, 2019', 'x': 1575327600000, 'marker': {'symbol': 'url(https://tmssl.akamaized.net/images/wappen/verysmall/37024.png?lm=1427361240)'}}, {'y': 400000, 'verein': 'FC Liefering', 'age': '20', 'mw': '€400Th.', 'datum_mw': 'Jul 31, 2020', 'x': 1596146400000, 'marker': {'symbol': 'url(https://tmssl.akamaized.net/images/wappen/verysmall/37024.png?lm=1427361240)'}}, {'y': 450000, 'verein': 'FC Liefering', 'age': '20', 'mw': '€450Th.', 'datum_mw': 'Dec 19, 2020', 'x': 1608332400000, 'marker': {'symbol': 'url(https://tmssl.akamaized.net/images/wappen/verysmall/37024.png?lm=1427361240)'}}, {'y': 375000, 'verein': 'SV Horn', 'age': '21', 'mw': '€375Th.', 'datum_mw': 'Mar 23, 2021', 'x': 1616454000000, 'marker': {'symbol': 'url(https://tmssl.akamaized.net/images/wappen/verysmall/10044.png?lm=1474360021)'}}, {'y': 300000, 'verein': 'SV Horn', 'age': '21', 'mw': '€300Th.', 'datum_mw': 'May 26, 2021', 'x': 1621980000000, 'marker': {'symbol': 'url(https://tmssl.akamaized.net/images/wappen/verysmall/10044.png?lm=1474360021)'}}, {'y': 300000, 'verein': 'Pafos FC', 'age': '21', 'mw': '€300Th.', 'datum_mw': 'Jan 11, 2022', 'x': 1641855600000, 'marker': {'symbol': 'url(https://tmssl.akamaized.net/images/wappen/verysmall/45457.png?lm=1534711579)'}}, {'y': 250000, 'verein': 'Pafos FC', 'age': '22', 'mw': '€250Th.', 'datum_mw': 'Jun 20, 2022', 'x': 1655676000000, 'marker': {'symbol': 'url(https://tmssl.akamaized.net/images/wappen/verysmall/45457.png?lm=1534711579)'}}]}]									
Evgenios Petrou																																					
Josef Kvida	Josef Kvída	Jan 23, 1997	Příbram	25	1,96 m	Czech Republic	Defender - Centre-Back	left	ESAM	Pafos FC	Aug 4, 2020	-		0.0	33	28	1.50	1	1	1	3	8	1	-			2.401'	[{'type': 'line', 'name': 'Market value', 'data': [{'y': 50000, 'verein': 'PEC Zwolle U21', 'age': '18', 'mw': '€50Th.', 'datum_mw': 'Jul 1, 2015', 'x': 1435701600000, 'marker': {'symbol': 'url(https://tmssl.akamaized.net/images/wappen/verysmall/20300.png?lm=1610790473)'}}, {'y': 50000, 'verein': 'PEC Zwolle U21', 'age': '19', 'mw': '€50Th.', 'datum_mw': 'Feb 5, 2016', 'x': 1454626800000, 'marker': {'symbol': 'url(https://tmssl.akamaized.net/images/wappen/verysmall/20300.png?lm=1610790473)'}}, {'y': 100000, 'verein': 'PEC Zwolle', 'age': '19', 'mw': '€100Th.', 'datum_mw': 'Jul 15, 2016', 'x': 1468533600000, 'marker': {'symbol': 'url(https://tmssl.akamaized.net/images/wappen/verysmall/1269.png?lm=1610790473)'}}, {'y': 100000, 'verein': 'PEC Zwolle', 'age': '19', 'mw': '€100Th.', 'datum_mw': 'Jan 18, 2017', 'x': 1484694000000, 'marker': {'symbol': 'url(https://tmssl.akamaized.net/images/wappen/verysmall/1269.png?lm=1610790473)'}}, {'y': 150000, 'verein': 'PEC Zwolle', 'age': '20', 'mw': '€150Th.', 'datum_mw': 'Jun 7, 2017', 'x': 1496786400000, 'marker': {'symbol': 'url(https://tmssl.akamaized.net/images/wappen/verysmall/1269.png?lm=1610790473)'}}, {'y': 200000, 'verein': 'Almere City FC', 'age': '21', 'mw': '€200Th.', 'datum_mw': 'Mar 1, 2018', 'x': 1519858800000, 'marker': {'symbol': 'url(https://tmssl.akamaized.net/images/wappen/verysmall/723.png?lm=1588851577)'}}, {'y': 200000, 'verein': 'Almere City FC', 'age': '21', 'mw': '€200Th.', 'datum_mw': 'Jun 29, 2018', 'x': 1530223200000, 'marker': {'symbol': 'url(https://tmssl.akamaized.net/images/wappen/verysmall/723.png?lm=1588851577)'}}, {'y': 200000, 'verein': 'NEC Nijmegen', 'age': '21', 'mw': '€200Th.', 'datum_mw': 'Jan 21, 2019', 'x': 1548025200000, 'marker': {'symbol': 'url(https://tmssl.akamaized.net/images/wappen/verysmall/467.png?lm=1460302949)'}}, {'y': 300000, 'verein': 'NEC Nijmegen', 'age': '22', 'mw': '€300Th.', 'datum_mw': 'Jul 3, 2019', 'x': 1562104800000, 'marker': {'symbol': 'url(https://tmssl.akamaized.net/images/wappen/verysmall/467.png?lm=1460302949)'}}, {'y': 325000, 'verein': 'NEC Nijmegen', 'age': '23', 'mw': '€325Th.', 'datum_mw': 'Jun 29, 2020', 'x': 1593381600000, 'marker': {'symbol': 'url(https://tmssl.akamaized.net/images/wappen/verysmall/467.png?lm=1460302949)'}}, {'y': 400000, 'verein': 'Pafos FC', 'age': '23', 'mw': '€400Th.', 'datum_mw': 'Oct 6, 2020', 'x': 1601935200000, 'marker': {'symbol': 'url(https://tmssl.akamaized.net/images/wappen/verysmall/45457.png?lm=1534711579)'}}, {'y': 400000, 'verein': 'Pafos FC', 'age': '24', 'mw': '€400Th.', 'datum_mw': 'May 14, 2021', 'x': 1620943200000, 'marker': {'symbol': 'url(https://tmssl.akamaized.net/images/wappen/verysmall/45457.png?lm=1534711579)'}}, {'y': 600000, 'verein': 'Pafos FC', 'age': '24', 'mw': '€600Th.', 'datum_mw': 'Jan 11, 2022', 'x': 1641855600000, 'marker': {'symbol': 'url(https://tmssl.akamaized.net/images/wappen/verysmall/45457.png?lm=1534711579)'}}, {'y': 700000, 'verein': 'Pafos FC', 'age': '25', 'mw': '€700Th.', 'datum_mw': 'Jun 20, 2022', 'x': 1655676000000, 'marker': {'symbol': 'url(https://tmssl.akamaized.net/images/wappen/verysmall/45457.png?lm=1534711579)'}}]}]	1	-	2.401'						
Kenan Bajric	Kenan Bajrić	Dec 20, 1994	Ljubljana	27	1,89 m	Slovenia	Defender - Centre-Back	right	AR Sport Management	Pafos FC	Jul 24, 2021	May 31, 2022		0.0	37	33	2.24	3	3	4	1	8	-	-			2.707'	[{'type': 'line', 'name': 'Market value', 'data': [{'y': 50000, 'verein': 'NK Olimpija Ljubljana', 'age': '18', 'mw': '€50Th.', 'datum_mw': 'Jul 22, 2013', 'x': 1374444000000, 'marker': {'symbol': 'url(https://tmssl.akamaized.net/images/wappen/verysmall/4772.png?lm=1420820214)'}}, {'y': 50000, 'verein': 'NK Olimpija Ljubljana', 'age': '19', 'mw': '€50Th.', 'datum_mw': 'Dec 27, 2013', 'x': 1388098800000, 'marker': {'symbol': 'url(https://tmssl.akamaized.net/images/wappen/verysmall/4772.png?lm=1420820214)'}}, {'y': 150000, 'verein': 'NK Olimpija Ljubljana', 'age': '19', 'mw': '€150Th.', 'datum_mw': 'Sep 27, 2014', 'x': 1411768800000, 'marker': {'symbol': 'url(https://tmssl.akamaized.net/images/wappen/verysmall/4772.png?lm=1420820214)'}}, {'y': 200000, 'verein': 'NK Olimpija Ljubljana', 'age': '20', 'mw': '€200Th.', 'datum_mw': 'Feb 1, 2015', 'x': 1422745200000, 'marker': {'symbol': 'url(https://tmssl.akamaized.net/images/wappen/verysmall/4772.png?lm=1420820214)'}}, {'y': 350000, 'verein': 'NK Olimpija Ljubljana', 'age': '20', 'mw': '€350Th.', 'datum_mw': 'Aug 11, 2015', 'x': 1439244000000, 'marker': {'symbol': 'url(https://tmssl.akamaized.net/images/wappen/verysmall/4772.png?lm=1420820214)'}}, {'y': 400000, 'verein': 'NK Olimpija Ljubljana', 'age': '21', 'mw': '€400Th.', 'datum_mw': 'Jan 30, 2016', 'x': 1454108400000, 'marker': {'symbol': 'url(https://tmssl.akamaized.net/images/wappen/verysmall/4772.png?lm=1420820214)'}}, {'y': 500000, 'verein': 'NK Olimpija Ljubljana', 'age': '22', 'mw': '€500Th.', 'datum_mw': 'Jan 7, 2017', 'x': 1483743600000, 'marker': {'symbol': 'url(https://tmssl.akamaized.net/images/wappen/verysmall/4772.png?lm=1420820214)'}}, {'y': 600000, 'verein': 'NK Olimpija Ljubljana', 'age': '22', 'mw': '€600Th.', 'datum_mw': 'Jul 16, 2017', 'x': 1500156000000, 'marker': {'symbol': 'url(https://tmssl.akamaized.net/images/wappen/verysmall/4772.png?lm=1420820214)'}}, {'y': 600000, 'verein': 'Slovan Bratislava', 'age': '23', 'mw': '€600Th.', 'datum_mw': 'Jul 13, 2018', 'x': 1531432800000, 'marker': {'symbol': 'url(https://tmssl.akamaized.net/images/wappen/verysmall/540.png?lm=1415023119)'}}, {'y': 650000, 'verein': 'Slovan Bratislava', 'age': '24', 'mw': '€650Th.', 'datum_mw': 'Dec 30, 2018', 'x': 1546124400000, 'marker': {'symbol': 'url(https://tmssl.akamaized.net/images/wappen/verysmall/540.png?lm=1415023119)'}}, {'y': 700000, 'verein': 'Slovan Bratislava', 'age': '24', 'mw': '€700Th.', 'datum_mw': 'Jun 25, 2019', 'x': 1561413600000, 'marker': {'symbol': 'url(https://tmssl.akamaized.net/images/wappen/verysmall/540.png?lm=1415023119)'}}, {'y': 700000, 'verein': 'Slovan Bratislava', 'age': '24', 'mw': '€700Th.', 'datum_mw': 'Dec 15, 2019', 'x': 1576364400000, 'marker': {'symbol': 'url(https://tmssl.akamaized.net/images/wappen/verysmall/540.png?lm=1415023119)'}}, {'y': 550000, 'verein': 'Slovan Bratislava', 'age': '25', 'mw': '€550Th.', 'datum_mw': 'Apr 8, 2020', 'x': 1586296800000, 'marker': {'symbol': 'url(https://tmssl.akamaized.net/images/wappen/verysmall/540.png?lm=1415023119)'}}, {'y': 600000, 'verein': 'Slovan Bratislava', 'age': '25', 'mw': '€600Th.', 'datum_mw': 'Jul 10, 2020', 'x': 1594332000000, 'marker': {'symbol': 'url(https://tmssl.akamaized.net/images/wappen/verysmall/540.png?lm=1415023119)'}}, {'y': 650000, 'verein': 'Slovan Bratislava', 'age': '26', 'mw': '€650Th.', 'datum_mw': 'Dec 28, 2020', 'x': 1609110000000, 'marker': {'symbol': 'url(https://tmssl.akamaized.net/images/wappen/verysmall/540.png?lm=1415023119)'}}, {'y': 700000, 'verein': 'Slovan Bratislava', 'age': '26', 'mw': '€700Th.', 'datum_mw': 'Jun 26, 2021', 'x': 1624658400000, 'marker': {'symbol': 'url(https://tmssl.akamaized.net/images/wappen/verysmall/540.png?lm=1415023119)'}}, {'y': 700000, 'verein': 'Pafos FC', 'age': '27', 'mw': '€700Th.', 'datum_mw': 'Jan 11, 2022', 'x': 1641855600000, 'marker': {'symbol': 'url(https://tmssl.akamaized.net/images/wappen/verysmall/45457.png?lm=1534711579)'}}, {'y': 700000, 'verein': 'Pafos FC', 'age': '27', 'mw': '€700Th.', 'datum_mw': 'Jun 20, 2022', 'x': 1655676000000, 'marker': {'symbol': 'url(https://tmssl.akamaized.net/images/wappen/verysmall/45457.png?lm=1534711579)'}}]}]	1	-	902'	Slovan Bratislava	-				
Jeisson Palacios	Jeisson Andrés Palacios Murillo	Mar 20, 1994	Carepa	28	1,86 m	Colombia	Defender - Centre-Back	right	Riosfutbol	Pafos FC	Jul 1, 2021	May 31, 2024		0.0	18	18	1.56	1	1	-	-	5	-	-			1.620'	[{'type': 'line', 'name': 'Market value', 'data': [{'y': 100000, 'verein': 'Alianza Petrolera', 'age': '21', 'mw': '€100Th.', 'datum_mw': 'Mar 15, 2016', 'x': 1457996400000, 'marker': {'symbol': 'url(https://tmssl.akamaized.net/images/wappen/verysmall/22902.png?lm=1412755568)'}}, {'y': 200000, 'verein': 'Alianza Petrolera', 'age': '22', 'mw': '€200Th.', 'datum_mw': 'Sep 1, 2016', 'x': 1472680800000, 'marker': {'symbol': 'url(https://tmssl.akamaized.net/images/wappen/verysmall/22902.png?lm=1412755568)'}}, {'y': 300000, 'verein': 'Alianza Petrolera', 'age': '22', 'mw': '€300Th.', 'datum_mw': 'Nov 10, 2016', 'x': 1478732400000, 'marker': {'symbol': 'url(https://tmssl.akamaized.net/images/wappen/verysmall/22902.png?lm=1412755568)'}}, {'y': 400000, 'verein': 'Atlético Nacional B', 'age': '23', 'mw': '€400Th.', 'datum_mw': 'Mar 7, 2018', 'x': 1520377200000, 'marker': {'symbol': 'url(https://tmssl.akamaized.net/images/wappen/verysmall/14827.png?lm=1640856060)'}}, {'y': 400000, 'verein': 'Atlético Nacional B', 'age': '24', 'mw': '€400Th.', 'datum_mw': 'Jun 8, 2018', 'x': 1528408800000, 'marker': {'symbol': 'url(https://tmssl.akamaized.net/images/wappen/verysmall/14827.png?lm=1640856060)'}}, {'y': 400000, 'verein': 'Atlético Bucaramanga', 'age': '24', 'mw': '€400Th.', 'datum_mw': 'Dec 23, 2018', 'x': 1545519600000, 'marker': {'symbol': 'url(https://tmssl.akamaized.net/images/wappen/verysmall/6495.png?lm=1444080134)'}}, {'y': 500000, 'verein': 'Alianza Petrolera', 'age': '25', 'mw': '€500Th.', 'datum_mw': 'Jun 21, 2019', 'x': 1561068000000, 'marker': {'symbol': 'url(https://tmssl.akamaized.net/images/wappen/verysmall/22902.png?lm=1412755568)'}}, {'y': 1000000, 'verein': 'Independiente Santa Fe', 'age': '25', 'mw': '€1.00m', 'datum_mw': 'Feb 28, 2020', 'x': 1582844400000, 'marker': {'symbol': 'url(https://tmssl.akamaized.net/images/wappen/verysmall/11648.png?lm=1613416084)'}}, {'y': 800000, 'verein': 'Independiente Santa Fe', 'age': '26', 'mw': '€800Th.', 'datum_mw': 'Apr 8, 2020', 'x': 1586296800000, 'marker': {'symbol': 'url(https://tmssl.akamaized.net/images/wappen/verysmall/11648.png?lm=1613416084)'}}, {'y': 900000, 'verein': 'Independiente Santa Fe', 'age': '26', 'mw': '€900Th.', 'datum_mw': 'Jan 16, 2021', 'x': 1610751600000, 'marker': {'symbol': 'url(https://tmssl.akamaized.net/images/wappen/verysmall/11648.png?lm=1613416084)'}}, {'y': 800000, 'verein': 'Independiente Santa Fe', 'age': '27', 'mw': '€800Th.', 'datum_mw': 'Jun 7, 2021', 'x': 1623016800000, 'marker': {'symbol': 'url(https://tmssl.akamaized.net/images/wappen/verysmall/11648.png?lm=1613416084)'}}, {'y': 500000, 'verein': 'Pafos FC', 'age': '27', 'mw': '€500Th.', 'datum_mw': 'Jan 11, 2022', 'x': 1641855600000, 'marker': {'symbol': 'url(https://tmssl.akamaized.net/images/wappen/verysmall/45457.png?lm=1534711579)'}}, {'y': 400000, 'verein': 'Pafos FC', 'age': '28', 'mw': '€400Th.', 'datum_mw': 'Jun 20, 2022', 'x': 1655676000000, 'marker': {'symbol': 'url(https://tmssl.akamaized.net/images/wappen/verysmall/45457.png?lm=1534711579)'}}]}]	-	-	1.620'						
Alexandros Michail	Αλέξανδρος Μιχαήλ	Jan 28, 2000	Limassol	22	1,93 m	Cyprus	Defender - Centre-Back	left	Mylogram Ltd	Pafos FC	Aug 17, 2021	-		0.0	1	1			-	-	-	-	-	-			-	[{'type': 'line', 'name': 'Market value', 'data': [{'y': 50000, 'verein': 'Kouris Erimis', 'age': '21', 'mw': '€50Th.', 'datum_mw': 'May 14, 2021', 'x': 1620943200000, 'marker': {'symbol': 'url(https://tmssl.akamaized.net/images/wappen/verysmall/79148.png?lm=1583682101)'}}, {'y': 200000, 'verein': 'Pafos FC', 'age': '21', 'mw': '€200Th.', 'datum_mw': 'Sep 29, 2021', 'x': 1632866400000, 'marker': {'symbol': 'url(https://tmssl.akamaized.net/images/wappen/verysmall/45457.png?lm=1534711579)'}}, {'y': 300000, 'verein': 'Pafos FC', 'age': '21', 'mw': '€300Th.', 'datum_mw': 'Jan 11, 2022', 'x': 1641855600000, 'marker': {'symbol': 'url(https://tmssl.akamaized.net/images/wappen/verysmall/45457.png?lm=1534711579)'}}, {'y': 350000, 'verein': 'Pafos FC', 'age': '22', 'mw': '€350Th.', 'datum_mw': 'Jun 20, 2022', 'x': 1655676000000, 'marker': {'symbol': 'url(https://tmssl.akamaized.net/images/wappen/verysmall/45457.png?lm=1534711579)'}}]}]	-	-	-						
Talys		Feb 10, 1999	Itabuna	23	1,81 m	Brazil	Defender - Left-Back	left	Think Ball & Sports Consulting	Pafos FC	Jan 7, 2022	May 31, 2022		0.0	18	11	1.82	-	-	3	2	2	-	-			736'	[{'type': 'line', 'name': 'Market value', 'data': [{'y': 150000, 'verein': 'NK Osijek', 'age': '20', 'mw': '€150Th.', 'datum_mw': 'Sep 16, 2019', 'x': 1568584800000, 'marker': {'symbol': 'url(https://tmssl.akamaized.net/images/wappen/verysmall/327.png?lm=1488628710)'}}, {'y': 750000, 'verein': 'NK Osijek', 'age': '20', 'mw': '€750Th.', 'datum_mw': 'Dec 27, 2019', 'x': 1577401200000, 'marker': {'symbol': 'url(https://tmssl.akamaized.net/images/wappen/verysmall/327.png?lm=1488628710)'}}, {'y': 675000, 'verein': 'NK Osijek', 'age': '21', 'mw': '€675Th.', 'datum_mw': 'Apr 8, 2020', 'x': 1586296800000, 'marker': {'symbol': 'url(https://tmssl.akamaized.net/images/wappen/verysmall/327.png?lm=1488628710)'}}, {'y': 850000, 'verein': 'NK Osijek', 'age': '21', 'mw': '€850Th.', 'datum_mw': 'Jul 27, 2020', 'x': 1595800800000, 'marker': {'symbol': 'url(https://tmssl.akamaized.net/images/wappen/verysmall/327.png?lm=1488628710)'}}, {'y': 850000, 'verein': 'NK Osijek', 'age': '21', 'mw': '€850Th.', 'datum_mw': 'Dec 28, 2020', 'x': 1609110000000, 'marker': {'symbol': 'url(https://tmssl.akamaized.net/images/wappen/verysmall/327.png?lm=1488628710)'}}, {'y': 400000, 'verein': 'NK Osijek', 'age': '22', 'mw': '€400Th.', 'datum_mw': 'Jun 10, 2021', 'x': 1623276000000, 'marker': {'symbol': 'url(https://tmssl.akamaized.net/images/wappen/verysmall/327.png?lm=1488628710)'}}, {'y': 300000, 'verein': 'Budapest Honvéd FC', 'age': '22', 'mw': '€300Th.', 'datum_mw': 'Oct 11, 2021', 'x': 1633903200000, 'marker': {'symbol': 'url(https://tmssl.akamaized.net/images/wappen/verysmall/709.png?lm=1598281899)'}}, {'y': 200000, 'verein': 'Pafos FC', 'age': '22', 'mw': '€200Th.', 'datum_mw': 'Jan 7, 2022', 'x': 1641510000000, 'marker': {'symbol': 'url(https://tmssl.akamaized.net/images/wappen/verysmall/45457.png?lm=1534711579)'}}, {'y': 400000, 'verein': 'Pafos FC', 'age': '23', 'mw': '€400Th.', 'datum_mw': 'Jun 20, 2022', 'x': 1655676000000, 'marker': {'symbol': 'url(https://tmssl.akamaized.net/images/wappen/verysmall/45457.png?lm=1534711579)'}}]}]	-	-	-	NK Osijek	Jun 30, 2024		Talys Alves Pereira Oliveira		
Ivan Tomecak	Ivan Tomečak	Dec 7, 1989	Zagreb	32	1,75 m	Croatia	Defender - Right-Back	right	Promotionplay	Pafos FC	Jan 27, 2022	May 31, 2022		0.0	45	43	1.58	1	2	2	8	4	-	-			3.619'	[{'type': 'line', 'name': 'Market value', 'data': [{'y': 250000, 'verein': 'NK Lokomotiva Zagreb', 'age': '18', 'mw': '€250Th.', 'datum_mw': 'Nov 27, 2008', 'x': 1227740400000, 'marker': {'symbol': 'url(https://tmssl.akamaized.net/images/wappen/verysmall/11194.png?lm=1505567651)'}}, {'y': 300000, 'verein': 'GNK Dinamo Zagreb', 'age': '19', 'mw': '€300Th.', 'datum_mw': 'Feb 8, 2009', 'x': 1234047600000, 'marker': {'symbol': 'url(https://tmssl.akamaized.net/images/wappen/verysmall/419.png?lm=1571921138)'}}, {'y': 700000, 'verein': 'GNK Dinamo Zagreb', 'age': '19', 'mw': '€700Th.', 'datum_mw': 'Apr 24, 2009', 'x': 1240524000000, 'marker': {'symbol': 'url(https://tmssl.akamaized.net/images/wappen/verysmall/419.png?lm=1571921138)'}}, {'y': 1000000, 'verein': 'GNK Dinamo Zagreb', 'age': '19', 'mw': '€1.00m', 'datum_mw': 'Oct 5, 2009', 'x': 1254693600000, 'marker': {'symbol': 'url(https://tmssl.akamaized.net/images/wappen/verysmall/419.png?lm=1571921138)'}}, {'y': 1500000, 'verein': 'GNK Dinamo Zagreb', 'age': '20', 'mw': '€1.50m', 'datum_mw': 'Jan 28, 2010', 'x': 1264633200000, 'marker': {'symbol': 'url(https://tmssl.akamaized.net/images/wappen/verysmall/419.png?lm=1571921138)'}}, {'y': 1500000, 'verein': 'GNK Dinamo Zagreb', 'age': '20', 'mw': '€1.50m', 'datum_mw': 'Sep 13, 2010', 'x': 1284328800000, 'marker': {'symbol': 'url(https://tmssl.akamaized.net/images/wappen/verysmall/419.png?lm=1571921138)'}}, {'y': 1500000, 'verein': 'GNK Dinamo Zagreb', 'age': '21', 'mw': '€1.50m', 'datum_mw': 'Feb 13, 2011', 'x': 1297551600000, 'marker': {'symbol': 'url(https://tmssl.akamaized.net/images/wappen/verysmall/419.png?lm=1571921138)'}}, {'y': 1500000, 'verein': 'GNK Dinamo Zagreb', 'age': '21', 'mw': '€1.50m', 'datum_mw': 'Aug 29, 2011', 'x': 1314568800000, 'marker': {'symbol': 'url(https://tmssl.akamaized.net/images/wappen/verysmall/419.png?lm=1571921138)'}}, {'y': 1500000, 'verein': 'GNK Dinamo Zagreb', 'age': '22', 'mw': '€1.50m', 'datum_mw': 'Feb 29, 2012', 'x': 1330470000000, 'marker': {'symbol': 'url(https://tmssl.akamaized.net/images/wappen/verysmall/419.png?lm=1571921138)'}}, {'y': 1000000, 'verein': 'GNK Dinamo Zagreb', 'age': '22', 'mw': '€1.00m', 'datum_mw': 'Sep 30, 2012', 'x': 1348956000000, 'marker': {'symbol': 'url(https://tmssl.akamaized.net/images/wappen/verysmall/419.png?lm=1571921138)'}}, {'y': 500000, 'verein': 'GNK Dinamo Zagreb', 'age': '23', 'mw': '€500Th.', 'datum_mw': 'Mar 3, 2013', 'x': 1362265200000, 'marker': {'symbol': 'url(https://tmssl.akamaized.net/images/wappen/verysmall/419.png?lm=1571921138)'}}, {'y': 1000000, 'verein': 'HNK Rijeka', 'age': '23', 'mw': '€1.00m', 'datum_mw': 'Oct 8, 2013', 'x': 1381183200000, 'marker': {'symbol': 'url(https://tmssl.akamaized.net/images/wappen/verysmall/144_1582550759.png?lm=1582550760)'}}, {'y': 1350000, 'verein': 'HNK Rijeka', 'age': '24', 'mw': '€1.35m', 'datum_mw': 'Mar 11, 2014', 'x': 1394492400000, 'marker': {'symbol': 'url(https://tmssl.akamaized.net/images/wappen/verysmall/144_1582550759.png?lm=1582550760)'}}, {'y': 2000000, 'verein': 'HNK Rijeka', 'age': '24', 'mw': '€2.00m', 'datum_mw': 'Oct 1, 2014', 'x': 1412114400000, 'marker': {'symbol': 'url(https://tmssl.akamaized.net/images/wappen/verysmall/144_1582550759.png?lm=1582550760)'}}, {'y': 2500000, 'verein': 'HNK Rijeka', 'age': '25', 'mw': '€2.50m', 'datum_mw': 'Mar 17, 2015', 'x': 1426546800000, 'marker': {'symbol': 'url(https://tmssl.akamaized.net/images/wappen/verysmall/144_1582550759.png?lm=1582550760)'}}, {'y': 2000000, 'verein': 'Dnipro Dnipropetrovsk (-2020)', 'age': '26', 'mw': '€2.00m', 'datum_mw': 'Dec 18, 2015', 'x': 1450393200000, 'marker': {'symbol': 'url(https://tmssl.akamaized.net/images/wappen/verysmall/339.png?lm=1411058621)'}}, {'y': 1700000, 'verein': 'Al-Nassr Riad', 'age': '26', 'mw': '€1.70m', 'datum_mw': 'Nov 25, 2016', 'x': 1480028400000, 'marker': {'symbol': 'url(https://tmssl.akamaized.net/images/wappen/verysmall/18544_1606337071.png?lm=1606337071)'}}, {'y': 1800000, 'verein': 'Al-Nassr Riad', 'age': '27', 'mw': '€1.80m', 'datum_mw': 'Jun 30, 2017', 'x': 1498773600000, 'marker': {'symbol': 'url(https://tmssl.akamaized.net/images/wappen/verysmall/18544_1606337071.png?lm=1606337071)'}}, {'y': 1200000, 'verein': 'KV Mechelen', 'age': '27', 'mw': '€1.20m', 'datum_mw': 'Oct 20, 2017', 'x': 1508450400000, 'marker': {'symbol': 'url(https://tmssl.akamaized.net/images/wappen/verysmall/354.png?lm=1448474451)'}}, {'y': 1200000, 'verein': 'Club Brugge KV', 'age': '28', 'mw': '€1.20m', 'datum_mw': 'Jan 9, 2018', 'x': 1515452400000, 'marker': {'symbol': 'url(https://tmssl.akamaized.net/images/wappen/verysmall/2282.png?lm=1448474251)'}}, {'y': 1000000, 'verein': 'Club Brugge KV', 'age': '28', 'mw': '€1.00m', 'datum_mw': 'Jun 3, 2018', 'x': 1527976800000, 'marker': {'symbol': 'url(https://tmssl.akamaized.net/images/wappen/verysmall/2282.png?lm=1448474251)'}}, {'y': 700000, 'verein': 'Club Brugge KV', 'age': '29', 'mw': '€700Th.', 'datum_mw': 'Dec 27, 2018', 'x': 1545865200000, 'marker': {'symbol': 'url(https://tmssl.akamaized.net/images/wappen/verysmall/2282.png?lm=1448474251)'}}, {'y': 700000, 'verein': 'HNK Rijeka', 'age': '29', 'mw': '€700Th.', 'datum_mw': 'Mar 11, 2019', 'x': 1552258800000, 'marker': {'symbol': 'url(https://tmssl.akamaized.net/images/wappen/verysmall/144_1582550759.png?lm=1582550760)'}}, {'y': 700000, 'verein': 'HNK Rijeka', 'age': '29', 'mw': '€700Th.', 'datum_mw': 'Sep 16, 2019', 'x': 1568584800000, 'marker': {'symbol': 'url(https://tmssl.akamaized.net/images/wappen/verysmall/144.png?lm=1582550780)'}}, {'y': 700000, 'verein': 'HNK Rijeka', 'age': '30', 'mw': '€700Th.', 'datum_mw': 'Dec 27, 2019', 'x': 1577401200000, 'marker': {'symbol': 'url(https://tmssl.akamaized.net/images/wappen/verysmall/144.png?lm=1582550780)'}}, {'y': 550000, 'verein': 'HNK Rijeka', 'age': '30', 'mw': '€550Th.', 'datum_mw': 'Apr 8, 2020', 'x': 1586296800000, 'marker': {'symbol': 'url(https://tmssl.akamaized.net/images/wappen/verysmall/144.png?lm=1582550780)'}}, {'y': 450000, 'verein': 'HNK Rijeka', 'age': '30', 'mw': '€450Th.', 'datum_mw': 'Jul 27, 2020', 'x': 1595800800000, 'marker': {'symbol': 'url(https://tmssl.akamaized.net/images/wappen/verysmall/144.png?lm=1582550780)'}}, {'y': 450000, 'verein': 'HNK Rijeka', 'age': '31', 'mw': '€450Th.', 'datum_mw': 'Dec 28, 2020', 'x': 1609110000000, 'marker': {'symbol': 'url(https://tmssl.akamaized.net/images/wappen/verysmall/144.png?lm=1582550780)'}}, {'y': 450000, 'verein': 'HNK Rijeka', 'age': '31', 'mw': '€450Th.', 'datum_mw': 'Jun 10, 2021', 'x': 1623276000000, 'marker': {'symbol': 'url(https://tmssl.akamaized.net/images/wappen/verysmall/144.png?lm=1582550780)'}}, {'y': 450000, 'verein': 'HNK Rijeka', 'age': '32', 'mw': '€450Th.', 'datum_mw': 'Dec 30, 2021', 'x': 1640818800000, 'marker': {'symbol': 'url(https://tmssl.akamaized.net/images/wappen/verysmall/144.png?lm=1582550780)'}}, {'y': 500000, 'verein': 'Pafos FC', 'age': '32', 'mw': '€500Th.', 'datum_mw': 'Jun 20, 2022', 'x': 1655676000000, 'marker': {'symbol': 'url(https://tmssl.akamaized.net/images/wappen/verysmall/45457.png?lm=1534711579)'}}]}]	-	-	3.619'	HNK Rijeka	Jun 15, 2022				
João Aurélio	João Miguel Coimbra Aurélio	Aug 17, 1988	Beja	33	1,82 m	Portugal	Defender - Right-Back	right	Leaguepro LDA	Pafos FC	Aug 25, 2020	-		0.0	38	38	1.71	1	2	1	6	7	-	-			3.238'	[{'type': 'line', 'name': 'Market value', 'data': [{'y': 300000, 'verein': 'CD Nacional', 'age': '20', 'mw': '€300Th.', 'datum_mw': 'Oct 23, 2008', 'x': 1224712800000, 'marker': {'symbol': 'url(https://tmssl.akamaized.net/images/wappen/verysmall/982.png?lm=1549988602)'}}, {'y': 600000, 'verein': 'CD Nacional', 'age': '20', 'mw': '€600Th.', 'datum_mw': 'Jul 2, 2009', 'x': 1246485600000, 'marker': {'symbol': 'url(https://tmssl.akamaized.net/images/wappen/verysmall/982.png?lm=1549988602)'}}, {'y': 800000, 'verein': 'CD Nacional', 'age': '21', 'mw': '€800Th.', 'datum_mw': 'Jul 1, 2010', 'x': 1277935200000, 'marker': {'symbol': 'url(https://tmssl.akamaized.net/images/wappen/verysmall/982.png?lm=1549988602)'}}, {'y': 800000, 'verein': 'CD Nacional', 'age': '22', 'mw': '€800Th.', 'datum_mw': 'Jun 29, 2011', 'x': 1309298400000, 'marker': {'symbol': 'url(https://tmssl.akamaized.net/images/wappen/verysmall/982.png?lm=1549988602)'}}, {'y': 1000000, 'verein': 'CD Nacional', 'age': '23', 'mw': '€1.00m', 'datum_mw': 'Jul 5, 2012', 'x': 1341439200000, 'marker': {'symbol': 'url(https://tmssl.akamaized.net/images/wappen/verysmall/982.png?lm=1549988602)'}}, {'y': 1500000, 'verein': 'CD Nacional', 'age': '24', 'mw': '€1.50m', 'datum_mw': 'Apr 3, 2013', 'x': 1364940000000, 'marker': {'symbol': 'url(https://tmssl.akamaized.net/images/wappen/verysmall/982.png?lm=1549988602)'}}, {'y': 1500000, 'verein': 'CD Nacional', 'age': '24', 'mw': '€1.50m', 'datum_mw': 'Jul 2, 2013', 'x': 1372716000000, 'marker': {'symbol': 'url(https://tmssl.akamaized.net/images/wappen/verysmall/982.png?lm=1549988602)'}}, {'y': 2000000, 'verein': 'CD Nacional', 'age': '25', 'mw': '€2.00m', 'datum_mw': 'Jul 25, 2014', 'x': 1406239200000, 'marker': {'symbol': 'url(https://tmssl.akamaized.net/images/wappen/verysmall/982.png?lm=1549988602)'}}, {'y': 2400000, 'verein': 'CD Nacional', 'age': '26', 'mw': '€2.40m', 'datum_mw': 'Feb 17, 2015', 'x': 1424127600000, 'marker': {'symbol': 'url(https://tmssl.akamaized.net/images/wappen/verysmall/982.png?lm=1549988602)'}}, {'y': 2600000, 'verein': 'CD Nacional', 'age': '26', 'mw': '€2.60m', 'datum_mw': 'Jul 1, 2015', 'x': 1435701600000, 'marker': {'symbol': 'url(https://tmssl.akamaized.net/images/wappen/verysmall/982.png?lm=1549988602)'}}, {'y': 2500000, 'verein': 'CD Nacional', 'age': '27', 'mw': '€2.50m', 'datum_mw': 'Feb 24, 2016', 'x': 1456268400000, 'marker': {'symbol': 'url(https://tmssl.akamaized.net/images/wappen/verysmall/982.png?lm=1549988602)'}}, {'y': 2500000, 'verein': 'Vitória Guimarães SC', 'age': '27', 'mw': '€2.50m', 'datum_mw': 'Jul 29, 2016', 'x': 1469743200000, 'marker': {'symbol': 'url(https://tmssl.akamaized.net/images/wappen/verysmall/2420.png?lm=1432894021)'}}, {'y': 2000000, 'verein': 'Vitória Guimarães SC', 'age': '28', 'mw': '€2.00m', 'datum_mw': 'Feb 22, 2017', 'x': 1487718000000, 'marker': {'symbol': 'url(https://tmssl.akamaized.net/images/wappen/verysmall/2420.png?lm=1432894021)'}}, {'y': 1750000, 'verein': 'Vitória Guimarães SC', 'age': '28', 'mw': '€1.75m', 'datum_mw': 'Jun 26, 2017', 'x': 1498428000000, 'marker': {'symbol': 'url(https://tmssl.akamaized.net/images/wappen/verysmall/2420.png?lm=1432894021)'}}, {'y': 1250000, 'verein': 'Vitória Guimarães SC', 'age': '29', 'mw': '€1.25m', 'datum_mw': 'Feb 7, 2018', 'x': 1517958000000, 'marker': {'symbol': 'url(https://tmssl.akamaized.net/images/wappen/verysmall/2420.png?lm=1432894021)'}}, {'y': 1250000, 'verein': 'Vitória Guimarães SC', 'age': '29', 'mw': '€1.25m', 'datum_mw': 'Jun 13, 2018', 'x': 1528840800000, 'marker': {'symbol': 'url(https://tmssl.akamaized.net/images/wappen/verysmall/2420.png?lm=1432894021)'}}, {'y': 800000, 'verein': 'Moreirense FC', 'age': '30', 'mw': '€800Th.', 'datum_mw': 'Jan 11, 2019', 'x': 1547161200000, 'marker': {'symbol': 'url(https://tmssl.akamaized.net/images/wappen/verysmall/979.png?lm=1552324606)'}}, {'y': 800000, 'verein': 'Moreirense FC', 'age': '30', 'mw': '€800Th.', 'datum_mw': 'Jun 7, 2019', 'x': 1559858400000, 'marker': {'symbol': 'url(https://tmssl.akamaized.net/images/wappen/verysmall/979.png?lm=1552324606)'}}, {'y': 700000, 'verein': 'Moreirense FC', 'age': '31', 'mw': '€700Th.', 'datum_mw': 'Dec 30, 2019', 'x': 1577660400000, 'marker': {'symbol': 'url(https://tmssl.akamaized.net/images/wappen/verysmall/979.png?lm=1552324606)'}}, {'y': 550000, 'verein': 'Moreirense FC', 'age': '31', 'mw': '€550Th.', 'datum_mw': 'Apr 8, 2020', 'x': 1586296800000, 'marker': {'symbol': 'url(https://tmssl.akamaized.net/images/wappen/verysmall/979.png?lm=1552324606)'}}, {'y': 600000, 'verein': 'Moreirense FC', 'age': '32', 'mw': '€600Th.', 'datum_mw': 'Aug 17, 2020', 'x': 1597615200000, 'marker': {'symbol': 'url(https://tmssl.akamaized.net/images/wappen/verysmall/979.png?lm=1552324606)'}}, {'y': 600000, 'verein': 'Pafos FC', 'age': '32', 'mw': '€600Th.', 'datum_mw': 'Oct 6, 2020', 'x': 1601935200000, 'marker': {'symbol': 'url(https://tmssl.akamaized.net/images/wappen/verysmall/45457.png?lm=1534711579)'}}, {'y': 500000, 'verein': 'Pafos FC', 'age': '32', 'mw': '€500Th.', 'datum_mw': 'May 14, 2021', 'x': 1620943200000, 'marker': {'symbol': 'url(https://tmssl.akamaized.net/images/wappen/verysmall/45457.png?lm=1534711579)'}}, {'y': 500000, 'verein': 'Pafos FC', 'age': '33', 'mw': '€500Th.', 'datum_mw': 'Jan 11, 2022', 'x': 1641855600000, 'marker': {'symbol': 'url(https://tmssl.akamaized.net/images/wappen/verysmall/45457.png?lm=1534711579)'}}, {'y': 400000, 'verein': 'Pafos FC', 'age': '33', 'mw': '€400Th.', 'datum_mw': 'Jun 20, 2022', 'x': 1655676000000, 'marker': {'symbol': 'url(https://tmssl.akamaized.net/images/wappen/verysmall/45457.png?lm=1534711579)'}}]}]	-	-	3.238'						
Martin Pajic																																					
Vlad Dragomir	Vlad Mihai Dragomir	Apr 24, 1999	Timişoara	23	1,78 m	Romania	midfield - Central Midfield	left	Catalin Sarmasan	Pafos FC	Aug 30, 2021	May 31, 2023		0.0	37	34	1.12	3	1	12	11	4	-	-			1.966'	[{'type': 'line', 'name': 'Market value', 'data': [{'y': 50000, 'verein': 'ACS Poli Timisoara (2012 - 2021)', 'age': '15', 'mw': '€50Th.', 'datum_mw': 'Dec 12, 2014', 'x': 1418338800000, 'marker': {'symbol': 'url(https://tmssl.akamaized.net/images/wappen/verysmall/36590_1443373552.png?lm=1443373552)'}}, {'y': 50000, 'verein': 'ACS Poli Timisoara (2012 - 2021)', 'age': '16', 'mw': '€50Th.', 'datum_mw': 'Jun 1, 2015', 'x': 1433109600000, 'marker': {'symbol': 'url(https://tmssl.akamaized.net/images/wappen/verysmall/36590_1443373552.png?lm=1443373552)'}}, {'y': 400000, 'verein': 'Arsenal FC U23', 'age': '19', 'mw': '€400Th.', 'datum_mw': 'Jul 1, 2018', 'x': 1530396000000, 'marker': {'symbol': 'url(https://tmssl.akamaized.net/images/wappen/verysmall/9249.png?lm=1489787850)'}}, {'y': 900000, 'verein': 'AC Perugia Calcio', 'age': '19', 'mw': '€900Th.', 'datum_mw': 'Jan 17, 2019', 'x': 1547679600000, 'marker': {'symbol': 'url(https://tmssl.akamaized.net/images/wappen/verysmall/839.png?lm=1438548482)'}}, {'y': 1500000, 'verein': 'AC Perugia Calcio', 'age': '20', 'mw': '€1.50m', 'datum_mw': 'Jun 5, 2019', 'x': 1559685600000, 'marker': {'symbol': 'url(https://tmssl.akamaized.net/images/wappen/verysmall/839.png?lm=1438548482)'}}, {'y': 1500000, 'verein': 'AC Perugia Calcio', 'age': '20', 'mw': '€1.50m', 'datum_mw': 'Dec 30, 2019', 'x': 1577660400000, 'marker': {'symbol': 'url(https://tmssl.akamaized.net/images/wappen/verysmall/839.png?lm=1438548482)'}}, {'y': 1300000, 'verein': 'AC Perugia Calcio', 'age': '20', 'mw': '€1.30m', 'datum_mw': 'Apr 8, 2020', 'x': 1586296800000, 'marker': {'symbol': 'url(https://tmssl.akamaized.net/images/wappen/verysmall/839.png?lm=1438548482)'}}, {'y': 1300000, 'verein': 'AC Perugia Calcio', 'age': '21', 'mw': '€1.30m', 'datum_mw': 'Aug 21, 2020', 'x': 1597960800000, 'marker': {'symbol': 'url(https://tmssl.akamaized.net/images/wappen/verysmall/839.png?lm=1438548482)'}}, {'y': 900000, 'verein': 'AC Perugia Calcio', 'age': '21', 'mw': '€900Th.', 'datum_mw': 'Jan 12, 2021', 'x': 1610406000000, 'marker': {'symbol': 'url(https://tmssl.akamaized.net/images/wappen/verysmall/839.png?lm=1438548482)'}}, {'y': 800000, 'verein': 'Virtus Entella', 'age': '22', 'mw': '€800Th.', 'datum_mw': 'Jun 24, 2021', 'x': 1624485600000, 'marker': {'symbol': 'url(https://tmssl.akamaized.net/images/wappen/verysmall/20519.png?lm=1424769530)'}}, {'y': 800000, 'verein': 'Pafos FC', 'age': '22', 'mw': '€800Th.', 'datum_mw': 'Jan 11, 2022', 'x': 1641855600000, 'marker': {'symbol': 'url(https://tmssl.akamaized.net/images/wappen/verysmall/45457.png?lm=1534711579)'}}, {'y': 700000, 'verein': 'Pafos FC', 'age': '23', 'mw': '€700Th.', 'datum_mw': 'Jun 20, 2022', 'x': 1655676000000, 'marker': {'symbol': 'url(https://tmssl.akamaized.net/images/wappen/verysmall/45457.png?lm=1534711579)'}}]}]	-	-	655'					Nike	
Deni Hočko		Apr 22, 1994	Cetinje	28	1,75 m	Montenegro	midfield - Central Midfield	right	no agent	Pafos FC	Jul 7, 2021	-		0.0	32	29	1.03	-	1	5	7	7	1	-			2.211'	[{'type': 'line', 'name': 'Market value', 'data': [{'y': 300000, 'verein': 'Buducnost Podgorica', 'age': '21', 'mw': '€300Th.', 'datum_mw': 'Aug 7, 2015', 'x': 1438898400000, 'marker': {'symbol': 'url(https://tmssl.akamaized.net/images/wappen/verysmall/4391.png?lm=1416406905)'}}, {'y': 300000, 'verein': 'Buducnost Podgorica', 'age': '21', 'mw': '€300Th.', 'datum_mw': 'Feb 26, 2016', 'x': 1456441200000, 'marker': {'symbol': 'url(https://tmssl.akamaized.net/images/wappen/verysmall/4391.png?lm=1416406905)'}}, {'y': 300000, 'verein': 'Buducnost Podgorica', 'age': '22', 'mw': '€300Th.', 'datum_mw': 'Aug 26, 2016', 'x': 1472162400000, 'marker': {'symbol': 'url(https://tmssl.akamaized.net/images/wappen/verysmall/4391.png?lm=1416406905)'}}, {'y': 275000, 'verein': 'Buducnost Podgorica', 'age': '22', 'mw': '€275Th.', 'datum_mw': 'Mar 31, 2017', 'x': 1490911200000, 'marker': {'symbol': 'url(https://tmssl.akamaized.net/images/wappen/verysmall/4391.png?lm=1416406905)'}}, {'y': 300000, 'verein': 'FC Famalicão', 'age': '23', 'mw': '€300Th.', 'datum_mw': 'Sep 8, 2017', 'x': 1504821600000, 'marker': {'symbol': 'url(https://tmssl.akamaized.net/images/wappen/verysmall/3329.png?lm=1565881258)'}}, {'y': 350000, 'verein': 'FC Famalicão', 'age': '23', 'mw': '€350Th.', 'datum_mw': 'Feb 23, 2018', 'x': 1519340400000, 'marker': {'symbol': 'url(https://tmssl.akamaized.net/images/wappen/verysmall/3329.png?lm=1565881258)'}}, {'y': 475000, 'verein': 'FC Famalicão', 'age': '24', 'mw': '€475Th.', 'datum_mw': 'Jun 29, 2018', 'x': 1530223200000, 'marker': {'symbol': 'url(https://tmssl.akamaized.net/images/wappen/verysmall/3329.png?lm=1565881258)'}}, {'y': 500000, 'verein': 'FC Famalicão', 'age': '24', 'mw': '€500Th.', 'datum_mw': 'Feb 12, 2019', 'x': 1549926000000, 'marker': {'symbol': 'url(https://tmssl.akamaized.net/images/wappen/verysmall/3329.png?lm=1565881258)'}}, {'y': 500000, 'verein': 'FC Famalicão', 'age': '25', 'mw': '€500Th.', 'datum_mw': 'Jun 29, 2019', 'x': 1561759200000, 'marker': {'symbol': 'url(https://tmssl.akamaized.net/images/wappen/verysmall/3329.png?lm=1565881258)'}}, {'y': 650000, 'verein': 'Royal Excel Mouscron (-2022)', 'age': '25', 'mw': '€650Th.', 'datum_mw': 'Sep 13, 2019', 'x': 1568325600000, 'marker': {'symbol': 'url(https://tmssl.akamaized.net/images/wappen/verysmall/29228.png?lm=1547241629)'}}, {'y': 850000, 'verein': 'Royal Excel Mouscron (-2022)', 'age': '25', 'mw': '€850Th.', 'datum_mw': 'Dec 13, 2019', 'x': 1576191600000, 'marker': {'symbol': 'url(https://tmssl.akamaized.net/images/wappen/verysmall/29228.png?lm=1547241629)'}}, {'y': 675000, 'verein': 'Royal Excel Mouscron (-2022)', 'age': '25', 'mw': '€675Th.', 'datum_mw': 'Apr 8, 2020', 'x': 1586296800000, 'marker': {'symbol': 'url(https://tmssl.akamaized.net/images/wappen/verysmall/29228.png?lm=1547241629)'}}, {'y': 700000, 'verein': 'Royal Excel Mouscron (-2022)', 'age': '26', 'mw': '€700Th.', 'datum_mw': 'Oct 16, 2020', 'x': 1602799200000, 'marker': {'symbol': 'url(https://tmssl.akamaized.net/images/wappen/verysmall/29228.png?lm=1547241629)'}}, {'y': 850000, 'verein': 'Royal Excel Mouscron (-2022)', 'age': '26', 'mw': '€850Th.', 'datum_mw': 'Jan 4, 2021', 'x': 1609714800000, 'marker': {'symbol': 'url(https://tmssl.akamaized.net/images/wappen/verysmall/29228.png?lm=1547241629)'}}, {'y': 800000, 'verein': 'Royal Excel Mouscron (-2022)', 'age': '27', 'mw': '€800Th.', 'datum_mw': 'Jun 7, 2021', 'x': 1623016800000, 'marker': {'symbol': 'url(https://tmssl.akamaized.net/images/wappen/verysmall/29228.png?lm=1547241629)'}}, {'y': 500000, 'verein': 'Pafos FC', 'age': '27', 'mw': '€500Th.', 'datum_mw': 'Jan 11, 2022', 'x': 1641855600000, 'marker': {'symbol': 'url(https://tmssl.akamaized.net/images/wappen/verysmall/45457.png?lm=1534711579)'}}, {'y': 500000, 'verein': 'Pafos FC', 'age': '28', 'mw': '€500Th.', 'datum_mw': 'Jun 20, 2022', 'x': 1655676000000, 'marker': {'symbol': 'url(https://tmssl.akamaized.net/images/wappen/verysmall/45457.png?lm=1534711579)'}}]}]	-	-	-						
Bruno Leite	Bruno Miguel Santos Leite	Mar 21, 1995	Lissabon	27	1,84 m	"Cape Verde
  Portugal"	midfield - Central Midfield		First Access Sports	Pafos FC	Aug 1, 2021	May 31, 2023		0.0	13	11	1.64	-	3	6	5	1	-	-			476'	[{'type': 'line', 'name': 'Market value', 'data': [{'y': 300000, 'verein': 'FK Haugesund', 'age': '22', 'mw': '€300Th.', 'datum_mw': 'Dec 23, 2017', 'x': 1513983600000, 'marker': {'symbol': 'url(https://tmssl.akamaized.net/images/wappen/verysmall/2761.png?lm=1515836744)'}}, {'y': 300000, 'verein': 'FK Haugesund', 'age': '23', 'mw': '€300Th.', 'datum_mw': 'Dec 30, 2018', 'x': 1546124400000, 'marker': {'symbol': 'url(https://tmssl.akamaized.net/images/wappen/verysmall/2761.png?lm=1515836744)'}}, {'y': 300000, 'verein': 'FK Haugesund', 'age': '24', 'mw': '€300Th.', 'datum_mw': 'Dec 29, 2019', 'x': 1577574000000, 'marker': {'symbol': 'url(https://tmssl.akamaized.net/images/wappen/verysmall/2761.png?lm=1515836744)'}}, {'y': 300000, 'verein': 'FK Haugesund', 'age': '25', 'mw': '€300Th.', 'datum_mw': 'Dec 31, 2020', 'x': 1609369200000, 'marker': {'symbol': 'url(https://tmssl.akamaized.net/images/wappen/verysmall/2761.png?lm=1515836744)'}}, {'y': 250000, 'verein': 'Pafos FC', 'age': '26', 'mw': '€250Th.', 'datum_mw': 'Jan 11, 2022', 'x': 1641855600000, 'marker': {'symbol': 'url(https://tmssl.akamaized.net/images/wappen/verysmall/45457.png?lm=1534711579)'}}, {'y': 300000, 'verein': 'Pafos FC', 'age': '27', 'mw': '€300Th.', 'datum_mw': 'Jun 20, 2022', 'x': 1655676000000, 'marker': {'symbol': 'url(https://tmssl.akamaized.net/images/wappen/verysmall/45457.png?lm=1534711579)'}}]}]	-	-	-						
Gerasimos Fylaktou	Γεράσιμος Φυλακτού	Jul 24, 1991	Nikosia	30	1,74 m	"Cyprus
  DR Congo"	midfield - Central Midfield	both	DK - Dimitrios Kalaitzidis	Pafos FC	Sep 5, 2019	May 31, 2022	Jun 14, 2021	0.0	27	18	2.00	-	-	7	6	3	-	-			934'	[{'type': 'line', 'name': 'Market value', 'data': [{'y': 25000, 'verein': 'Alki Larnaca', 'age': '21', 'mw': '€25Th.', 'datum_mw': 'Sep 2, 2012', 'x': 1346536800000, 'marker': {'symbol': 'url(https://tmssl.akamaized.net/images/wappen/verysmall/8701.png?lm=1457444422)'}}, {'y': 100000, 'verein': 'Omonia Nicosia', 'age': '23', 'mw': '€100Th.', 'datum_mw': 'Apr 12, 2015', 'x': 1428789600000, 'marker': {'symbol': 'url(https://tmssl.akamaized.net/images/wappen/verysmall/829.png?lm=1447275209)'}}, {'y': 350000, 'verein': 'Omonia Nicosia', 'age': '24', 'mw': '€350Th.', 'datum_mw': 'May 5, 2016', 'x': 1462399200000, 'marker': {'symbol': 'url(https://tmssl.akamaized.net/images/wappen/verysmall/829.png?lm=1447275209)'}}, {'y': 400000, 'verein': 'Omonia Nicosia', 'age': '25', 'mw': '€400Th.', 'datum_mw': 'Dec 30, 2016', 'x': 1483052400000, 'marker': {'symbol': 'url(https://tmssl.akamaized.net/images/wappen/verysmall/829.png?lm=1447275209)'}}, {'y': 400000, 'verein': 'Omonia Nicosia', 'age': '25', 'mw': '€400Th.', 'datum_mw': 'May 4, 2017', 'x': 1493848800000, 'marker': {'symbol': 'url(https://tmssl.akamaized.net/images/wappen/verysmall/829.png?lm=1447275209)'}}, {'y': 450000, 'verein': 'Pafos FC', 'age': '26', 'mw': '€450Th.', 'datum_mw': 'Nov 13, 2017', 'x': 1510527600000, 'marker': {'symbol': 'url(https://tmssl.akamaized.net/images/wappen/verysmall/45457_1534711605.png?lm=1534711605)'}}, {'y': 450000, 'verein': 'Pafos FC', 'age': '26', 'mw': '€450Th.', 'datum_mw': 'Apr 26, 2018', 'x': 1524693600000, 'marker': {'symbol': 'url(https://tmssl.akamaized.net/images/wappen/verysmall/45457_1534711605.png?lm=1534711605)'}}, {'y': 350000, 'verein': 'Ermis Aradippou', 'age': '27', 'mw': '€350Th.', 'datum_mw': 'Dec 31, 2018', 'x': 1546210800000, 'marker': {'symbol': 'url(https://tmssl.akamaized.net/images/wappen/verysmall/24326.png?lm=1535899284)'}}, {'y': 250000, 'verein': 'Ermis Aradippou', 'age': '27', 'mw': '€250Th.', 'datum_mw': 'Jun 25, 2019', 'x': 1561413600000, 'marker': {'symbol': 'url(https://tmssl.akamaized.net/images/wappen/verysmall/24326.png?lm=1535899284)'}}, {'y': 200000, 'verein': 'Pafos FC', 'age': '28', 'mw': '€200Th.', 'datum_mw': 'Jan 6, 2020', 'x': 1578265200000, 'marker': {'symbol': 'url(https://tmssl.akamaized.net/images/wappen/verysmall/45457.png?lm=1534711579)'}}, {'y': 150000, 'verein': 'Pafos FC', 'age': '29', 'mw': '€150Th.', 'datum_mw': 'Oct 6, 2020', 'x': 1601935200000, 'marker': {'symbol': 'url(https://tmssl.akamaized.net/images/wappen/verysmall/45457.png?lm=1534711579)'}}, {'y': 150000, 'verein': 'Pafos FC', 'age': '29', 'mw': '€150Th.', 'datum_mw': 'May 14, 2021', 'x': 1620943200000, 'marker': {'symbol': 'url(https://tmssl.akamaized.net/images/wappen/verysmall/45457.png?lm=1534711579)'}}, {'y': 150000, 'verein': 'Pafos FC', 'age': '30', 'mw': '€150Th.', 'datum_mw': 'Jan 11, 2022', 'x': 1641855600000, 'marker': {'symbol': 'url(https://tmssl.akamaized.net/images/wappen/verysmall/45457.png?lm=1534711579)'}}, {'y': 150000, 'verein': 'Pafos FC', 'age': '30', 'mw': '€150Th.', 'datum_mw': 'Jun 20, 2022', 'x': 1655676000000, 'marker': {'symbol': 'url(https://tmssl.akamaized.net/images/wappen/verysmall/45457.png?lm=1534711579)'}}]}]	-	-	-						club option 1 year
Alexandros Spontas																																					
Onni Valakari	Onni Johannes Simonpoika Valakari	Aug 18, 1999	Helsinki	22	1,87 m	Finland	midfield - Attacking Midfield	left	SFI	Pafos FC	Jan 30, 2020	May 31, 2023		0.0	38	38	1.58	15	7	-	6	3	1	-			3.309'	[{'type': 'line', 'name': 'Market value', 'data': [{'y': 25000, 'verein': 'Turun Palloseura', 'age': '17', 'mw': '€25Th.', 'datum_mw': 'Jul 8, 2017', 'x': 1499464800000, 'marker': {'symbol': 'url(https://tmssl.akamaized.net/images/wappen/verysmall/2275.png?lm=1422293634)'}}, {'y': 100000, 'verein': 'Turun Palloseura', 'age': '18', 'mw': '€100Th.', 'datum_mw': 'Oct 15, 2017', 'x': 1508018400000, 'marker': {'symbol': 'url(https://tmssl.akamaized.net/images/wappen/verysmall/2275.png?lm=1422293634)'}}, {'y': 100000, 'verein': 'Turun Palloseura', 'age': '18', 'mw': '€100Th.', 'datum_mw': 'Apr 25, 2018', 'x': 1524607200000, 'marker': {'symbol': 'url(https://tmssl.akamaized.net/images/wappen/verysmall/2275.png?lm=1422293634)'}}, {'y': 200000, 'verein': 'Tromsø IL', 'age': '19', 'mw': '€200Th.', 'datum_mw': 'Dec 30, 2018', 'x': 1546124400000, 'marker': {'symbol': 'url(https://tmssl.akamaized.net/images/wappen/verysmall/1293.png?lm=1438202054)'}}, {'y': 400000, 'verein': 'Tromsø IL', 'age': '20', 'mw': '€400Th.', 'datum_mw': 'Sep 15, 2019', 'x': 1568498400000, 'marker': {'symbol': 'url(https://tmssl.akamaized.net/images/wappen/verysmall/1293.png?lm=1438202054)'}}, {'y': 400000, 'verein': 'Tromsø IL', 'age': '20', 'mw': '€400Th.', 'datum_mw': 'Dec 29, 2019', 'x': 1577574000000, 'marker': {'symbol': 'url(https://tmssl.akamaized.net/images/wappen/verysmall/1293.png?lm=1438202054)'}}, {'y': 350000, 'verein': 'Pafos FC', 'age': '20', 'mw': '€350Th.', 'datum_mw': 'Apr 8, 2020', 'x': 1586296800000, 'marker': {'symbol': 'url(https://tmssl.akamaized.net/images/wappen/verysmall/45457.png?lm=1534711579)'}}, {'y': 500000, 'verein': 'Pafos FC', 'age': '21', 'mw': '€500Th.', 'datum_mw': 'Oct 6, 2020', 'x': 1601935200000, 'marker': {'symbol': 'url(https://tmssl.akamaized.net/images/wappen/verysmall/45457.png?lm=1534711579)'}}, {'y': 1000000, 'verein': 'Pafos FC', 'age': '21', 'mw': '€1.00m', 'datum_mw': 'May 26, 2021', 'x': 1621980000000, 'marker': {'symbol': 'url(https://tmssl.akamaized.net/images/wappen/verysmall/45457.png?lm=1534711579)'}}, {'y': 1500000, 'verein': 'Pafos FC', 'age': '22', 'mw': '€1.50m', 'datum_mw': 'Jan 11, 2022', 'x': 1641855600000, 'marker': {'symbol': 'url(https://tmssl.akamaized.net/images/wappen/verysmall/45457.png?lm=1534711579)'}}, {'y': 1500000, 'verein': 'Pafos FC', 'age': '22', 'mw': '€1.50m', 'datum_mw': 'Jun 20, 2022', 'x': 1655676000000, 'marker': {'symbol': 'url(https://tmssl.akamaized.net/images/wappen/verysmall/45457.png?lm=1534711579)'}}]}]	-	7	221'						
Navarone Foor	Navarone Chesney Kai Foor	Feb 4, 1992	Opheusden	30	1,70 m	Netherlands	midfield - Attacking Midfield	both	Fortitude Player Management	Pafos FC	Sep 13, 2020	-		0.0	37	36	1.67	1	6	2	9	5	1	-			3.034'	[{'type': 'line', 'name': 'Market value', 'data': [{'y': 50000, 'verein': 'NEC Nijmegen', 'age': '19', 'mw': '€50Th.', 'datum_mw': 'Jul 1, 2011', 'x': 1309471200000, 'marker': {'symbol': 'url(https://tmssl.akamaized.net/images/wappen/verysmall/467.png?lm=1460302949)'}}, {'y': 250000, 'verein': 'NEC Nijmegen', 'age': '19', 'mw': '€250Th.', 'datum_mw': 'Oct 21, 2011', 'x': 1319148000000, 'marker': {'symbol': 'url(https://tmssl.akamaized.net/images/wappen/verysmall/467.png?lm=1460302949)'}}, {'y': 900000, 'verein': 'NEC Nijmegen', 'age': '20', 'mw': '€900Th.', 'datum_mw': 'Jul 13, 2012', 'x': 1342130400000, 'marker': {'symbol': 'url(https://tmssl.akamaized.net/images/wappen/verysmall/467.png?lm=1460302949)'}}, {'y': 1200000, 'verein': 'NEC Nijmegen', 'age': '20', 'mw': '€1.20m', 'datum_mw': 'Jan 14, 2013', 'x': 1358118000000, 'marker': {'symbol': 'url(https://tmssl.akamaized.net/images/wappen/verysmall/467.png?lm=1460302949)'}}, {'y': 1200000, 'verein': 'NEC Nijmegen', 'age': '21', 'mw': '€1.20m', 'datum_mw': 'Jun 18, 2013', 'x': 1371506400000, 'marker': {'symbol': 'url(https://tmssl.akamaized.net/images/wappen/verysmall/467.png?lm=1460302949)'}}, {'y': 1000000, 'verein': 'NEC Nijmegen', 'age': '22', 'mw': '€1.00m', 'datum_mw': 'Feb 11, 2014', 'x': 1392073200000, 'marker': {'symbol': 'url(https://tmssl.akamaized.net/images/wappen/verysmall/467.png?lm=1460302949)'}}, {'y': 650000, 'verein': 'NEC Nijmegen', 'age': '22', 'mw': '€650Th.', 'datum_mw': 'Aug 15, 2014', 'x': 1408053600000, 'marker': {'symbol': 'url(https://tmssl.akamaized.net/images/wappen/verysmall/467.png?lm=1460302949)'}}, {'y': 500000, 'verein': 'NEC Nijmegen', 'age': '23', 'mw': '€500Th.', 'datum_mw': 'Feb 21, 2015', 'x': 1424473200000, 'marker': {'symbol': 'url(https://tmssl.akamaized.net/images/wappen/verysmall/467.png?lm=1460302949)'}}, {'y': 600000, 'verein': 'NEC Nijmegen', 'age': '23', 'mw': '€600Th.', 'datum_mw': 'Jul 1, 2015', 'x': 1435701600000, 'marker': {'symbol': 'url(https://tmssl.akamaized.net/images/wappen/verysmall/467.png?lm=1460302949)'}}, {'y': 700000, 'verein': 'NEC Nijmegen', 'age': '23', 'mw': '€700Th.', 'datum_mw': 'Nov 10, 2015', 'x': 1447110000000, 'marker': {'symbol': 'url(https://tmssl.akamaized.net/images/wappen/verysmall/467.png?lm=1460302949)'}}, {'y': 1000000, 'verein': 'NEC Nijmegen', 'age': '24', 'mw': '€1.00m', 'datum_mw': 'Feb 5, 2016', 'x': 1454626800000, 'marker': {'symbol': 'url(https://tmssl.akamaized.net/images/wappen/verysmall/467.png?lm=1460302949)'}}, {'y': 1500000, 'verein': 'Vitesse Arnhem', 'age': '24', 'mw': '€1.50m', 'datum_mw': 'Jul 15, 2016', 'x': 1468533600000, 'marker': {'symbol': 'url(https://tmssl.akamaized.net/images/wappen/verysmall/499.png?lm=1610789824)'}}, {'y': 1250000, 'verein': 'Vitesse Arnhem', 'age': '24', 'mw': '€1.25m', 'datum_mw': 'Jan 18, 2017', 'x': 1484694000000, 'marker': {'symbol': 'url(https://tmssl.akamaized.net/images/wappen/verysmall/499.png?lm=1610789824)'}}, {'y': 1750000, 'verein': 'Vitesse Arnhem', 'age': '25', 'mw': '€1.75m', 'datum_mw': 'Jun 7, 2017', 'x': 1496786400000, 'marker': {'symbol': 'url(https://tmssl.akamaized.net/images/wappen/verysmall/499.png?lm=1610789824)'}}, {'y': 1500000, 'verein': 'Vitesse Arnhem', 'age': '25', 'mw': '€1.50m', 'datum_mw': 'Jan 17, 2018', 'x': 1516143600000, 'marker': {'symbol': 'url(https://tmssl.akamaized.net/images/wappen/verysmall/499.png?lm=1610789824)'}}, {'y': 1750000, 'verein': 'Vitesse Arnhem', 'age': '26', 'mw': '€1.75m', 'datum_mw': 'Jun 12, 2018', 'x': 1528754400000, 'marker': {'symbol': 'url(https://tmssl.akamaized.net/images/wappen/verysmall/499.png?lm=1610789824)'}}, {'y': 1750000, 'verein': 'Vitesse Arnhem', 'age': '26', 'mw': '€1.75m', 'datum_mw': 'Dec 28, 2018', 'x': 1545951600000, 'marker': {'symbol': 'url(https://tmssl.akamaized.net/images/wappen/verysmall/499.png?lm=1610789824)'}}, {'y': 1750000, 'verein': 'Vitesse Arnhem', 'age': '27', 'mw': '€1.75m', 'datum_mw': 'Jun 12, 2019', 'x': 1560290400000, 'marker': {'symbol': 'url(https://tmssl.akamaized.net/images/wappen/verysmall/499.png?lm=1610789824)'}}, {'y': 1250000, 'verein': 'Vitesse Arnhem', 'age': '27', 'mw': '€1.25m', 'datum_mw': 'Sep 19, 2019', 'x': 1568844000000, 'marker': {'symbol': 'url(https://tmssl.akamaized.net/images/wappen/verysmall/499.png?lm=1610789824)'}}, {'y': 1250000, 'verein': 'Vitesse Arnhem', 'age': '27', 'mw': '€1.25m', 'datum_mw': 'Dec 18, 2019', 'x': 1576623600000, 'marker': {'symbol': 'url(https://tmssl.akamaized.net/images/wappen/verysmall/499.png?lm=1610789824)'}}, {'y': 1000000, 'verein': 'Al-Ittihad Kalba SC', 'age': '28', 'mw': '€1.00m', 'datum_mw': 'Apr 8, 2020', 'x': 1586296800000, 'marker': {'symbol': 'url(https://tmssl.akamaized.net/images/wappen/verysmall/38040.png?lm=1407566120)'}}, {'y': 600000, 'verein': 'Pafos FC', 'age': '28', 'mw': '€600Th.', 'datum_mw': 'Oct 6, 2020', 'x': 1601935200000, 'marker': {'symbol': 'url(https://tmssl.akamaized.net/images/wappen/verysmall/45457.png?lm=1534711579)'}}, {'y': 600000, 'verein': 'Pafos FC', 'age': '29', 'mw': '€600Th.', 'datum_mw': 'May 14, 2021', 'x': 1620943200000, 'marker': {'symbol': 'url(https://tmssl.akamaized.net/images/wappen/verysmall/45457.png?lm=1534711579)'}}, {'y': 600000, 'verein': 'Pafos FC', 'age': '29', 'mw': '€600Th.', 'datum_mw': 'Jan 11, 2022', 'x': 1641855600000, 'marker': {'symbol': 'url(https://tmssl.akamaized.net/images/wappen/verysmall/45457.png?lm=1534711579)'}}, {'y': 500000, 'verein': 'Pafos FC', 'age': '30', 'mw': '€500Th.', 'datum_mw': 'Jun 20, 2022', 'x': 1655676000000, 'marker': {'symbol': 'url(https://tmssl.akamaized.net/images/wappen/verysmall/45457.png?lm=1534711579)'}}]}]	-	-	3.034'						
Willy Semedo		Apr 27, 1994	Montfermeil	28	1,85 m	"Cape Verde
  France"	attack - Left Winger	right	Relatives	Pafos FC	Jul 1, 2021	May 31, 2023		0.0	41	40	1.73	7	2	10	21	1	-	-			2.675'	[{'type': 'line', 'name': 'Market value', 'data': [{'y': 400000, 'verein': 'Alki Oroklini', 'age': '23', 'mw': '€400Th.', 'datum_mw': 'Nov 13, 2017', 'x': 1510527600000, 'marker': {'symbol': 'url(https://tmssl.akamaized.net/images/wappen/verysmall/44858.png?lm=1458913459)'}}, {'y': 400000, 'verein': 'RSC Charleroi', 'age': '24', 'mw': '€400Th.', 'datum_mw': 'Jun 3, 2018', 'x': 1527976800000, 'marker': {'symbol': 'url(https://tmssl.akamaized.net/images/wappen/verysmall/172.png?lm=1448474590)'}}, {'y': 400000, 'verein': 'KSV Roeselare (- 2020)', 'age': '24', 'mw': '€400Th.', 'datum_mw': 'Sep 14, 2018', 'x': 1536876000000, 'marker': {'symbol': 'url(https://tmssl.akamaized.net/images/wappen/verysmall/2977.png?lm=1420148200)'}}, {'y': 350000, 'verein': 'KSV Roeselare (- 2020)', 'age': '24', 'mw': '€350Th.', 'datum_mw': 'Jan 18, 2019', 'x': 1547766000000, 'marker': {'symbol': 'url(https://tmssl.akamaized.net/images/wappen/verysmall/2977.png?lm=1420148200)'}}, {'y': 200000, 'verein': 'ACSM Politehnica Iasi', 'age': '25', 'mw': '€200Th.', 'datum_mw': 'Jun 18, 2019', 'x': 1560808800000, 'marker': {'symbol': 'url(https://tmssl.akamaized.net/images/wappen/verysmall/33966.png?lm=1538310370)'}}, {'y': 400000, 'verein': 'Grenoble Foot 38', 'age': '25', 'mw': '€400Th.', 'datum_mw': 'Sep 30, 2019', 'x': 1569794400000, 'marker': {'symbol': 'url(https://tmssl.akamaized.net/images/wappen/verysmall/1290.png?lm=1447593110)'}}, {'y': 600000, 'verein': 'Grenoble Foot 38', 'age': '25', 'mw': '€600Th.', 'datum_mw': 'Jan 6, 2020', 'x': 1578265200000, 'marker': {'symbol': 'url(https://tmssl.akamaized.net/images/wappen/verysmall/1290.png?lm=1447593110)'}}, {'y': 475000, 'verein': 'Grenoble Foot 38', 'age': '25', 'mw': '€475Th.', 'datum_mw': 'Apr 8, 2020', 'x': 1586296800000, 'marker': {'symbol': 'url(https://tmssl.akamaized.net/images/wappen/verysmall/1290.png?lm=1447593110)'}}, {'y': 550000, 'verein': 'Grenoble Foot 38', 'age': '26', 'mw': '€550Th.', 'datum_mw': 'Nov 11, 2020', 'x': 1605049200000, 'marker': {'symbol': 'url(https://tmssl.akamaized.net/images/wappen/verysmall/1290.png?lm=1447593110)'}}, {'y': 600000, 'verein': 'Grenoble Foot 38', 'age': '27', 'mw': '€600Th.', 'datum_mw': 'Jun 25, 2021', 'x': 1624572000000, 'marker': {'symbol': 'url(https://tmssl.akamaized.net/images/wappen/verysmall/1290.png?lm=1447593110)'}}, {'y': 800000, 'verein': 'Pafos FC', 'age': '27', 'mw': '€800Th.', 'datum_mw': 'Jan 7, 2022', 'x': 1641510000000, 'marker': {'symbol': 'url(https://tmssl.akamaized.net/images/wappen/verysmall/45457.png?lm=1534711579)'}}, {'y': 600000, 'verein': 'Pafos FC', 'age': '28', 'mw': '€600Th.', 'datum_mw': 'Jun 20, 2022', 'x': 1655676000000, 'marker': {'symbol': 'url(https://tmssl.akamaized.net/images/wappen/verysmall/45457.png?lm=1534711579)'}}]}]	-	1	382'						
Vá																																					
Eirik Hestad		Jun 26, 1995 Happy Birthday	Molde	27	1,83 m	Norway	attack - Right Winger	left	Jim Solbakken	Pafos FC	Jan 9, 2022	-		0.0	34	32	2.00	5	7	7	11	3	-	-			2.170'	[{'type': 'line', 'name': 'Market value', 'data': [{'y': 50000, 'verein': 'Molde FK', 'age': '18', 'mw': '€50Th.', 'datum_mw': 'Jan 2, 2014', 'x': 1388617200000, 'marker': {'symbol': 'url(https://tmssl.akamaized.net/images/wappen/verysmall/687.png?lm=1409159512)'}}, {'y': 100000, 'verein': 'Molde FK', 'age': '19', 'mw': '€100Th.', 'datum_mw': 'Dec 7, 2014', 'x': 1417906800000, 'marker': {'symbol': 'url(https://tmssl.akamaized.net/images/wappen/verysmall/687.png?lm=1409159512)'}}, {'y': 400000, 'verein': 'Molde FK', 'age': '20', 'mw': '€400Th.', 'datum_mw': 'Aug 19, 2015', 'x': 1439935200000, 'marker': {'symbol': 'url(https://tmssl.akamaized.net/images/wappen/verysmall/687.png?lm=1409159512)'}}, {'y': 600000, 'verein': 'Molde FK', 'age': '20', 'mw': '€600Th.', 'datum_mw': 'Dec 27, 2015', 'x': 1451170800000, 'marker': {'symbol': 'url(https://tmssl.akamaized.net/images/wappen/verysmall/687.png?lm=1409159512)'}}, {'y': 500000, 'verein': 'Molde FK', 'age': '21', 'mw': '€500Th.', 'datum_mw': 'Dec 18, 2016', 'x': 1482015600000, 'marker': {'symbol': 'url(https://tmssl.akamaized.net/images/wappen/verysmall/687.png?lm=1409159512)'}}, {'y': 600000, 'verein': 'Molde FK', 'age': '22', 'mw': '€600Th.', 'datum_mw': 'Dec 23, 2017', 'x': 1513983600000, 'marker': {'symbol': 'url(https://tmssl.akamaized.net/images/wappen/verysmall/687.png?lm=1409159512)'}}, {'y': 900000, 'verein': 'Molde FK', 'age': '23', 'mw': '€900Th.', 'datum_mw': 'Sep 10, 2018', 'x': 1536530400000, 'marker': {'symbol': 'url(https://tmssl.akamaized.net/images/wappen/verysmall/687.png?lm=1409159512)'}}, {'y': 1200000, 'verein': 'Molde FK', 'age': '23', 'mw': '€1.20m', 'datum_mw': 'Dec 30, 2018', 'x': 1546124400000, 'marker': {'symbol': 'url(https://tmssl.akamaized.net/images/wappen/verysmall/687.png?lm=1409159512)'}}, {'y': 1300000, 'verein': 'Molde FK', 'age': '24', 'mw': '€1.30m', 'datum_mw': 'Dec 29, 2019', 'x': 1577574000000, 'marker': {'symbol': 'url(https://tmssl.akamaized.net/images/wappen/verysmall/687.png?lm=1409159512)'}}, {'y': 1000000, 'verein': 'Molde FK', 'age': '24', 'mw': '€1.00m', 'datum_mw': 'Apr 8, 2020', 'x': 1586296800000, 'marker': {'symbol': 'url(https://tmssl.akamaized.net/images/wappen/verysmall/687.png?lm=1409159512)'}}, {'y': 1000000, 'verein': 'Molde FK', 'age': '25', 'mw': '€1.00m', 'datum_mw': 'Dec 31, 2020', 'x': 1609369200000, 'marker': {'symbol': 'url(https://tmssl.akamaized.net/images/wappen/verysmall/687.png?lm=1409159512)'}}, {'y': 900000, 'verein': 'Molde FK', 'age': '26', 'mw': '€900Th.', 'datum_mw': 'Jan 3, 2022', 'x': 1641164400000, 'marker': {'symbol': 'url(https://tmssl.akamaized.net/images/wappen/verysmall/687.png?lm=1409159512)'}}, {'y': 550000, 'verein': 'Pafos FC', 'age': '26', 'mw': '€550Th.', 'datum_mw': 'Jun 20, 2022', 'x': 1655676000000, 'marker': {'symbol': 'url(https://tmssl.akamaized.net/images/wappen/verysmall/45457.png?lm=1534711579)'}}]}]	-	1	434'						
Douglas Aurélio																																					
Franko Kovacevic	Franko Kovačević	Aug 8, 1999	Koprivnica	22	1,85 m	Croatia	attack - Right Winger	right	P&P Sport Management S.A.M.	Pafos FC	Jul 29, 2021	-		0.0	11	6	0.33	1	-	5	1	1	-	-			209'	[{'type': 'line', 'name': 'Market value', 'data': [{'y': 50000, 'verein': 'HNK Hajduk Split II', 'age': '18', 'mw': '€50Th.', 'datum_mw': 'Oct 23, 2017', 'x': 1508709600000, 'marker': {'symbol': 'url(https://tmssl.akamaized.net/images/wappen/verysmall/18894.png?lm=1630503011)'}}, {'y': 200000, 'verein': 'HNK Hajduk Split', 'age': '18', 'mw': '€200Th.', 'datum_mw': 'Mar 18, 2018', 'x': 1521327600000, 'marker': {'symbol': 'url(https://tmssl.akamaized.net/images/wappen/verysmall/447.png?lm=1404056125)'}}, {'y': 200000, 'verein': 'HNK Hajduk Split', 'age': '19', 'mw': '€200Th.', 'datum_mw': 'Sep 25, 2018', 'x': 1537826400000, 'marker': {'symbol': 'url(https://tmssl.akamaized.net/images/wappen/verysmall/447.png?lm=1404056125)'}}, {'y': 250000, 'verein': 'NK Rudes', 'age': '19', 'mw': '€250Th.', 'datum_mw': 'Mar 11, 2019', 'x': 1552258800000, 'marker': {'symbol': 'url(https://tmssl.akamaized.net/images/wappen/verysmall/11083.png?lm=1538421936)'}}, {'y': 225000, 'verein': 'TSG 1899 Hoffenheim II', 'age': '20', 'mw': '€225Th.', 'datum_mw': 'Aug 12, 2019', 'x': 1565560800000, 'marker': {'symbol': 'url(https://tmssl.akamaized.net/images/wappen/verysmall/983.png?lm=1458907862)'}}, {'y': 225000, 'verein': 'TSG 1899 Hoffenheim II', 'age': '20', 'mw': '€225Th.', 'datum_mw': 'Feb 6, 2020', 'x': 1580943600000, 'marker': {'symbol': 'url(https://tmssl.akamaized.net/images/wappen/verysmall/983.png?lm=1458907862)'}}, {'y': 200000, 'verein': 'TSG 1899 Hoffenheim II', 'age': '21', 'mw': '€200Th.', 'datum_mw': 'Sep 15, 2020', 'x': 1600120800000, 'marker': {'symbol': 'url(https://tmssl.akamaized.net/images/wappen/verysmall/983.png?lm=1458907862)'}}, {'y': 200000, 'verein': 'FC Cincinnati', 'age': '21', 'mw': '€200Th.', 'datum_mw': 'Dec 18, 2020', 'x': 1608246000000, 'marker': {'symbol': 'url(https://tmssl.akamaized.net/images/wappen/verysmall/51772.png?lm=1543266460)'}}, {'y': 200000, 'verein': 'FC Cincinnati', 'age': '21', 'mw': '€200Th.', 'datum_mw': 'Jul 9, 2021', 'x': 1625781600000, 'marker': {'symbol': 'url(https://tmssl.akamaized.net/images/wappen/verysmall/51772.png?lm=1543266460)'}}, {'y': 250000, 'verein': 'Pafos FC', 'age': '22', 'mw': '€250Th.', 'datum_mw': 'Jan 11, 2022', 'x': 1641855600000, 'marker': {'symbol': 'url(https://tmssl.akamaized.net/images/wappen/verysmall/45457.png?lm=1534711579)'}}, {'y': 250000, 'verein': 'Pafos FC', 'age': '22', 'mw': '€250Th.', 'datum_mw': 'Jun 20, 2022', 'x': 1655676000000, 'marker': {'symbol': 'url(https://tmssl.akamaized.net/images/wappen/verysmall/45457.png?lm=1534711579)'}}]}]	-	1	209'						
Lysandros Andreas Papastylianou																																					
Jairo da Silva		May 6, 1992	São João de Meriti	30	1,81 m	Brazil	attack - Second Striker	right	Intergol B.V.	Pafos FC	Aug 19, 2021	May 31, 2023		0.0	37	29	1.59	3	4	8	14	3	1	-			1.911'	[{'type': 'line', 'name': 'Market value', 'data': [{'y': 50000, 'verein': 'AS Trencin', 'age': '22', 'mw': '€50Th.', 'datum_mw': 'Jun 22, 2014', 'x': 1403388000000, 'marker': {'symbol': 'url(https://tmssl.akamaized.net/images/wappen/verysmall/7918_1611248076.png?lm=1611248077)'}}, {'y': 225000, 'verein': 'AS Trencin', 'age': '22', 'mw': '€225Th.', 'datum_mw': 'Dec 25, 2014', 'x': 1419462000000, 'marker': {'symbol': 'url(https://tmssl.akamaized.net/images/wappen/verysmall/7918_1611248076.png?lm=1611248077)'}}, {'y': 400000, 'verein': 'AS Trencin', 'age': '23', 'mw': '€400Th.', 'datum_mw': 'Jun 9, 2015', 'x': 1433800800000, 'marker': {'symbol': 'url(https://tmssl.akamaized.net/images/wappen/verysmall/7918_1611248076.png?lm=1611248077)'}}, {'y': 700000, 'verein': 'PAOK Thessaloniki', 'age': '23', 'mw': '€700Th.', 'datum_mw': 'Sep 27, 2015', 'x': 1443304800000, 'marker': {'symbol': 'url(https://tmssl.akamaized.net/images/wappen/verysmall/1091.png?lm=1562577576)'}}, {'y': 700000, 'verein': 'PAOK Thessaloniki', 'age': '24', 'mw': '€700Th.', 'datum_mw': 'Jun 21, 2016', 'x': 1466460000000, 'marker': {'symbol': 'url(https://tmssl.akamaized.net/images/wappen/verysmall/1091.png?lm=1562577576)'}}, {'y': 700000, 'verein': 'PAS Giannina', 'age': '24', 'mw': '€700Th.', 'datum_mw': 'Dec 21, 2016', 'x': 1482274800000, 'marker': {'symbol': 'url(https://tmssl.akamaized.net/images/wappen/verysmall/2671.png?lm=1623427611)'}}, {'y': 800000, 'verein': 'PAS Giannina', 'age': '25', 'mw': '€800Th.', 'datum_mw': 'May 11, 2017', 'x': 1494453600000, 'marker': {'symbol': 'url(https://tmssl.akamaized.net/images/wappen/verysmall/2671.png?lm=1623427611)'}}, {'y': 1000000, 'verein': 'FC Sheriff Tiraspol', 'age': '25', 'mw': '€1.00m', 'datum_mw': 'Dec 11, 2017', 'x': 1512946800000, 'marker': {'symbol': 'url(https://tmssl.akamaized.net/images/wappen/verysmall/2481.png?lm=1653904139)'}}, {'y': 850000, 'verein': 'FC Sheriff Tiraspol', 'age': '26', 'mw': '€850Th.', 'datum_mw': 'Jun 28, 2018', 'x': 1530136800000, 'marker': {'symbol': 'url(https://tmssl.akamaized.net/images/wappen/verysmall/2481.png?lm=1653904139)'}}, {'y': 850000, 'verein': 'HNK Hajduk Split', 'age': '26', 'mw': '€850Th.', 'datum_mw': 'Sep 25, 2018', 'x': 1537826400000, 'marker': {'symbol': 'url(https://tmssl.akamaized.net/images/wappen/verysmall/447.png?lm=1404056125)'}}, {'y': 1350000, 'verein': 'HNK Hajduk Split', 'age': '26', 'mw': '€1.35m', 'datum_mw': 'Mar 11, 2019', 'x': 1552258800000, 'marker': {'symbol': 'url(https://tmssl.akamaized.net/images/wappen/verysmall/447.png?lm=1404056125)'}}, {'y': 1850000, 'verein': 'HNK Hajduk Split', 'age': '27', 'mw': '€1.85m', 'datum_mw': 'Sep 16, 2019', 'x': 1568584800000, 'marker': {'symbol': 'url(https://tmssl.akamaized.net/images/wappen/verysmall/447.png?lm=1404056125)'}}, {'y': 2000000, 'verein': 'HNK Hajduk Split', 'age': '27', 'mw': '€2.00m', 'datum_mw': 'Dec 27, 2019', 'x': 1577401200000, 'marker': {'symbol': 'url(https://tmssl.akamaized.net/images/wappen/verysmall/447.png?lm=1404056125)'}}, {'y': 1600000, 'verein': 'HNK Hajduk Split', 'age': '27', 'mw': '€1.60m', 'datum_mw': 'Apr 8, 2020', 'x': 1586296800000, 'marker': {'symbol': 'url(https://tmssl.akamaized.net/images/wappen/verysmall/447.png?lm=1404056125)'}}, {'y': 1600000, 'verein': 'HNK Hajduk Split', 'age': '28', 'mw': '€1.60m', 'datum_mw': 'Jul 27, 2020', 'x': 1595800800000, 'marker': {'symbol': 'url(https://tmssl.akamaized.net/images/wappen/verysmall/447.png?lm=1404056125)'}}, {'y': 1500000, 'verein': 'HNK Hajduk Split', 'age': '28', 'mw': '€1.50m', 'datum_mw': 'Dec 28, 2020', 'x': 1609110000000, 'marker': {'symbol': 'url(https://tmssl.akamaized.net/images/wappen/verysmall/447.png?lm=1404056125)'}}, {'y': 750000, 'verein': 'HNK Hajduk Split', 'age': '29', 'mw': '€750Th.', 'datum_mw': 'Jun 10, 2021', 'x': 1623276000000, 'marker': {'symbol': 'url(https://tmssl.akamaized.net/images/wappen/verysmall/447.png?lm=1404056125)'}}, {'y': 750000, 'verein': 'Pafos FC', 'age': '29', 'mw': '€750Th.', 'datum_mw': 'Jan 11, 2022', 'x': 1641855600000, 'marker': {'symbol': 'url(https://tmssl.akamaized.net/images/wappen/verysmall/45457.png?lm=1534711579)'}}, {'y': 900000, 'verein': 'Pafos FC', 'age': '30', 'mw': '€900Th.', 'datum_mw': 'Jun 20, 2022', 'x': 1655676000000, 'marker': {'symbol': 'url(https://tmssl.akamaized.net/images/wappen/verysmall/45457.png?lm=1534711579)'}}]}]	-	-	637'				Jairo de Macedo da Silva		
Hamadi Al Ghaddioui		Sep 22, 1990	Bonn	31	1,90 m	"Morocco
  Germany"	attack - Centre-Forward	right	Sports360 GmbH	Pafos FC	Jan 14, 2022	-		0.0	12	9	2.11	1	-	7	2	1	-	-			146'	[{'type': 'line', 'name': 'Market value', 'data': [{'y': 25000, 'verein': 'Bayer 04 Leverkusen II', 'age': '20', 'mw': '€25Th.', 'datum_mw': 'Aug 29, 2011', 'x': 1314568800000, 'marker': {'symbol': 'url(https://tmssl.akamaized.net/images/wappen/verysmall/211.png?lm=1651221781)'}}, {'y': 50000, 'verein': 'Bayer 04 Leverkusen II', 'age': '21', 'mw': '€50Th.', 'datum_mw': 'Oct 1, 2011', 'x': 1317420000000, 'marker': {'symbol': 'url(https://tmssl.akamaized.net/images/wappen/verysmall/211.png?lm=1651221781)'}}, {'y': 75000, 'verein': 'Bayer 04 Leverkusen II', 'age': '21', 'mw': '€75Th.', 'datum_mw': 'Feb 21, 2012', 'x': 1329778800000, 'marker': {'symbol': 'url(https://tmssl.akamaized.net/images/wappen/verysmall/211.png?lm=1651221781)'}}, {'y': 50000, 'verein': 'Bayer 04 Leverkusen II', 'age': '23', 'mw': '€50Th.', 'datum_mw': 'Dec 30, 2013', 'x': 1388358000000, 'marker': {'symbol': 'url(https://tmssl.akamaized.net/images/wappen/verysmall/211.png?lm=1651221781)'}}, {'y': 50000, 'verein': 'Bayer 04 Leverkusen II', 'age': '23', 'mw': '€50Th.', 'datum_mw': 'Mar 28, 2014', 'x': 1395961200000, 'marker': {'symbol': 'url(https://tmssl.akamaized.net/images/wappen/verysmall/211.png?lm=1651221781)'}}, {'y': 75000, 'verein': 'Bayer 04 Leverkusen II', 'age': '23', 'mw': '€75Th.', 'datum_mw': 'May 8, 2014', 'x': 1399500000000, 'marker': {'symbol': 'url(https://tmssl.akamaized.net/images/wappen/verysmall/211.png?lm=1651221781)'}}, {'y': 75000, 'verein': 'SC Verl', 'age': '23', 'mw': '€75Th.', 'datum_mw': 'Jul 28, 2014', 'x': 1406498400000, 'marker': {'symbol': 'url(https://tmssl.akamaized.net/images/wappen/verysmall/93.png?lm=1448037853)'}}, {'y': 125000, 'verein': 'SC Verl', 'age': '24', 'mw': '€125Th.', 'datum_mw': 'Jan 1, 2015', 'x': 1420066800000, 'marker': {'symbol': 'url(https://tmssl.akamaized.net/images/wappen/verysmall/93.png?lm=1448037853)'}}, {'y': 150000, 'verein': 'SC Verl', 'age': '24', 'mw': '€150Th.', 'datum_mw': 'Jun 30, 2015', 'x': 1435615200000, 'marker': {'symbol': 'url(https://tmssl.akamaized.net/images/wappen/verysmall/93.png?lm=1448037853)'}}, {'y': 175000, 'verein': 'SC Verl', 'age': '25', 'mw': '€175Th.', 'datum_mw': 'Oct 15, 2015', 'x': 1444860000000, 'marker': {'symbol': 'url(https://tmssl.akamaized.net/images/wappen/verysmall/93.png?lm=1448037853)'}}, {'y': 175000, 'verein': 'SC Verl', 'age': '25', 'mw': '€175Th.', 'datum_mw': 'Jan 15, 2016', 'x': 1452812400000, 'marker': {'symbol': 'url(https://tmssl.akamaized.net/images/wappen/verysmall/93.png?lm=1448037853)'}}, {'y': 175000, 'verein': 'Borussia Dortmund II', 'age': '25', 'mw': '€175Th.', 'datum_mw': 'Jul 15, 2016', 'x': 1468533600000, 'marker': {'symbol': 'url(https://tmssl.akamaized.net/images/wappen/verysmall/17.png?lm=1396275305)'}}, {'y': 175000, 'verein': 'Borussia Dortmund II', 'age': '26', 'mw': '€175Th.', 'datum_mw': 'Nov 20, 2016', 'x': 1479596400000, 'marker': {'symbol': 'url(https://tmssl.akamaized.net/images/wappen/verysmall/17.png?lm=1396275305)'}}, {'y': 225000, 'verein': 'Sportfreunde Lotte', 'age': '26', 'mw': '€225Th.', 'datum_mw': 'Jul 1, 2017', 'x': 1498860000000, 'marker': {'symbol': 'url(https://tmssl.akamaized.net/images/wappen/verysmall/668.png?lm=1466965576)'}}, {'y': 350000, 'verein': 'SSV Jahn Regensburg', 'age': '27', 'mw': '€350Th.', 'datum_mw': 'Jan 22, 2018', 'x': 1516575600000, 'marker': {'symbol': 'url(https://tmssl.akamaized.net/images/wappen/verysmall/109.png?lm=1403259815)'}}, {'y': 350000, 'verein': 'SSV Jahn Regensburg', 'age': '27', 'mw': '€350Th.', 'datum_mw': 'Jun 19, 2018', 'x': 1529359200000, 'marker': {'symbol': 'url(https://tmssl.akamaized.net/images/wappen/verysmall/109.png?lm=1403259815)'}}, {'y': 450000, 'verein': 'SSV Jahn Regensburg', 'age': '28', 'mw': '€450Th.', 'datum_mw': 'Jan 8, 2019', 'x': 1546902000000, 'marker': {'symbol': 'url(https://tmssl.akamaized.net/images/wappen/verysmall/109.png?lm=1403259815)'}}, {'y': 600000, 'verein': 'SSV Jahn Regensburg', 'age': '28', 'mw': '€600Th.', 'datum_mw': 'Mar 13, 2019', 'x': 1552431600000, 'marker': {'symbol': 'url(https://tmssl.akamaized.net/images/wappen/verysmall/109.png?lm=1403259815)'}}, {'y': 850000, 'verein': 'SSV Jahn Regensburg', 'age': '28', 'mw': '€850Th.', 'datum_mw': 'Jun 12, 2019', 'x': 1560290400000, 'marker': {'symbol': 'url(https://tmssl.akamaized.net/images/wappen/verysmall/109.png?lm=1403259815)'}}, {'y': 850000, 'verein': 'VfB Stuttgart', 'age': '29', 'mw': '€850Th.', 'datum_mw': 'Dec 13, 2019', 'x': 1576191600000, 'marker': {'symbol': 'url(https://tmssl.akamaized.net/images/wappen/verysmall/79.png?lm=1487024087)'}}, {'y': 675000, 'verein': 'VfB Stuttgart', 'age': '29', 'mw': '€675Th.', 'datum_mw': 'Apr 8, 2020', 'x': 1586296800000, 'marker': {'symbol': 'url(https://tmssl.akamaized.net/images/wappen/verysmall/79.png?lm=1487024087)'}}, {'y': 500000, 'verein': 'VfB Stuttgart', 'age': '30', 'mw': '€500Th.', 'datum_mw': 'Feb 10, 2021', 'x': 1612911600000, 'marker': {'symbol': 'url(https://tmssl.akamaized.net/images/wappen/verysmall/79.png?lm=1487024087)'}}, {'y': 500000, 'verein': 'VfB Stuttgart', 'age': '30', 'mw': '€500Th.', 'datum_mw': 'Jun 9, 2021', 'x': 1623189600000, 'marker': {'symbol': 'url(https://tmssl.akamaized.net/images/wappen/verysmall/79.png?lm=1487024087)'}}, {'y': 800000, 'verein': 'VfB Stuttgart', 'age': '31', 'mw': '€800Th.', 'datum_mw': 'Oct 7, 2021', 'x': 1633557600000, 'marker': {'symbol': 'url(https://tmssl.akamaized.net/images/wappen/verysmall/79.png?lm=1487024087)'}}, {'y': 800000, 'verein': 'VfB Stuttgart', 'age': '31', 'mw': '€800Th.', 'datum_mw': 'Dec 22, 2021', 'x': 1640127600000, 'marker': {'symbol': 'url(https://tmssl.akamaized.net/images/wappen/verysmall/79.png?lm=1487024087)'}}, {'y': 700000, 'verein': 'Pafos FC', 'age': '31', 'mw': '€700Th.', 'datum_mw': 'Jun 20, 2022', 'x': 1655676000000, 'marker': {'symbol': 'url(https://tmssl.akamaized.net/images/wappen/verysmall/45457.png?lm=1534711579)'}}]}]	-	-	146'						
Magomedkhabib Abdusalamov	Абдусаламов Магомедхабиб Магомедович	May 1, 2003	Makhachkala	19	1,83 m	Russia	attack - Centre-Forward	right		Pafos FC	Aug 16, 2021	-		0.0	25	25	1.48	8	7	5	9	5	-	-			1.888'	[{'type': 'line', 'name': 'Market value', 'data': [{'y': 150000, 'verein': 'Rodina Moscow', 'age': '16', 'mw': '€150Th.', 'datum_mw': 'Sep 9, 2019', 'x': 1567980000000, 'marker': {'symbol': 'url(https://tmssl.akamaized.net/images/wappen/verysmall/59024.png?lm=1488832751)'}}, {'y': 200000, 'verein': 'Rodina Moscow', 'age': '16', 'mw': '€200Th.', 'datum_mw': 'Dec 23, 2019', 'x': 1577055600000, 'marker': {'symbol': 'url(https://tmssl.akamaized.net/images/wappen/verysmall/59024.png?lm=1488832751)'}}, {'y': 200000, 'verein': 'Rodina Moscow', 'age': '17', 'mw': '€200Th.', 'datum_mw': 'Jun 29, 2020', 'x': 1593381600000, 'marker': {'symbol': 'url(https://tmssl.akamaized.net/images/wappen/verysmall/59024.png?lm=1488832751)'}}, {'y': 200000, 'verein': 'Rodina Moscow', 'age': '17', 'mw': '€200Th.', 'datum_mw': 'Dec 29, 2020', 'x': 1609196400000, 'marker': {'symbol': 'url(https://tmssl.akamaized.net/images/wappen/verysmall/59024.png?lm=1488832751)'}}, {'y': 250000, 'verein': 'Rodina Moscow', 'age': '18', 'mw': '€250Th.', 'datum_mw': 'Jun 28, 2021', 'x': 1624831200000, 'marker': {'symbol': 'url(https://tmssl.akamaized.net/images/wappen/verysmall/59024.png?lm=1488832751)'}}, {'y': 450000, 'verein': 'Pafos FC', 'age': '18', 'mw': '€450Th.', 'datum_mw': 'Jan 11, 2022', 'x': 1641855600000, 'marker': {'symbol': 'url(https://tmssl.akamaized.net/images/wappen/verysmall/45457.png?lm=1534711579)'}}, {'y': 400000, 'verein': 'Pafos FC', 'age': '19', 'mw': '€400Th.', 'datum_mw': 'Jun 20, 2022', 'x': 1655676000000, 'marker': {'symbol': 'url(https://tmssl.akamaized.net/images/wappen/verysmall/45457.png?lm=1534711579)'}}]}]	-	-	236'					Nike	
Rushian Hepburn-Murphy																																					
Kévin Bérigaud		May 9, 1988	Thonon-les-Bains	34	1,76 m	France	attack - Centre-Forward	right	M FOOT	Pafos FC	Jan 17, 2018	May 31, 2022	May 29, 2021	0.0	39	36	1.44	14	3	4	15	2	-	-			2.701'	[{'type': 'line', 'name': 'Market value', 'data': [{'y': 150000, 'verein': 'FC Évian Thonon Gaillard', 'age': '22', 'mw': '€150Th.', 'datum_mw': 'Aug 1, 2010', 'x': 1280613600000, 'marker': {'symbol': 'url(https://tmssl.akamaized.net/images/wappen/verysmall/14171_1586122022.png?lm=1586122022)'}}, {'y': 500000, 'verein': 'FC Évian Thonon Gaillard', 'age': '22', 'mw': '€500Th.', 'datum_mw': 'Oct 24, 2010', 'x': 1287871200000, 'marker': {'symbol': 'url(https://tmssl.akamaized.net/images/wappen/verysmall/14171_1586122022.png?lm=1586122022)'}}, {'y': 750000, 'verein': 'FC Évian Thonon Gaillard', 'age': '22', 'mw': '€750Th.', 'datum_mw': 'Feb 8, 2011', 'x': 1297119600000, 'marker': {'symbol': 'url(https://tmssl.akamaized.net/images/wappen/verysmall/14171_1586122022.png?lm=1586122022)'}}, {'y': 500000, 'verein': 'FC Évian Thonon Gaillard', 'age': '23', 'mw': '€500Th.', 'datum_mw': 'May 30, 2011', 'x': 1306706400000, 'marker': {'symbol': 'url(https://tmssl.akamaized.net/images/wappen/verysmall/14171_1586122022.png?lm=1586122022)'}}, {'y': 500000, 'verein': 'FC Évian Thonon Gaillard', 'age': '23', 'mw': '€500Th.', 'datum_mw': 'Dec 24, 2011', 'x': 1324681200000, 'marker': {'symbol': 'url(https://tmssl.akamaized.net/images/wappen/verysmall/14171_1586122022.png?lm=1586122022)'}}, {'y': 900000, 'verein': 'FC Évian Thonon Gaillard', 'age': '24', 'mw': '€900Th.', 'datum_mw': 'May 23, 2012', 'x': 1337724000000, 'marker': {'symbol': 'url(https://tmssl.akamaized.net/images/wappen/verysmall/14171_1586122022.png?lm=1586122022)'}}, {'y': 1500000, 'verein': 'FC Évian Thonon Gaillard', 'age': '24', 'mw': '€1.50m', 'datum_mw': 'Jan 7, 2013', 'x': 1357513200000, 'marker': {'symbol': 'url(https://tmssl.akamaized.net/images/wappen/verysmall/14171_1586122022.png?lm=1586122022)'}}, {'y': 2000000, 'verein': 'FC Évian Thonon Gaillard', 'age': '25', 'mw': '€2.00m', 'datum_mw': 'May 30, 2013', 'x': 1369864800000, 'marker': {'symbol': 'url(https://tmssl.akamaized.net/images/wappen/verysmall/14171_1586122022.png?lm=1586122022)'}}, {'y': 2500000, 'verein': 'FC Évian Thonon Gaillard', 'age': '25', 'mw': '€2.50m', 'datum_mw': 'Jan 14, 2014', 'x': 1389654000000, 'marker': {'symbol': 'url(https://tmssl.akamaized.net/images/wappen/verysmall/14171_1586122022.png?lm=1586122022)'}}, {'y': 3250000, 'verein': 'Montpellier HSC', 'age': '26', 'mw': '€3.25m', 'datum_mw': 'Aug 7, 2014', 'x': 1407362400000, 'marker': {'symbol': 'url(https://tmssl.akamaized.net/images/wappen/verysmall/969_1436983689.png?lm=1436983689)'}}, {'y': 2500000, 'verein': 'Montpellier HSC', 'age': '26', 'mw': '€2.50m', 'datum_mw': 'Jan 14, 2015', 'x': 1421190000000, 'marker': {'symbol': 'url(https://tmssl.akamaized.net/images/wappen/verysmall/969_1436983689.png?lm=1436983689)'}}, {'y': 2500000, 'verein': 'Montpellier HSC', 'age': '27', 'mw': '€2.50m', 'datum_mw': 'Jun 6, 2015', 'x': 1433541600000, 'marker': {'symbol': 'url(https://tmssl.akamaized.net/images/wappen/verysmall/969_1436983689.png?lm=1436983689)'}}, {'y': 2000000, 'verein': 'Montpellier HSC', 'age': '27', 'mw': '€2.00m', 'datum_mw': 'Feb 4, 2016', 'x': 1454540400000, 'marker': {'symbol': 'url(https://tmssl.akamaized.net/images/wappen/verysmall/969.png?lm=1459072367)'}}, {'y': 1500000, 'verein': 'Montpellier HSC', 'age': '28', 'mw': '€1.50m', 'datum_mw': 'Jul 13, 2016', 'x': 1468360800000, 'marker': {'symbol': 'url(https://tmssl.akamaized.net/images/wappen/verysmall/969.png?lm=1459072367)'}}, {'y': 1500000, 'verein': 'Angers SCO', 'age': '28', 'mw': '€1.50m', 'datum_mw': 'Jan 16, 2017', 'x': 1484521200000, 'marker': {'symbol': 'url(https://tmssl.akamaized.net/images/wappen/verysmall/1420_1621808333.png?lm=1621808334)'}}, {'y': 1500000, 'verein': 'Angers SCO', 'age': '29', 'mw': '€1.50m', 'datum_mw': 'Jun 1, 2017', 'x': 1496268000000, 'marker': {'symbol': 'url(https://tmssl.akamaized.net/images/wappen/verysmall/1420_1621808333.png?lm=1621808334)'}}, {'y': 750000, 'verein': 'Pafos FC', 'age': '29', 'mw': '€750Th.', 'datum_mw': 'Apr 26, 2018', 'x': 1524693600000, 'marker': {'symbol': 'url(https://tmssl.akamaized.net/images/wappen/verysmall/45457_1534711605.png?lm=1534711605)'}}, {'y': 450000, 'verein': 'Pafos FC', 'age': '30', 'mw': '€450Th.', 'datum_mw': 'Dec 31, 2018', 'x': 1546210800000, 'marker': {'symbol': 'url(https://tmssl.akamaized.net/images/wappen/verysmall/45457.png?lm=1534711579)'}}, {'y': 450000, 'verein': 'Riga FC', 'age': '30', 'mw': '€450Th.', 'datum_mw': 'Mar 22, 2019', 'x': 1553209200000, 'marker': {'symbol': 'url(https://tmssl.akamaized.net/images/wappen/verysmall/48325.png?lm=1458498444)'}}, {'y': 450000, 'verein': 'Pafos FC', 'age': '31', 'mw': '€450Th.', 'datum_mw': 'Sep 24, 2019', 'x': 1569276000000, 'marker': {'symbol': 'url(https://tmssl.akamaized.net/images/wappen/verysmall/45457.png?lm=1534711579)'}}, {'y': 250000, 'verein': 'Pafos FC', 'age': '31', 'mw': '€250Th.', 'datum_mw': 'Jan 6, 2020', 'x': 1578265200000, 'marker': {'symbol': 'url(https://tmssl.akamaized.net/images/wappen/verysmall/45457.png?lm=1534711579)'}}, {'y': 250000, 'verein': 'Pafos FC', 'age': '32', 'mw': '€250Th.', 'datum_mw': 'Oct 6, 2020', 'x': 1601935200000, 'marker': {'symbol': 'url(https://tmssl.akamaized.net/images/wappen/verysmall/45457.png?lm=1534711579)'}}, {'y': 250000, 'verein': 'Pafos FC', 'age': '33', 'mw': '€250Th.', 'datum_mw': 'May 14, 2021', 'x': 1620943200000, 'marker': {'symbol': 'url(https://tmssl.akamaized.net/images/wappen/verysmall/45457.png?lm=1534711579)'}}, {'y': 150000, 'verein': 'Pafos FC', 'age': '33', 'mw': '€150Th.', 'datum_mw': 'Jan 11, 2022', 'x': 1641855600000, 'marker': {'symbol': 'url(https://tmssl.akamaized.net/images/wappen/verysmall/45457.png?lm=1534711579)'}}, {'y': 100000, 'verein': 'Pafos FC', 'age': '34', 'mw': '€100Th.', 'datum_mw': 'Jun 20, 2022', 'x': 1655676000000, 'marker': {'symbol': 'url(https://tmssl.akamaized.net/images/wappen/verysmall/45457.png?lm=1534711579)'}}]}]	-	1	193'						Option for a further year
Gian Franco Salerno																																					
Marko Jovanovic																																					
