Name	Date of birth	Place of birth	Age	Height	Citizenship	Position	Foot	Current club	Joined	Contract expires	CL Appearances	Squad	Appearances	PPG	Goals	Assists	Sub on	Sub off	Yellow cards	Seccond Yellow Cards	Red cards	Goals conceded	Clean sheets	Minutes played	Market Values	Name in home country	Own goals	Penalty goals	Minutes per goal	Player agent
Burhan Mustafa	Jul 22, 1990	Skopje	31	1,91 m	North Macedonia	Goalkeeper	right	Rabotnicki Skopje	Jan 8, 2021	-	0.0	32	15	1.67	-	-	-	-	1	-	-	15	4	1.350'	[{'type': 'line', 'name': 'Market value', 'data': [{'y': 25000, 'verein': 'FK Milano Kumanovo', 'age': '19', 'mw': '€25Th.', 'datum_mw': 'Feb 11, 2010', 'x': 1265842800000, 'marker': {'symbol': 'url(https://tmssl.akamaized.net/images/wappen/verysmall/12657.png?lm=1527018274)'}}, {'y': 0, 'verein': 'Unknown', 'age': '21', 'mw': '-', 'datum_mw': 'Jan 16, 2012', 'x': 1326668400000, 'marker': {'symbol': 'url(https://tmssl.akamaized.net/images/wappen/verysmall/75.png?lm=1456997316)'}}, {'y': 25000, 'verein': 'FC Shkupi', 'age': '26', 'mw': '€25Th.', 'datum_mw': 'Jun 17, 2017', 'x': 1497650400000, 'marker': {'symbol': 'url(https://tmssl.akamaized.net/images/wappen/verysmall/4644.png?lm=1655361197)'}}, {'y': 25000, 'verein': 'FC Shkupi', 'age': '27', 'mw': '€25Th.', 'datum_mw': 'Dec 14, 2017', 'x': 1513206000000, 'marker': {'symbol': 'url(https://tmssl.akamaized.net/images/wappen/verysmall/4644.png?lm=1655361197)'}}, {'y': 25000, 'verein': 'FC Shkupi', 'age': '27', 'mw': '€25Th.', 'datum_mw': 'May 26, 2018', 'x': 1527285600000, 'marker': {'symbol': 'url(https://tmssl.akamaized.net/images/wappen/verysmall/4644.png?lm=1655361197)'}}, {'y': 25000, 'verein': 'KF Ferizaj', 'age': '28', 'mw': '€25Th.', 'datum_mw': 'Jun 23, 2019', 'x': 1561240800000, 'marker': {'symbol': 'url(https://tmssl.akamaized.net/images/wappen/verysmall/29051_1641809876.png?lm=1641809877)'}}, {'y': 100000, 'verein': 'Borec Veles', 'age': '29', 'mw': '€100Th.', 'datum_mw': 'Dec 12, 2019', 'x': 1576105200000, 'marker': {'symbol': 'url(https://tmssl.akamaized.net/images/wappen/verysmall/43841.png?lm=1576281445)'}}, {'y': 100000, 'verein': 'Borec Veles', 'age': '30', 'mw': '€100Th.', 'datum_mw': 'Dec 19, 2020', 'x': 1608332400000, 'marker': {'symbol': 'url(https://tmssl.akamaized.net/images/wappen/verysmall/43841.png?lm=1576281445)'}}, {'y': 50000, 'verein': 'Rabotnicki Skopje', 'age': '30', 'mw': '€50Th.', 'datum_mw': 'May 18, 2021', 'x': 1621288800000, 'marker': {'symbol': 'url(https://tmssl.akamaized.net/images/wappen/verysmall/4641.png?lm=1493281373)'}}, {'y': 50000, 'verein': 'Rabotnicki Skopje', 'age': '31', 'mw': '€50Th.', 'datum_mw': 'Dec 16, 2021', 'x': 1639609200000, 'marker': {'symbol': 'url(https://tmssl.akamaized.net/images/wappen/verysmall/4641.png?lm=1493281373)'}}, {'y': 125000, 'verein': 'Rabotnicki Skopje', 'age': '31', 'mw': '€125Th.', 'datum_mw': 'May 17, 2022', 'x': 1652738400000, 'marker': {'symbol': 'url(https://tmssl.akamaized.net/images/wappen/verysmall/4641.png?lm=1493281373)'}}]}]					
Bojan Timevski																														
Momcilo Raso																														
Drasko Djordjevic	Aug 1, 1993	Belgrad	28	1,84 m	Serbia	Defender - Centre-Back	left	Rabotnicki Skopje	Jan 20, 2022	-	0.0	32	32	1.41	1	3	-	-	9	-	-			2.880'	[{'type': 'line', 'name': 'Market value', 'data': [{'y': 50000, 'verein': 'Al-Mojzel', 'age': '25', 'mw': '€50Th.', 'datum_mw': 'Dec 31, 2018', 'x': 1546210800000, 'marker': {'symbol': 'url(https://tmssl.akamaized.net/images/wappen/verysmall/51716.png?lm=1467567704)'}}, {'y': 150000, 'verein': 'FK Spartak Subotica', 'age': '25', 'mw': '€150Th.', 'datum_mw': 'Jun 9, 2019', 'x': 1560031200000, 'marker': {'symbol': 'url(https://tmssl.akamaized.net/images/wappen/verysmall/15276.png?lm=1420204934)'}}, {'y': 125000, 'verein': 'FK Sindjelic Belgrad', 'age': '26', 'mw': '€125Th.', 'datum_mw': 'Dec 10, 2019', 'x': 1575932400000, 'marker': {'symbol': 'url(https://tmssl.akamaized.net/images/wappen/verysmall/12931.png?lm=1543082367)'}}, {'y': 250000, 'verein': 'Rabotnicki Skopje', 'age': '27', 'mw': '€250Th.', 'datum_mw': 'Dec 19, 2020', 'x': 1608332400000, 'marker': {'symbol': 'url(https://tmssl.akamaized.net/images/wappen/verysmall/4641.png?lm=1493281373)'}}, {'y': 250000, 'verein': 'Rabotnicki Skopje', 'age': '27', 'mw': '€250Th.', 'datum_mw': 'May 18, 2021', 'x': 1621288800000, 'marker': {'symbol': 'url(https://tmssl.akamaized.net/images/wappen/verysmall/4641.png?lm=1493281373)'}}, {'y': 150000, 'verein': 'FK Rad', 'age': '28', 'mw': '€150Th.', 'datum_mw': 'Dec 25, 2021', 'x': 1640386800000, 'marker': {'symbol': 'url(https://tmssl.akamaized.net/images/wappen/verysmall/902.png?lm=1445329513)'}}, {'y': 175000, 'verein': 'Rabotnicki Skopje', 'age': '28', 'mw': '€175Th.', 'datum_mw': 'May 17, 2022', 'x': 1652738400000, 'marker': {'symbol': 'url(https://tmssl.akamaized.net/images/wappen/verysmall/4641.png?lm=1493281373)'}}]}]	Драшко Ђорђевић	-	-	2.880'	
Andrej Kirovski	Feb 11, 1999	Skopje	23	1,84 m	North Macedonia	Defender - Centre-Back	right	Rabotnicki Skopje	Jan 8, 2021	-	0.0	29	11	1.18	-	-	1	2	3	1	-			888'	[{'type': 'line', 'name': 'Market value', 'data': [{'y': 25000, 'verein': 'Sileks Kratovo', 'age': '21', 'mw': '€25Th.', 'datum_mw': 'Dec 19, 2020', 'x': 1608332400000, 'marker': {'symbol': 'url(https://tmssl.akamaized.net/images/wappen/verysmall/535.png?lm=1420288170)'}}, {'y': 100000, 'verein': 'Rabotnicki Skopje', 'age': '22', 'mw': '€100Th.', 'datum_mw': 'May 18, 2021', 'x': 1621288800000, 'marker': {'symbol': 'url(https://tmssl.akamaized.net/images/wappen/verysmall/4641.png?lm=1493281373)'}}, {'y': 100000, 'verein': 'Rabotnicki Skopje', 'age': '22', 'mw': '€100Th.', 'datum_mw': 'Dec 16, 2021', 'x': 1639609200000, 'marker': {'symbol': 'url(https://tmssl.akamaized.net/images/wappen/verysmall/4641.png?lm=1493281373)'}}, {'y': 100000, 'verein': 'Rabotnicki Skopje', 'age': '23', 'mw': '€100Th.', 'datum_mw': 'May 17, 2022', 'x': 1652738400000, 'marker': {'symbol': 'url(https://tmssl.akamaized.net/images/wappen/verysmall/4641.png?lm=1493281373)'}}]}]	Андреј Кировски	-	-	-	Cevahir Management
Marjan Ristovski	Jul 25, 1996	Gevgelija	25	1,71 m	North Macedonia	Defender - Left-Back	right	Rabotnicki Skopje	Jan 8, 2021	-	0.0	32	32	1.44	5	3	4	3	8	-	-			2.542'	[{'type': 'line', 'name': 'Market value', 'data': [{'y': 50000, 'verein': 'Borec Veles', 'age': '24', 'mw': '€50Th.', 'datum_mw': 'Aug 1, 2020', 'x': 1596232800000, 'marker': {'symbol': 'url(https://tmssl.akamaized.net/images/wappen/verysmall/43841.png?lm=1576281445)'}}, {'y': 300000, 'verein': 'Borec Veles', 'age': '24', 'mw': '€300Th.', 'datum_mw': 'Dec 19, 2020', 'x': 1608332400000, 'marker': {'symbol': 'url(https://tmssl.akamaized.net/images/wappen/verysmall/43841.png?lm=1576281445)'}}, {'y': 300000, 'verein': 'Rabotnicki Skopje', 'age': '24', 'mw': '€300Th.', 'datum_mw': 'May 18, 2021', 'x': 1621288800000, 'marker': {'symbol': 'url(https://tmssl.akamaized.net/images/wappen/verysmall/4641.png?lm=1493281373)'}}, {'y': 300000, 'verein': 'Rabotnicki Skopje', 'age': '25', 'mw': '€300Th.', 'datum_mw': 'Dec 16, 2021', 'x': 1639609200000, 'marker': {'symbol': 'url(https://tmssl.akamaized.net/images/wappen/verysmall/4641.png?lm=1493281373)'}}, {'y': 300000, 'verein': 'Rabotnicki Skopje', 'age': '25', 'mw': '€300Th.', 'datum_mw': 'May 17, 2022', 'x': 1652738400000, 'marker': {'symbol': 'url(https://tmssl.akamaized.net/images/wappen/verysmall/4641.png?lm=1493281373)'}}]}]	Марјан Ристовски	-	-	508'	
Din Alomerovic	Jun 29, 1997	Skopje	24	1,74 m	North Macedonia	Defender - Left-Back	left	Rabotnicki Skopje	Aug 20, 2021	-	0.0	25	23	1.48	1	-	4	10	2	-	-			1.596'	[{'type': 'line', 'name': 'Market value', 'data': [{'y': 100000, 'verein': 'Makedonija Gjorce Petrov', 'age': '19', 'mw': '€100Th.', 'datum_mw': 'Dec 14, 2016', 'x': 1481670000000, 'marker': {'symbol': 'url(https://tmssl.akamaized.net/images/wappen/verysmall/8397.png?lm=1455376608)'}}, {'y': 150000, 'verein': 'Makedonija Gjorce Petrov', 'age': '19', 'mw': '€150Th.', 'datum_mw': 'Jun 17, 2017', 'x': 1497650400000, 'marker': {'symbol': 'url(https://tmssl.akamaized.net/images/wappen/verysmall/8397.png?lm=1455376608)'}}, {'y': 100000, 'verein': 'Celta Vigo B', 'age': '20', 'mw': '€100Th.', 'datum_mw': 'Feb 18, 2018', 'x': 1518908400000, 'marker': {'symbol': 'url(https://tmssl.akamaized.net/images/wappen/verysmall/8733.png?lm=1406966406)'}}, {'y': 100000, 'verein': 'Celta Vigo B', 'age': '21', 'mw': '€100Th.', 'datum_mw': 'Nov 23, 2018', 'x': 1542927600000, 'marker': {'symbol': 'url(https://tmssl.akamaized.net/images/wappen/verysmall/8733.png?lm=1406966406)'}}, {'y': 100000, 'verein': 'Salamanca CF UDS', 'age': '21', 'mw': '€100Th.', 'datum_mw': 'Feb 19, 2019', 'x': 1550530800000, 'marker': {'symbol': 'url(https://tmssl.akamaized.net/images/wappen/verysmall/42039.png?lm=1570363107)'}}, {'y': 100000, 'verein': 'Salamanca CF UDS', 'age': '22', 'mw': '€100Th.', 'datum_mw': 'Jun 29, 2019', 'x': 1561759200000, 'marker': {'symbol': 'url(https://tmssl.akamaized.net/images/wappen/verysmall/42039.png?lm=1570363107)'}}, {'y': 100000, 'verein': 'CF La Nucía', 'age': '22', 'mw': '€100Th.', 'datum_mw': 'Sep 10, 2019', 'x': 1568066400000, 'marker': {'symbol': 'url(https://tmssl.akamaized.net/images/wappen/verysmall/14796.png?lm=1620564332)'}}, {'y': 100000, 'verein': 'Real Balompédica Linense', 'age': '23', 'mw': '€100Th.', 'datum_mw': 'Oct 8, 2020', 'x': 1602108000000, 'marker': {'symbol': 'url(https://tmssl.akamaized.net/images/wappen/verysmall/12605.png?lm=1493065501)'}}, {'y': 100000, 'verein': 'Real Balompédica Linense', 'age': '23', 'mw': '€100Th.', 'datum_mw': 'Jan 8, 2021', 'x': 1610060400000, 'marker': {'symbol': 'url(https://tmssl.akamaized.net/images/wappen/verysmall/12605.png?lm=1493065501)'}}, {'y': 100000, 'verein': 'Real Balompédica Linense', 'age': '24', 'mw': '€100Th.', 'datum_mw': 'Jun 30, 2021', 'x': 1625004000000, 'marker': {'symbol': 'url(https://tmssl.akamaized.net/images/wappen/verysmall/12605.png?lm=1493065501)'}}, {'y': 150000, 'verein': 'Rabotnicki Skopje', 'age': '24', 'mw': '€150Th.', 'datum_mw': 'Dec 16, 2021', 'x': 1639609200000, 'marker': {'symbol': 'url(https://tmssl.akamaized.net/images/wappen/verysmall/4641.png?lm=1493281373)'}}, {'y': 200000, 'verein': 'Rabotnicki Skopje', 'age': '24', 'mw': '€200Th.', 'datum_mw': 'May 17, 2022', 'x': 1652738400000, 'marker': {'symbol': 'url(https://tmssl.akamaized.net/images/wappen/verysmall/4641.png?lm=1493281373)'}}]}]	Дин Аломеровиќ	-	-	1.596'	
Dimitrij Poposki																														
Bojan Ilievski	Sep 1, 1999	Bitola	22	1,82 m	North Macedonia	Defender - Right-Back	right	Rabotnicki Skopje	Jul 1, 2021	-	0.0	32	31	1.32	1	4	2	4	7	-	-			2.635'	[{'type': 'line', 'name': 'Market value', 'data': [{'y': 100000, 'verein': 'Pelister Bitola', 'age': '18', 'mw': '€100Th.', 'datum_mw': 'May 26, 2018', 'x': 1527285600000, 'marker': {'symbol': 'url(https://tmssl.akamaized.net/images/wappen/verysmall/534.png?lm=1420288205)'}}, {'y': 150000, 'verein': 'Pelister Bitola', 'age': '20', 'mw': '€150Th.', 'datum_mw': 'Aug 1, 2020', 'x': 1596232800000, 'marker': {'symbol': 'url(https://tmssl.akamaized.net/images/wappen/verysmall/534.png?lm=1420288205)'}}, {'y': 200000, 'verein': 'Pelister Bitola', 'age': '21', 'mw': '€200Th.', 'datum_mw': 'Dec 19, 2020', 'x': 1608332400000, 'marker': {'symbol': 'url(https://tmssl.akamaized.net/images/wappen/verysmall/534.png?lm=1420288205)'}}, {'y': 250000, 'verein': 'Pelister Bitola', 'age': '21', 'mw': '€250Th.', 'datum_mw': 'May 18, 2021', 'x': 1621288800000, 'marker': {'symbol': 'url(https://tmssl.akamaized.net/images/wappen/verysmall/534.png?lm=1420288205)'}}, {'y': 250000, 'verein': 'Rabotnicki Skopje', 'age': '22', 'mw': '€250Th.', 'datum_mw': 'Dec 16, 2021', 'x': 1639609200000, 'marker': {'symbol': 'url(https://tmssl.akamaized.net/images/wappen/verysmall/4641.png?lm=1493281373)'}}, {'y': 250000, 'verein': 'Rabotnicki Skopje', 'age': '22', 'mw': '€250Th.', 'datum_mw': 'May 17, 2022', 'x': 1652738400000, 'marker': {'symbol': 'url(https://tmssl.akamaized.net/images/wappen/verysmall/4641.png?lm=1493281373)'}}]}]	Бојан Илиевски	-	-	2.635'	
Rafael Goes																														
Dimitar Todorovski	Mar 7, 2002	Skopje	20	1,77 m	North Macedonia	midfield - Defensive Midfield	left	Rabotnicki Skopje	Jul 1, 2019	Jun 30, 2023	0.0	33	33	1.45	2	3	7	22	3	-	-			1.967'	[{'type': 'line', 'name': 'Market value', 'data': [{'y': 100000, 'verein': 'Rabotnicki Skopje', 'age': '17', 'mw': '€100Th.', 'datum_mw': 'Dec 12, 2019', 'x': 1576105200000, 'marker': {'symbol': 'url(https://tmssl.akamaized.net/images/wappen/verysmall/4641.png?lm=1493281373)'}}, {'y': 250000, 'verein': 'Rabotnicki Skopje', 'age': '18', 'mw': '€250Th.', 'datum_mw': 'Dec 19, 2020', 'x': 1608332400000, 'marker': {'symbol': 'url(https://tmssl.akamaized.net/images/wappen/verysmall/4641.png?lm=1493281373)'}}, {'y': 250000, 'verein': 'Rabotnicki Skopje', 'age': '19', 'mw': '€250Th.', 'datum_mw': 'May 18, 2021', 'x': 1621288800000, 'marker': {'symbol': 'url(https://tmssl.akamaized.net/images/wappen/verysmall/4641.png?lm=1493281373)'}}, {'y': 250000, 'verein': 'Rabotnicki Skopje', 'age': '19', 'mw': '€250Th.', 'datum_mw': 'Dec 16, 2021', 'x': 1639609200000, 'marker': {'symbol': 'url(https://tmssl.akamaized.net/images/wappen/verysmall/4641.png?lm=1493281373)'}}, {'y': 200000, 'verein': 'Rabotnicki Skopje', 'age': '20', 'mw': '€200Th.', 'datum_mw': 'May 17, 2022', 'x': 1652738400000, 'marker': {'symbol': 'url(https://tmssl.akamaized.net/images/wappen/verysmall/4641.png?lm=1493281373)'}}]}]	Димитар Тодоровски	-	-	984'	Ab9sportmanagement
Matej Angelov	Jul 11, 2004	Stip	17	1,78 m	North Macedonia	midfield - Defensive Midfield	right	Rabotnicki Skopje	Jul 1, 2021	-	0.0	4	3	2.33	-	-	3	-	1	-	-			31'	[{'type': 'line', 'name': 'Market value', 'data': [{'y': 75000, 'verein': 'Rabotnicki Skopje', 'age': '17', 'mw': '€75Th.', 'datum_mw': 'May 17, 2022', 'x': 1652738400000, 'marker': {'symbol': 'url(https://tmssl.akamaized.net/images/wappen/verysmall/4641.png?lm=1493281373)'}}]}]	Матеј Ангелов	-	-	-	
Damjan Trajanovski																														
Ivo Janakievski																														
Arbin Zejnullai	Feb 15, 1999	Tetovo	23	1,77 m	"Albania
  North Macedonia"	midfield - Central Midfield	right	Rabotnicki Skopje	Jan 13, 2022	Dec 31, 2023	0.0	35	31	2.39	-	3	21	7	4	-	-			976'	[{'type': 'line', 'name': 'Market value', 'data': [{'y': 100000, 'verein': 'Shkendija Tetovo', 'age': '18', 'mw': '€100Th.', 'datum_mw': 'Jun 17, 2017', 'x': 1497650400000, 'marker': {'symbol': 'url(https://tmssl.akamaized.net/images/wappen/verysmall/1167.png?lm=1649330451)'}}, {'y': 100000, 'verein': 'Shkendija Tetovo', 'age': '18', 'mw': '€100Th.', 'datum_mw': 'Dec 14, 2017', 'x': 1513206000000, 'marker': {'symbol': 'url(https://tmssl.akamaized.net/images/wappen/verysmall/1167.png?lm=1649330451)'}}, {'y': 100000, 'verein': 'Shkendija Tetovo', 'age': '19', 'mw': '€100Th.', 'datum_mw': 'May 26, 2018', 'x': 1527285600000, 'marker': {'symbol': 'url(https://tmssl.akamaized.net/images/wappen/verysmall/1167.png?lm=1649330451)'}}, {'y': 100000, 'verein': 'Shkendija Tetovo', 'age': '19', 'mw': '€100Th.', 'datum_mw': 'Dec 12, 2018', 'x': 1544569200000, 'marker': {'symbol': 'url(https://tmssl.akamaized.net/images/wappen/verysmall/1167.png?lm=1649330451)'}}, {'y': 100000, 'verein': 'Shkendija Tetovo', 'age': '20', 'mw': '€100Th.', 'datum_mw': 'May 29, 2019', 'x': 1559080800000, 'marker': {'symbol': 'url(https://tmssl.akamaized.net/images/wappen/verysmall/1167.png?lm=1649330451)'}}, {'y': 75000, 'verein': 'Shkendija Tetovo', 'age': '20', 'mw': '€75Th.', 'datum_mw': 'Dec 12, 2019', 'x': 1576105200000, 'marker': {'symbol': 'url(https://tmssl.akamaized.net/images/wappen/verysmall/1167.png?lm=1649330451)'}}, {'y': 100000, 'verein': 'Shkendija Tetovo', 'age': '21', 'mw': '€100Th.', 'datum_mw': 'Dec 19, 2020', 'x': 1608332400000, 'marker': {'symbol': 'url(https://tmssl.akamaized.net/images/wappen/verysmall/1167.png?lm=1649330451)'}}, {'y': 100000, 'verein': 'Shkendija Tetovo', 'age': '22', 'mw': '€100Th.', 'datum_mw': 'May 18, 2021', 'x': 1621288800000, 'marker': {'symbol': 'url(https://tmssl.akamaized.net/images/wappen/verysmall/1167.png?lm=1649330451)'}}, {'y': 50000, 'verein': 'NK Lokomotiva Zagreb', 'age': '22', 'mw': '€50Th.', 'datum_mw': 'Dec 30, 2021', 'x': 1640818800000, 'marker': {'symbol': 'url(https://tmssl.akamaized.net/images/wappen/verysmall/11194.png?lm=1505567651)'}}, {'y': 150000, 'verein': 'Rabotnicki Skopje', 'age': '23', 'mw': '€150Th.', 'datum_mw': 'May 17, 2022', 'x': 1652738400000, 'marker': {'symbol': 'url(https://tmssl.akamaized.net/images/wappen/verysmall/4641.png?lm=1493281373)'}}]}]		-	-	-	Top Talent11
Armend Alimi 	Dec 11, 1987	Kumanovo	34	1,78 m	North Macedonia	midfield - Central Midfield	right	Rabotnicki Skopje	Jan 1, 2021	-	0.0	31	31	2.29	3	10	3	4	7	1	-			2.566'	[{'type': 'line', 'name': 'Market value', 'data': [{'y': 200000, 'verein': 'FK Milano Kumanovo', 'age': '20', 'mw': '€200Th.', 'datum_mw': 'Apr 14, 2008', 'x': 1208124000000, 'marker': {'symbol': 'url(https://tmssl.akamaized.net/images/wappen/verysmall/12657.png?lm=1527018274)'}}, {'y': 575000, 'verein': 'FK Milano Kumanovo', 'age': '21', 'mw': '€575Th.', 'datum_mw': 'Mar 6, 2009', 'x': 1236294000000, 'marker': {'symbol': 'url(https://tmssl.akamaized.net/images/wappen/verysmall/12657.png?lm=1527018274)'}}, {'y': 725000, 'verein': 'FK Milano Kumanovo', 'age': '21', 'mw': '€725Th.', 'datum_mw': 'Jun 21, 2009', 'x': 1245535200000, 'marker': {'symbol': 'url(https://tmssl.akamaized.net/images/wappen/verysmall/12657.png?lm=1527018274)'}}, {'y': 750000, 'verein': 'NK Istra 1961', 'age': '21', 'mw': '€750Th.', 'datum_mw': 'Sep 21, 2009', 'x': 1253484000000, 'marker': {'symbol': 'url(https://tmssl.akamaized.net/images/wappen/verysmall/999.png?lm=1458922256)'}}, {'y': 600000, 'verein': 'NK Istra 1961', 'age': '22', 'mw': '€600Th.', 'datum_mw': 'Jan 30, 2010', 'x': 1264806000000, 'marker': {'symbol': 'url(https://tmssl.akamaized.net/images/wappen/verysmall/999.png?lm=1458922256)'}}, {'y': 400000, 'verein': 'NK Istra 1961', 'age': '22', 'mw': '€400Th.', 'datum_mw': 'Oct 5, 2010', 'x': 1286229600000, 'marker': {'symbol': 'url(https://tmssl.akamaized.net/images/wappen/verysmall/999.png?lm=1458922256)'}}, {'y': 500000, 'verein': 'NK Istra 1961', 'age': '23', 'mw': '€500Th.', 'datum_mw': 'Feb 21, 2011', 'x': 1298242800000, 'marker': {'symbol': 'url(https://tmssl.akamaized.net/images/wappen/verysmall/999.png?lm=1458922256)'}}, {'y': 500000, 'verein': 'NK Istra 1961', 'age': '23', 'mw': '€500Th.', 'datum_mw': 'Sep 27, 2011', 'x': 1317074400000, 'marker': {'symbol': 'url(https://tmssl.akamaized.net/images/wappen/verysmall/999.png?lm=1458922256)'}}, {'y': 500000, 'verein': 'Shkendija Tetovo', 'age': '27', 'mw': '€500Th.', 'datum_mw': 'Dec 14, 2014', 'x': 1418511600000, 'marker': {'symbol': 'url(https://tmssl.akamaized.net/images/wappen/verysmall/1167.png?lm=1649330451)'}}, {'y': 500000, 'verein': 'Shkendija Tetovo', 'age': '27', 'mw': '€500Th.', 'datum_mw': 'Jul 7, 2015', 'x': 1436220000000, 'marker': {'symbol': 'url(https://tmssl.akamaized.net/images/wappen/verysmall/1167.png?lm=1649330451)'}}, {'y': 500000, 'verein': 'Shkendija Tetovo', 'age': '28', 'mw': '€500Th.', 'datum_mw': 'Dec 17, 2015', 'x': 1450306800000, 'marker': {'symbol': 'url(https://tmssl.akamaized.net/images/wappen/verysmall/1167.png?lm=1649330451)'}}, {'y': 500000, 'verein': 'Shkendija Tetovo', 'age': '28', 'mw': '€500Th.', 'datum_mw': 'May 25, 2016', 'x': 1464127200000, 'marker': {'symbol': 'url(https://tmssl.akamaized.net/images/wappen/verysmall/1167.png?lm=1649330451)'}}, {'y': 500000, 'verein': 'Shkendija Tetovo', 'age': '29', 'mw': '€500Th.', 'datum_mw': 'Dec 14, 2016', 'x': 1481670000000, 'marker': {'symbol': 'url(https://tmssl.akamaized.net/images/wappen/verysmall/1167.png?lm=1649330451)'}}, {'y': 500000, 'verein': 'Shkendija Tetovo', 'age': '29', 'mw': '€500Th.', 'datum_mw': 'Jun 17, 2017', 'x': 1497650400000, 'marker': {'symbol': 'url(https://tmssl.akamaized.net/images/wappen/verysmall/1167.png?lm=1649330451)'}}, {'y': 500000, 'verein': 'Shkendija Tetovo', 'age': '30', 'mw': '€500Th.', 'datum_mw': 'Dec 14, 2017', 'x': 1513206000000, 'marker': {'symbol': 'url(https://tmssl.akamaized.net/images/wappen/verysmall/1167.png?lm=1649330451)'}}, {'y': 500000, 'verein': 'Shkendija Tetovo', 'age': '30', 'mw': '€500Th.', 'datum_mw': 'May 26, 2018', 'x': 1527285600000, 'marker': {'symbol': 'url(https://tmssl.akamaized.net/images/wappen/verysmall/1167.png?lm=1649330451)'}}, {'y': 500000, 'verein': 'Shkendija Tetovo', 'age': '31', 'mw': '€500Th.', 'datum_mw': 'Dec 12, 2018', 'x': 1544569200000, 'marker': {'symbol': 'url(https://tmssl.akamaized.net/images/wappen/verysmall/1167.png?lm=1649330451)'}}, {'y': 500000, 'verein': 'Shkendija Tetovo', 'age': '31', 'mw': '€500Th.', 'datum_mw': 'May 29, 2019', 'x': 1559080800000, 'marker': {'symbol': 'url(https://tmssl.akamaized.net/images/wappen/verysmall/1167.png?lm=1649330451)'}}, {'y': 500000, 'verein': 'Shkendija Tetovo', 'age': '32', 'mw': '€500Th.', 'datum_mw': 'Dec 12, 2019', 'x': 1576105200000, 'marker': {'symbol': 'url(https://tmssl.akamaized.net/images/wappen/verysmall/1167.png?lm=1649330451)'}}, {'y': 400000, 'verein': 'Shkendija Tetovo', 'age': '32', 'mw': '€400Th.', 'datum_mw': 'Apr 8, 2020', 'x': 1586296800000, 'marker': {'symbol': 'url(https://tmssl.akamaized.net/images/wappen/verysmall/1167.png?lm=1649330451)'}}, {'y': 300000, 'verein': 'Shkendija Tetovo', 'age': '33', 'mw': '€300Th.', 'datum_mw': 'Dec 19, 2020', 'x': 1608332400000, 'marker': {'symbol': 'url(https://tmssl.akamaized.net/images/wappen/verysmall/1167.png?lm=1649330451)'}}, {'y': 250000, 'verein': 'Rabotnicki Skopje', 'age': '33', 'mw': '€250Th.', 'datum_mw': 'May 18, 2021', 'x': 1621288800000, 'marker': {'symbol': 'url(https://tmssl.akamaized.net/images/wappen/verysmall/4641.png?lm=1493281373)'}}, {'y': 150000, 'verein': 'Rabotnicki Skopje', 'age': '34', 'mw': '€150Th.', 'datum_mw': 'Dec 16, 2021', 'x': 1639609200000, 'marker': {'symbol': 'url(https://tmssl.akamaized.net/images/wappen/verysmall/4641.png?lm=1493281373)'}}, {'y': 50000, 'verein': 'Rabotnicki Skopje', 'age': '34', 'mw': '€50Th.', 'datum_mw': 'May 17, 2022', 'x': 1652738400000, 'marker': {'symbol': 'url(https://tmssl.akamaized.net/images/wappen/verysmall/4641.png?lm=1493281373)'}}]}]		-	-	855'	Racasport
Simeon Hristov	Sep 4, 1992	Skopje	29	1,83 m	North Macedonia	attack - Left Winger	right	Rabotnicki Skopje	Jan 8, 2022	-	0.0	1	1	3.00	-	-	-	1	-	-	-			80'	[{'type': 'line', 'name': 'Market value', 'data': [{'y': 50000, 'verein': 'Vardar Skopje', 'age': '17', 'mw': '€50Th.', 'datum_mw': 'May 20, 2010', 'x': 1274306400000, 'marker': {'symbol': 'url(https://tmssl.akamaized.net/images/wappen/verysmall/77.png?lm=1609772239)'}}, {'y': 150000, 'verein': 'Vardar Skopje', 'age': '17', 'mw': '€150Th.', 'datum_mw': 'Jul 21, 2010', 'x': 1279663200000, 'marker': {'symbol': 'url(https://tmssl.akamaized.net/images/wappen/verysmall/77.png?lm=1609772239)'}}, {'y': 100000, 'verein': 'Vasas SC', 'age': '18', 'mw': '€100Th.', 'datum_mw': 'Feb 17, 2011', 'x': 1297897200000, 'marker': {'symbol': 'url(https://tmssl.akamaized.net/images/wappen/verysmall/5378_1437865280.png?lm=1437865280)'}}, {'y': 75000, 'verein': 'Egri FC', 'age': '19', 'mw': '€75Th.', 'datum_mw': 'Sep 21, 2011', 'x': 1316556000000, 'marker': {'symbol': 'url(https://tmssl.akamaized.net/images/wappen/verysmall/27397.png?lm=1490219352)'}}, {'y': 100000, 'verein': 'Egri FC', 'age': '19', 'mw': '€100Th.', 'datum_mw': 'Jul 25, 2012', 'x': 1343167200000, 'marker': {'symbol': 'url(https://tmssl.akamaized.net/images/wappen/verysmall/27397.png?lm=1490219352)'}}, {'y': 100000, 'verein': 'Egri FC', 'age': '20', 'mw': '€100Th.', 'datum_mw': 'Jan 5, 2013', 'x': 1357340400000, 'marker': {'symbol': 'url(https://tmssl.akamaized.net/images/wappen/verysmall/27397.png?lm=1490219352)'}}, {'y': 150000, 'verein': 'Teteks Tetovo', 'age': '22', 'mw': '€150Th.', 'datum_mw': 'Dec 14, 2014', 'x': 1418511600000, 'marker': {'symbol': 'url(https://tmssl.akamaized.net/images/wappen/verysmall/21775.png?lm=1420288102)'}}, {'y': 125000, 'verein': 'Euromilk Gorno Lisice', 'age': '22', 'mw': '€125Th.', 'datum_mw': 'Jul 7, 2015', 'x': 1436220000000, 'marker': {'symbol': 'url(https://tmssl.akamaized.net/images/wappen/verysmall/35146.png?lm=1571231027)'}}, {'y': 0, 'verein': 'Euromilk Gorno Lisice', 'age': '23', 'mw': '-', 'datum_mw': 'Jan 1, 2016', 'x': 1451602800000, 'marker': {'symbol': 'url(https://tmssl.akamaized.net/images/wappen/verysmall/35146.png?lm=1571231027)'}}, {'y': 150000, 'verein': 'Southern Myanmar FC', 'age': '24', 'mw': '€150Th.', 'datum_mw': 'Apr 6, 2017', 'x': 1491429600000, 'marker': {'symbol': 'url(https://tmssl.akamaized.net/images/wappen/verysmall/57307.png?lm=1481146535)'}}, {'y': 150000, 'verein': 'Borec Veles', 'age': '27', 'mw': '€150Th.', 'datum_mw': 'Dec 12, 2019', 'x': 1576105200000, 'marker': {'symbol': 'url(https://tmssl.akamaized.net/images/wappen/verysmall/43841.png?lm=1576281445)'}}, {'y': 150000, 'verein': 'Tikves Kavadarci', 'age': '29', 'mw': '€150Th.', 'datum_mw': 'Dec 16, 2021', 'x': 1639609200000, 'marker': {'symbol': 'url(https://tmssl.akamaized.net/images/wappen/verysmall/8969.png?lm=1576281574)'}}, {'y': 100000, 'verein': 'Rabotnicki Skopje', 'age': '29', 'mw': '€100Th.', 'datum_mw': 'May 17, 2022', 'x': 1652738400000, 'marker': {'symbol': 'url(https://tmssl.akamaized.net/images/wappen/verysmall/4641.png?lm=1493281373)'}}]}]	Симеон Христов	-	-	-	
Metodi Maksimov	Aug 20, 2002	Kocani	19	1,78 m	North Macedonia	attack - Right Winger	right	Rabotnicki Skopje	Jul 1, 2020	-	0.0	27	25	1.64	-	2	13	5	6	1	-			1.106'	[{'type': 'line', 'name': 'Market value', 'data': [{'y': 100000, 'verein': 'Rabotnicki Skopje', 'age': '18', 'mw': '€100Th.', 'datum_mw': 'Dec 19, 2020', 'x': 1608332400000, 'marker': {'symbol': 'url(https://tmssl.akamaized.net/images/wappen/verysmall/4641.png?lm=1493281373)'}}, {'y': 150000, 'verein': 'Rabotnicki Skopje', 'age': '18', 'mw': '€150Th.', 'datum_mw': 'May 18, 2021', 'x': 1621288800000, 'marker': {'symbol': 'url(https://tmssl.akamaized.net/images/wappen/verysmall/4641.png?lm=1493281373)'}}, {'y': 150000, 'verein': 'Rabotnicki Skopje', 'age': '19', 'mw': '€150Th.', 'datum_mw': 'Dec 16, 2021', 'x': 1639609200000, 'marker': {'symbol': 'url(https://tmssl.akamaized.net/images/wappen/verysmall/4641.png?lm=1493281373)'}}, {'y': 200000, 'verein': 'Rabotnicki Skopje', 'age': '19', 'mw': '€200Th.', 'datum_mw': 'May 17, 2022', 'x': 1652738400000, 'marker': {'symbol': 'url(https://tmssl.akamaized.net/images/wappen/verysmall/4641.png?lm=1493281373)'}}]}]	Методи Максимов	-	-	-	Soccer11
Anes Rusevic 	Dec 2, 1996	Novi Pazar	25	1,83 m	Serbia	attack - Centre-Forward	right	Rabotnicki Skopje	Jan 12, 2022	-	0.0	39	30	1.27	1	2	24	4	3	-	-			755'	[{'type': 'line', 'name': 'Market value', 'data': [{'y': 50000, 'verein': 'FK Novi Pazar', 'age': '18', 'mw': '€50Th.', 'datum_mw': 'Jun 15, 2015', 'x': 1434319200000, 'marker': {'symbol': 'url(https://tmssl.akamaized.net/images/wappen/verysmall/4633.png?lm=1411382255)'}}, {'y': 150000, 'verein': 'FK Novi Pazar', 'age': '18', 'mw': '€150Th.', 'datum_mw': 'Nov 23, 2015', 'x': 1448233200000, 'marker': {'symbol': 'url(https://tmssl.akamaized.net/images/wappen/verysmall/4633.png?lm=1411382255)'}}, {'y': 150000, 'verein': 'FK Novi Pazar', 'age': '19', 'mw': '€150Th.', 'datum_mw': 'May 29, 2016', 'x': 1464472800000, 'marker': {'symbol': 'url(https://tmssl.akamaized.net/images/wappen/verysmall/4633.png?lm=1411382255)'}}, {'y': 200000, 'verein': 'FK Novi Pazar', 'age': '20', 'mw': '€200Th.', 'datum_mw': 'Dec 18, 2016', 'x': 1482015600000, 'marker': {'symbol': 'url(https://tmssl.akamaized.net/images/wappen/verysmall/4633.png?lm=1411382255)'}}, {'y': 200000, 'verein': 'BATE Borisov', 'age': '20', 'mw': '€200Th.', 'datum_mw': 'Jul 5, 2017', 'x': 1499205600000, 'marker': {'symbol': 'url(https://tmssl.akamaized.net/images/wappen/verysmall/713_1459681438.png?lm=1459681438)'}}, {'y': 150000, 'verein': 'BATE Borisov', 'age': '20', 'mw': '€150Th.', 'datum_mw': 'Nov 30, 2017', 'x': 1511996400000, 'marker': {'symbol': 'url(https://tmssl.akamaized.net/images/wappen/verysmall/713_1459681438.png?lm=1459681438)'}}, {'y': 350000, 'verein': 'FK Napredak Krusevac', 'age': '21', 'mw': '€350Th.', 'datum_mw': 'Jul 2, 2018', 'x': 1530482400000, 'marker': {'symbol': 'url(https://tmssl.akamaized.net/images/wappen/verysmall/788.png?lm=1420204769)'}}, {'y': 300000, 'verein': 'FK Napredak Krusevac', 'age': '22', 'mw': '€300Th.', 'datum_mw': 'Jan 14, 2019', 'x': 1547420400000, 'marker': {'symbol': 'url(https://tmssl.akamaized.net/images/wappen/verysmall/788.png?lm=1420204769)'}}, {'y': 250000, 'verein': 'FK Napredak Krusevac', 'age': '22', 'mw': '€250Th.', 'datum_mw': 'Jun 9, 2019', 'x': 1560031200000, 'marker': {'symbol': 'url(https://tmssl.akamaized.net/images/wappen/verysmall/788.png?lm=1420204769)'}}, {'y': 200000, 'verein': 'FK Proleter Novi Sad', 'age': '22', 'mw': '€200Th.', 'datum_mw': 'Oct 28, 2019', 'x': 1572217200000, 'marker': {'symbol': 'url(https://tmssl.akamaized.net/images/wappen/verysmall/19488.png?lm=1586916069)'}}, {'y': 250000, 'verein': 'FK Proleter Novi Sad', 'age': '23', 'mw': '€250Th.', 'datum_mw': 'Jun 28, 2020', 'x': 1593295200000, 'marker': {'symbol': 'url(https://tmssl.akamaized.net/images/wappen/verysmall/19488.png?lm=1586916069)'}}, {'y': 200000, 'verein': 'FK Javor-Matis Ivanjica', 'age': '24', 'mw': '€200Th.', 'datum_mw': 'Dec 22, 2020', 'x': 1608591600000, 'marker': {'symbol': 'url(https://tmssl.akamaized.net/images/wappen/verysmall/8819.png?lm=1420205090)'}}, {'y': 150000, 'verein': 'FK Javor-Matis Ivanjica', 'age': '24', 'mw': '€150Th.', 'datum_mw': 'Jun 12, 2021', 'x': 1623448800000, 'marker': {'symbol': 'url(https://tmssl.akamaized.net/images/wappen/verysmall/8819.png?lm=1420205090)'}}, {'y': 150000, 'verein': 'Rabotnicki Skopje', 'age': '25', 'mw': '€150Th.', 'datum_mw': 'May 17, 2022', 'x': 1652738400000, 'marker': {'symbol': 'url(https://tmssl.akamaized.net/images/wappen/verysmall/4641.png?lm=1493281373)'}}]}]	Анес Рушевић	-	-	755'	Balkan Scout
Mario Stankovski	Sep 6, 1999	Berlin	22	1,88 m	North Macedonia	attack - Centre-Forward	right	Rabotnicki Skopje	Jul 1, 2017	-	0.0	28	25	1.64	6	1	10	11	-	-	-			1.271'	[{'type': 'line', 'name': 'Market value', 'data': [{'y': 25000, 'verein': 'Rabotnicki Skopje', 'age': '18', 'mw': '€25Th.', 'datum_mw': 'May 26, 2018', 'x': 1527285600000, 'marker': {'symbol': 'url(https://tmssl.akamaized.net/images/wappen/verysmall/4641.png?lm=1493281373)'}}, {'y': 25000, 'verein': 'Rabotnicki Skopje', 'age': '19', 'mw': '€25Th.', 'datum_mw': 'Dec 12, 2018', 'x': 1544569200000, 'marker': {'symbol': 'url(https://tmssl.akamaized.net/images/wappen/verysmall/4641.png?lm=1493281373)'}}, {'y': 50000, 'verein': 'Borec Veles', 'age': '21', 'mw': '€50Th.', 'datum_mw': 'Dec 19, 2020', 'x': 1608332400000, 'marker': {'symbol': 'url(https://tmssl.akamaized.net/images/wappen/verysmall/43841.png?lm=1576281445)'}}, {'y': 200000, 'verein': 'Rabotnicki Skopje', 'age': '21', 'mw': '€200Th.', 'datum_mw': 'May 18, 2021', 'x': 1621288800000, 'marker': {'symbol': 'url(https://tmssl.akamaized.net/images/wappen/verysmall/4641.png?lm=1493281373)'}}, {'y': 150000, 'verein': 'Rabotnicki Skopje', 'age': '22', 'mw': '€150Th.', 'datum_mw': 'Dec 16, 2021', 'x': 1639609200000, 'marker': {'symbol': 'url(https://tmssl.akamaized.net/images/wappen/verysmall/4641.png?lm=1493281373)'}}, {'y': 150000, 'verein': 'Rabotnicki Skopje', 'age': '22', 'mw': '€150Th.', 'datum_mw': 'May 17, 2022', 'x': 1652738400000, 'marker': {'symbol': 'url(https://tmssl.akamaized.net/images/wappen/verysmall/4641.png?lm=1493281373)'}}]}]	Марио Станковски	-	-	212'	
