Name	Name in home country	Date of birth	Place of birth	Age	Height	Citizenship	Position	Foot	Player agent	Current club	Joined	Contract expires	CL Appearances	Squad	Appearances	PPG	Goals	Assists	Sub on	Sub off	Yellow cards	Seccond Yellow Cards	Red cards	Goals conceded	Clean sheets	Minutes played	Market Values	Social-Media	2nd club	Date of last contract extension	Own goals	Penalty goals	Minutes per goal	Full name	Contract option	Outfitter	On loan from	Contract there expires
Salahat Agayev	Səlahət Nüsrət oğlu Ağayev	Jan 4, 1991	Füzuli	31	1,90 m	Azerbaijan	Goalkeeper	right	008 Agency	Sabah FK	Jul 1, 2021	Jun 30, 2022	0	22	3	0.67	-	-	-	-	-	-	-	3	1	270'	[{'type': 'line', 'name': 'Market value', 'data': [{'y': 350000, 'verein': 'FK Inter Baku', 'age': '23', 'mw': '€350Th.', 'datum_mw': 'Feb 21, 2014', 'x': 1392937200000, 'marker': {'symbol': 'url(https://tmssl.akamaized.net/images/wappen/verysmall/8956_1510958520.png?lm=1510958520)'}}, {'y': 400000, 'verein': 'FK Inter Baku', 'age': '24', 'mw': '€400Th.', 'datum_mw': 'Apr 18, 2015', 'x': 1429308000000, 'marker': {'symbol': 'url(https://tmssl.akamaized.net/images/wappen/verysmall/8956_1510958520.png?lm=1510958520)'}}, {'y': 400000, 'verein': 'FK Inter Baku', 'age': '24', 'mw': '€400Th.', 'datum_mw': 'Sep 28, 2015', 'x': 1443391200000, 'marker': {'symbol': 'url(https://tmssl.akamaized.net/images/wappen/verysmall/8956_1510958520.png?lm=1510958520)'}}, {'y': 400000, 'verein': 'FK Inter Baku', 'age': '25', 'mw': '€400Th.', 'datum_mw': 'Sep 20, 2016', 'x': 1474322400000, 'marker': {'symbol': 'url(https://tmssl.akamaized.net/images/wappen/verysmall/8956_1510958520.png?lm=1510958520)'}}, {'y': 600000, 'verein': 'Neftchi Baku', 'age': '27', 'mw': '€600Th.', 'datum_mw': 'Dec 27, 2018', 'x': 1545865200000, 'marker': {'symbol': 'url(https://tmssl.akamaized.net/images/wappen/verysmall/8031.png?lm=1413225658)'}}, {'y': 700000, 'verein': 'Neftchi Baku', 'age': '28', 'mw': '€700Th.', 'datum_mw': 'May 25, 2019', 'x': 1558735200000, 'marker': {'symbol': 'url(https://tmssl.akamaized.net/images/wappen/verysmall/8031.png?lm=1413225658)'}}, {'y': 750000, 'verein': 'Neftchi Baku', 'age': '28', 'mw': '€750Th.', 'datum_mw': 'Sep 7, 2019', 'x': 1567807200000, 'marker': {'symbol': 'url(https://tmssl.akamaized.net/images/wappen/verysmall/8031.png?lm=1413225658)'}}, {'y': 900000, 'verein': 'Neftchi Baku', 'age': '28', 'mw': '€900Th.', 'datum_mw': 'Dec 27, 2019', 'x': 1577401200000, 'marker': {'symbol': 'url(https://tmssl.akamaized.net/images/wappen/verysmall/8031.png?lm=1413225658)'}}, {'y': 725000, 'verein': 'Neftchi Baku', 'age': '29', 'mw': '€725Th.', 'datum_mw': 'Apr 8, 2020', 'x': 1586296800000, 'marker': {'symbol': 'url(https://tmssl.akamaized.net/images/wappen/verysmall/8031.png?lm=1413225658)'}}, {'y': 700000, 'verein': 'Neftchi Baku', 'age': '29', 'mw': '€700Th.', 'datum_mw': 'Jun 29, 2020', 'x': 1593381600000, 'marker': {'symbol': 'url(https://tmssl.akamaized.net/images/wappen/verysmall/8031.png?lm=1413225658)'}}, {'y': 500000, 'verein': 'Neftchi Baku', 'age': '29', 'mw': '€500Th.', 'datum_mw': 'Dec 30, 2020', 'x': 1609282800000, 'marker': {'symbol': 'url(https://tmssl.akamaized.net/images/wappen/verysmall/8031.png?lm=1413225658)'}}, {'y': 250000, 'verein': 'Neftchi Baku', 'age': '30', 'mw': '€250Th.', 'datum_mw': 'May 31, 2021', 'x': 1622412000000, 'marker': {'symbol': 'url(https://tmssl.akamaized.net/images/wappen/verysmall/8031.png?lm=1413225658)'}}, {'y': 250000, 'verein': 'Sabah FK', 'age': '30', 'mw': '€250Th.', 'datum_mw': 'Dec 30, 2021', 'x': 1640818800000, 'marker': {'symbol': 'url(https://tmssl.akamaized.net/images/wappen/verysmall/63993.png?lm=1515972229)'}}, {'y': 200000, 'verein': 'Sabah FK', 'age': '31', 'mw': '€200Th.', 'datum_mw': 'May 24, 2022', 'x': 1653343200000, 'marker': {'symbol': 'url(https://tmssl.akamaized.net/images/wappen/verysmall/63993.png?lm=1515972229)'}}]}]											
Yusif Imanov	Yusif İmanov	Sep 27, 2002		19	1,92 m	Azerbaijan	Goalkeeper			Sabah FK	Jan 1, 2022	-	0	4	-			-	-	-	-	-	-	-	-	-	[{'type': 'line', 'name': 'Market value', 'data': [{'y': 150000, 'verein': 'Sabah FK', 'age': '19', 'mw': '€150Th.', 'datum_mw': 'May 24, 2022', 'x': 1653343200000, 'marker': {'symbol': 'url(https://tmssl.akamaized.net/images/wappen/verysmall/63993.png?lm=1515972229)'}}]}]											
Aleksandr Nechaev	Нечаев Александр Александрович	Apr 21, 1994	Brest	28	1,89 m	Belarus	Goalkeeper			Sabah FK	Jan 19, 2022	Jun 30, 2023	0	30	1	3.00	-	-	-	-	-	-	-	1	-	90'	[{'type': 'line', 'name': 'Market value', 'data': [{'y': 50000, 'verein': 'Unknown', 'age': '19', 'mw': '€50Th.', 'datum_mw': 'Mar 5, 2014', 'x': 1393974000000, 'marker': {'symbol': 'url(https://tmssl.akamaized.net/images/wappen/verysmall/75.png?lm=1456997316)'}}, {'y': 50000, 'verein': 'Dynamo Brest', 'age': '21', 'mw': '€50Th.', 'datum_mw': 'Nov 20, 2015', 'x': 1447974000000, 'marker': {'symbol': 'url(https://tmssl.akamaized.net/images/wappen/verysmall/6131.png?lm=1486547330)'}}, {'y': 50000, 'verein': 'Dynamo Brest', 'age': '22', 'mw': '€50Th.', 'datum_mw': 'Jun 15, 2016', 'x': 1465941600000, 'marker': {'symbol': 'url(https://tmssl.akamaized.net/images/wappen/verysmall/6131.png?lm=1486547330)'}}, {'y': 0, 'verein': 'Rukh Brest (- 2022)', 'age': '24', 'mw': '-', 'datum_mw': 'Jun 1, 2018', 'x': 1527804000000, 'marker': {'symbol': 'url(https://tmssl.akamaized.net/images/wappen/verysmall/63130_1585903724.png?lm=1585903725)'}}, {'y': 0, 'verein': 'Rukh Brest (- 2022)', 'age': '25', 'mw': '-', 'datum_mw': 'Aug 14, 2019', 'x': 1565733600000, 'marker': {'symbol': 'url(https://tmssl.akamaized.net/images/wappen/verysmall/63130_1585903724.png?lm=1585903725)'}}, {'y': 150000, 'verein': 'Rukh Brest (- 2022)', 'age': '25', 'mw': '€150Th.', 'datum_mw': 'Mar 28, 2020', 'x': 1585350000000, 'marker': {'symbol': 'url(https://tmssl.akamaized.net/images/wappen/verysmall/63130_1585903724.png?lm=1585903725)'}}, {'y': 150000, 'verein': 'Rukh Brest (- 2022)', 'age': '26', 'mw': '€150Th.', 'datum_mw': 'Jul 3, 2020', 'x': 1593727200000, 'marker': {'symbol': 'url(https://tmssl.akamaized.net/images/wappen/verysmall/63130.png?lm=1585903755)'}}, {'y': 100000, 'verein': 'Rukh Brest (- 2022)', 'age': '26', 'mw': '€100Th.', 'datum_mw': 'Dec 8, 2020', 'x': 1607382000000, 'marker': {'symbol': 'url(https://tmssl.akamaized.net/images/wappen/verysmall/63130.png?lm=1585903755)'}}, {'y': 100000, 'verein': 'Rukh Brest (- 2022)', 'age': '27', 'mw': '€100Th.', 'datum_mw': 'Jun 25, 2021', 'x': 1624572000000, 'marker': {'symbol': 'url(https://tmssl.akamaized.net/images/wappen/verysmall/63130.png?lm=1585903755)'}}, {'y': 100000, 'verein': 'Rukh Brest (- 2022)', 'age': '27', 'mw': '€100Th.', 'datum_mw': 'Dec 9, 2021', 'x': 1639004400000, 'marker': {'symbol': 'url(https://tmssl.akamaized.net/images/wappen/verysmall/63130.png?lm=1585903755)'}}, {'y': 100000, 'verein': 'Sabah FK', 'age': '28', 'mw': '€100Th.', 'datum_mw': 'May 24, 2022', 'x': 1653343200000, 'marker': {'symbol': 'url(https://tmssl.akamaized.net/images/wappen/verysmall/63993.png?lm=1515972229)'}}]}]											
Rüstam Samiqullin	Samiqullin Rüstəm	Dec 23, 2002		19	1,88 m	"Azerbaijan
  Russia"	Goalkeeper	right		Sabah FK	Jul 1, 2020	Jun 30, 2022	0	11	1			-	-	-	-	-	-	-	2	-	[{'type': 'line', 'name': 'Market value', 'data': [{'y': 25000, 'verein': 'Sabah FK', 'age': '18', 'mw': '€25Th.', 'datum_mw': 'May 31, 2021', 'x': 1622412000000, 'marker': {'symbol': 'url(https://tmssl.akamaized.net/images/wappen/verysmall/63993.png?lm=1515972229)'}}, {'y': 25000, 'verein': 'Sabah FK', 'age': '19', 'mw': '€25Th.', 'datum_mw': 'Dec 30, 2021', 'x': 1640818800000, 'marker': {'symbol': 'url(https://tmssl.akamaized.net/images/wappen/verysmall/63993.png?lm=1515972229)'}}, {'y': 50000, 'verein': 'Sabah FK', 'age': '19', 'mw': '€50Th.', 'datum_mw': 'May 24, 2022', 'x': 1653343200000, 'marker': {'symbol': 'url(https://tmssl.akamaized.net/images/wappen/verysmall/63993.png?lm=1515972229)'}}]}]		FK Sabah II (#31)									
Zurab Ochigava	Очігава Зураб Таймазович	May 18, 1995	Kyiv	27	1,86 m	Ukraine	Defender - Centre-Back	left	ProStar	Sabah FK	Feb 18, 2021	Jun 30, 2022	0	15	14	1.64	1	1	-	4	5	-	-			1.188'	[{'type': 'line', 'name': 'Market value', 'data': [{'y': 100000, 'verein': 'Illichivets Mariupol', 'age': '19', 'mw': '€100Th.', 'datum_mw': 'Mar 10, 2015', 'x': 1425942000000, 'marker': {'symbol': 'url(https://tmssl.akamaized.net/images/wappen/verysmall/6993_1499197981.png?lm=1499197981)'}}, {'y': 200000, 'verein': 'Illichivets Mariupol', 'age': '20', 'mw': '€200Th.', 'datum_mw': 'Jun 7, 2015', 'x': 1433628000000, 'marker': {'symbol': 'url(https://tmssl.akamaized.net/images/wappen/verysmall/6993_1499197981.png?lm=1499197981)'}}, {'y': 250000, 'verein': 'Dynamo 2 Kyiv', 'age': '20', 'mw': '€250Th.', 'datum_mw': 'Sep 26, 2015', 'x': 1443218400000, 'marker': {'symbol': 'url(https://tmssl.akamaized.net/images/wappen/verysmall/6249.png?lm=1442954715)'}}, {'y': 400000, 'verein': 'Dynamo Kyiv', 'age': '21', 'mw': '€400Th.', 'datum_mw': 'Jan 3, 2017', 'x': 1483398000000, 'marker': {'symbol': 'url(https://tmssl.akamaized.net/images/wappen/verysmall/338.png?lm=1442954715)'}}, {'y': 600000, 'verein': 'Dynamo Kyiv', 'age': '22', 'mw': '€600Th.', 'datum_mw': 'Jun 26, 2017', 'x': 1498428000000, 'marker': {'symbol': 'url(https://tmssl.akamaized.net/images/wappen/verysmall/338.png?lm=1442954715)'}}, {'y': 500000, 'verein': 'Olimpik Donetsk', 'age': '22', 'mw': '€500Th.', 'datum_mw': 'Jan 12, 2018', 'x': 1515711600000, 'marker': {'symbol': 'url(https://tmssl.akamaized.net/images/wappen/verysmall/23611_1553350777.png?lm=1553350777)'}}, {'y': 500000, 'verein': 'Dynamo Kyiv', 'age': '23', 'mw': '€500Th.', 'datum_mw': 'Aug 6, 2018', 'x': 1533506400000, 'marker': {'symbol': 'url(https://tmssl.akamaized.net/images/wappen/verysmall/338.png?lm=1442954715)'}}, {'y': 500000, 'verein': 'Dynamo Kyiv', 'age': '23', 'mw': '€500Th.', 'datum_mw': 'Dec 10, 2018', 'x': 1544396400000, 'marker': {'symbol': 'url(https://tmssl.akamaized.net/images/wappen/verysmall/338.png?lm=1442954715)'}}, {'y': 450000, 'verein': 'SK Dnipro-1', 'age': '23', 'mw': '€450Th.', 'datum_mw': 'Mar 25, 2019', 'x': 1553468400000, 'marker': {'symbol': 'url(https://tmssl.akamaized.net/images/wappen/verysmall/60551.png?lm=1507128660)'}}, {'y': 400000, 'verein': 'SK Dnipro-1', 'age': '24', 'mw': '€400Th.', 'datum_mw': 'Jun 16, 2019', 'x': 1560636000000, 'marker': {'symbol': 'url(https://tmssl.akamaized.net/images/wappen/verysmall/60551.png?lm=1507128660)'}}, {'y': 200000, 'verein': 'Vorskla Poltava', 'age': '24', 'mw': '€200Th.', 'datum_mw': 'Jan 8, 2020', 'x': 1578438000000, 'marker': {'symbol': 'url(https://tmssl.akamaized.net/images/wappen/verysmall/2740.png?lm=1420985318)'}}, {'y': 250000, 'verein': 'FCI Levadia', 'age': '25', 'mw': '€250Th.', 'datum_mw': 'Jul 21, 2020', 'x': 1595282400000, 'marker': {'symbol': 'url(https://tmssl.akamaized.net/images/wappen/verysmall/5771.png?lm=1645607598)'}}, {'y': 250000, 'verein': 'Sabah FK', 'age': '26', 'mw': '€250Th.', 'datum_mw': 'May 31, 2021', 'x': 1622412000000, 'marker': {'symbol': 'url(https://tmssl.akamaized.net/images/wappen/verysmall/63993.png?lm=1515972229)'}}, {'y': 300000, 'verein': 'Sabah FK', 'age': '26', 'mw': '€300Th.', 'datum_mw': 'Dec 30, 2021', 'x': 1640818800000, 'marker': {'symbol': 'url(https://tmssl.akamaized.net/images/wappen/verysmall/63993.png?lm=1515972229)'}}, {'y': 350000, 'verein': 'Sabah FK', 'age': '27', 'mw': '€350Th.', 'datum_mw': 'May 24, 2022', 'x': 1653343200000, 'marker': {'symbol': 'url(https://tmssl.akamaized.net/images/wappen/verysmall/63993.png?lm=1515972229)'}}]}]			May 27, 2021	-	-	1.188'					
Bakhtiyar Hasanalizada	Bəxtiyar Bəyqulu Həsənalizadə	Dec 29, 1992	Baku	29	1,87 m	Azerbaijan	Defender - Centre-Back	right	GR AGENCY	Sabah FK	Jan 1, 2021	Jun 30, 2023	0	14	8	0.75	-	-	-	2	1	-	-			708'	[{'type': 'line', 'name': 'Market value', 'data': [{'y': 100000, 'verein': 'Sumgayit PFC', 'age': '21', 'mw': '€100Th.', 'datum_mw': 'Feb 20, 2014', 'x': 1392850800000, 'marker': {'symbol': 'url(https://tmssl.akamaized.net/images/wappen/verysmall/36999_1564074130.png?lm=1564074130)'}}, {'y': 125000, 'verein': 'Sumgayit PFC', 'age': '22', 'mw': '€125Th.', 'datum_mw': 'Apr 18, 2015', 'x': 1429308000000, 'marker': {'symbol': 'url(https://tmssl.akamaized.net/images/wappen/verysmall/36999_1564074130.png?lm=1564074130)'}}, {'y': 75000, 'verein': 'Sumgayit PFC', 'age': '23', 'mw': '€75Th.', 'datum_mw': 'Sep 20, 2016', 'x': 1474322400000, 'marker': {'symbol': 'url(https://tmssl.akamaized.net/images/wappen/verysmall/36999_1564074130.png?lm=1564074130)'}}, {'y': 400000, 'verein': 'Sumgayit PFC', 'age': '25', 'mw': '€400Th.', 'datum_mw': 'Dec 27, 2018', 'x': 1545865200000, 'marker': {'symbol': 'url(https://tmssl.akamaized.net/images/wappen/verysmall/36999_1564074130.png?lm=1564074130)'}}, {'y': 500000, 'verein': 'Zira FC', 'age': '26', 'mw': '€500Th.', 'datum_mw': 'May 25, 2019', 'x': 1558735200000, 'marker': {'symbol': 'url(https://tmssl.akamaized.net/images/wappen/verysmall/46710.png?lm=1553022308)'}}, {'y': 400000, 'verein': 'Zira FC', 'age': '26', 'mw': '€400Th.', 'datum_mw': 'Dec 27, 2019', 'x': 1577401200000, 'marker': {'symbol': 'url(https://tmssl.akamaized.net/images/wappen/verysmall/46710.png?lm=1553022308)'}}, {'y': 325000, 'verein': 'Zira FC', 'age': '27', 'mw': '€325Th.', 'datum_mw': 'Apr 8, 2020', 'x': 1586296800000, 'marker': {'symbol': 'url(https://tmssl.akamaized.net/images/wappen/verysmall/46710.png?lm=1553022308)'}}, {'y': 275000, 'verein': 'Zira FC', 'age': '27', 'mw': '€275Th.', 'datum_mw': 'Jun 29, 2020', 'x': 1593381600000, 'marker': {'symbol': 'url(https://tmssl.akamaized.net/images/wappen/verysmall/46710.png?lm=1553022308)'}}, {'y': 200000, 'verein': 'Without Club', 'age': '28', 'mw': '€200Th.', 'datum_mw': 'Dec 30, 2020', 'x': 1609282800000, 'marker': {'symbol': 'url(https://tmssl.akamaized.net/images/wappen/verysmall/515.png?lm=1456997255)'}}, {'y': 200000, 'verein': 'Sabah FK', 'age': '28', 'mw': '€200Th.', 'datum_mw': 'May 31, 2021', 'x': 1622412000000, 'marker': {'symbol': 'url(https://tmssl.akamaized.net/images/wappen/verysmall/63993.png?lm=1515972229)'}}, {'y': 300000, 'verein': 'Sabah FK', 'age': '29', 'mw': '€300Th.', 'datum_mw': 'Dec 30, 2021', 'x': 1640818800000, 'marker': {'symbol': 'url(https://tmssl.akamaized.net/images/wappen/verysmall/63993.png?lm=1515972229)'}}, {'y': 350000, 'verein': 'Sabah FK', 'age': '29', 'mw': '€350Th.', 'datum_mw': 'May 24, 2022', 'x': 1653343200000, 'marker': {'symbol': 'url(https://tmssl.akamaized.net/images/wappen/verysmall/63993.png?lm=1515972229)'}}]}]			Jun 5, 2022	-	-	-					
Spiro Pericic	Špiro Peričić	Oct 8, 1993	Split	28	1,84 m	Croatia	Defender - Centre-Back	right	ProStar	Sabah FK	Aug 17, 2021	Jun 30, 2022	0	29	26	1.77	1	1	2	1	3	-	-			2.149'	[{'type': 'line', 'name': 'Market value', 'data': [{'y': 50000, 'verein': 'HNK Hajduk Split', 'age': '18', 'mw': '€50Th.', 'datum_mw': 'Feb 29, 2012', 'x': 1330470000000, 'marker': {'symbol': 'url(https://tmssl.akamaized.net/images/wappen/verysmall/447.png?lm=1404056125)'}}, {'y': 150000, 'verein': 'Slaven Belupo Koprivnica', 'age': '21', 'mw': '€150Th.', 'datum_mw': 'Mar 17, 2015', 'x': 1426546800000, 'marker': {'symbol': 'url(https://tmssl.akamaized.net/images/wappen/verysmall/2362.png?lm=1410727033)'}}, {'y': 100000, 'verein': 'Slaven Belupo Koprivnica', 'age': '22', 'mw': '€100Th.', 'datum_mw': 'Mar 14, 2016', 'x': 1457910000000, 'marker': {'symbol': 'url(https://tmssl.akamaized.net/images/wappen/verysmall/2362.png?lm=1410727033)'}}, {'y': 250000, 'verein': 'HNK Cibalia Vinkovci', 'age': '24', 'mw': '€250Th.', 'datum_mw': 'Oct 23, 2017', 'x': 1508709600000, 'marker': {'symbol': 'url(https://tmssl.akamaized.net/images/wappen/verysmall/314.png?lm=1444730037)'}}, {'y': 150000, 'verein': 'HNK Cibalia Vinkovci', 'age': '24', 'mw': '€150Th.', 'datum_mw': 'Mar 18, 2018', 'x': 1521327600000, 'marker': {'symbol': 'url(https://tmssl.akamaized.net/images/wappen/verysmall/314.png?lm=1444730037)'}}, {'y': 150000, 'verein': 'NS Mura', 'age': '24', 'mw': '€150Th.', 'datum_mw': 'Aug 3, 2018', 'x': 1533247200000, 'marker': {'symbol': 'url(https://tmssl.akamaized.net/images/wappen/verysmall/4059.png?lm=1620378189)'}}, {'y': 300000, 'verein': 'NS Mura', 'age': '25', 'mw': '€300Th.', 'datum_mw': 'Mar 8, 2019', 'x': 1551999600000, 'marker': {'symbol': 'url(https://tmssl.akamaized.net/images/wappen/verysmall/4059.png?lm=1620378189)'}}, {'y': 400000, 'verein': 'NS Mura', 'age': '25', 'mw': '€400Th.', 'datum_mw': 'Jun 24, 2019', 'x': 1561327200000, 'marker': {'symbol': 'url(https://tmssl.akamaized.net/images/wappen/verysmall/4059.png?lm=1620378189)'}}, {'y': 400000, 'verein': 'NK Maribor', 'age': '26', 'mw': '€400Th.', 'datum_mw': 'Dec 27, 2019', 'x': 1577401200000, 'marker': {'symbol': 'url(https://tmssl.akamaized.net/images/wappen/verysmall/790.png?lm=1537520961)'}}, {'y': 325000, 'verein': 'NK Maribor', 'age': '26', 'mw': '€325Th.', 'datum_mw': 'Apr 8, 2020', 'x': 1586296800000, 'marker': {'symbol': 'url(https://tmssl.akamaized.net/images/wappen/verysmall/790.png?lm=1537520961)'}}, {'y': 500000, 'verein': 'NK Maribor', 'age': '26', 'mw': '€500Th.', 'datum_mw': 'Jul 30, 2020', 'x': 1596060000000, 'marker': {'symbol': 'url(https://tmssl.akamaized.net/images/wappen/verysmall/790.png?lm=1537520961)'}}, {'y': 400000, 'verein': 'NK Maribor', 'age': '27', 'mw': '€400Th.', 'datum_mw': 'Jan 6, 2021', 'x': 1609887600000, 'marker': {'symbol': 'url(https://tmssl.akamaized.net/images/wappen/verysmall/790.png?lm=1537520961)'}}, {'y': 500000, 'verein': 'NK Maribor', 'age': '27', 'mw': '€500Th.', 'datum_mw': 'Jun 8, 2021', 'x': 1623103200000, 'marker': {'symbol': 'url(https://tmssl.akamaized.net/images/wappen/verysmall/790.png?lm=1537520961)'}}, {'y': 450000, 'verein': 'Sabah FK', 'age': '28', 'mw': '€450Th.', 'datum_mw': 'Dec 30, 2021', 'x': 1640818800000, 'marker': {'symbol': 'url(https://tmssl.akamaized.net/images/wappen/verysmall/63993.png?lm=1515972229)'}}, {'y': 350000, 'verein': 'Sabah FK', 'age': '28', 'mw': '€350Th.', 'datum_mw': 'May 24, 2022', 'x': 1653343200000, 'marker': {'symbol': 'url(https://tmssl.akamaized.net/images/wappen/verysmall/63993.png?lm=1515972229)'}}]}]				-	-	2.149'					
Higor Gabriel		Apr 28, 1999		23	1,88 m	Brazil	Defender - Centre-Back	right	Maracana-Minsk	Sabah FK	Feb 4, 2022	Dec 31, 2024	0	4	1			-	-	-	-	-	-			-	[{'type': 'line', 'name': 'Market value', 'data': [{'y': 50000, 'verein': 'Unknown', 'age': '20', 'mw': '€50Th.', 'datum_mw': 'Feb 20, 2020', 'x': 1582153200000, 'marker': {'symbol': 'url(https://tmssl.akamaized.net/images/wappen/verysmall/75.png?lm=1456997316)'}}, {'y': 50000, 'verein': 'Unknown', 'age': '21', 'mw': '€50Th.', 'datum_mw': 'Sep 9, 2020', 'x': 1599602400000, 'marker': {'symbol': 'url(https://tmssl.akamaized.net/images/wappen/verysmall/75.png?lm=1456997316)'}}, {'y': 50000, 'verein': 'Unknown', 'age': '22', 'mw': '€50Th.', 'datum_mw': 'May 28, 2021', 'x': 1622152800000, 'marker': {'symbol': 'url(https://tmssl.akamaized.net/images/wappen/verysmall/75.png?lm=1456997316)'}}, {'y': 50000, 'verein': 'Sabah FK', 'age': '23', 'mw': '€50Th.', 'datum_mw': 'May 24, 2022', 'x': 1653343200000, 'marker': {'symbol': 'url(https://tmssl.akamaized.net/images/wappen/verysmall/63993.png?lm=1515972229)'}}]}]				-	-	-	Higor Gabriel Fernandes Alves				
Bojan Letic	Bojan Letić	Dec 21, 1992	Brčko	29	1,84 m	Bosnia-Herzegovina	Defender - Left-Back	left	Adrian Lucan	Sabah FK	Feb 18, 2022	Jun 30, 2023	0	44	17	0.71	-	-	8	3	1	-	-			922'	[{'type': 'line', 'name': 'Market value', 'data': [{'y': 75000, 'verein': 'FK Kozara Gradiska', 'age': '19', 'mw': '€75Th.', 'datum_mw': 'Mar 25, 2012', 'x': 1332630000000, 'marker': {'symbol': 'url(https://tmssl.akamaized.net/images/wappen/verysmall/9860.png?lm=1643492343)'}}, {'y': 100000, 'verein': 'FK Velez Mostar', 'age': '20', 'mw': '€100Th.', 'datum_mw': 'Apr 10, 2013', 'x': 1365544800000, 'marker': {'symbol': 'url(https://tmssl.akamaized.net/images/wappen/verysmall/628_1596177704.png?lm=1596177647)'}}, {'y': 200000, 'verein': 'FK Velez Mostar', 'age': '20', 'mw': '€200Th.', 'datum_mw': 'Nov 5, 2013', 'x': 1383606000000, 'marker': {'symbol': 'url(https://tmssl.akamaized.net/images/wappen/verysmall/628_1596177704.png?lm=1596177647)'}}, {'y': 350000, 'verein': 'MSK Zilina', 'age': '22', 'mw': '€350Th.', 'datum_mw': 'Dec 25, 2014', 'x': 1419462000000, 'marker': {'symbol': 'url(https://tmssl.akamaized.net/images/wappen/verysmall/1443_1647946249.png?lm=1647946249)'}}, {'y': 500000, 'verein': 'MSK Zilina', 'age': '22', 'mw': '€500Th.', 'datum_mw': 'Jun 9, 2015', 'x': 1433800800000, 'marker': {'symbol': 'url(https://tmssl.akamaized.net/images/wappen/verysmall/1443_1647946249.png?lm=1647946249)'}}, {'y': 400000, 'verein': 'MSK Zilina', 'age': '22', 'mw': '€400Th.', 'datum_mw': 'Dec 14, 2015', 'x': 1450047600000, 'marker': {'symbol': 'url(https://tmssl.akamaized.net/images/wappen/verysmall/1443_1647946249.png?lm=1647946249)'}}, {'y': 400000, 'verein': 'MSK Zilina', 'age': '23', 'mw': '€400Th.', 'datum_mw': 'Jun 28, 2016', 'x': 1467064800000, 'marker': {'symbol': 'url(https://tmssl.akamaized.net/images/wappen/verysmall/1443_1647946249.png?lm=1647946249)'}}, {'y': 350000, 'verein': 'MSK Zilina', 'age': '24', 'mw': '€350Th.', 'datum_mw': 'Dec 31, 2016', 'x': 1483138800000, 'marker': {'symbol': 'url(https://tmssl.akamaized.net/images/wappen/verysmall/1443_1647946249.png?lm=1647946249)'}}, {'y': 250000, 'verein': 'MSK Zilina', 'age': '24', 'mw': '€250Th.', 'datum_mw': 'Jun 28, 2017', 'x': 1498600800000, 'marker': {'symbol': 'url(https://tmssl.akamaized.net/images/wappen/verysmall/1443_1647946249.png?lm=1647946249)'}}, {'y': 250000, 'verein': 'MFK Karvina', 'age': '25', 'mw': '€250Th.', 'datum_mw': 'Dec 21, 2017', 'x': 1513810800000, 'marker': {'symbol': 'url(https://tmssl.akamaized.net/images/wappen/verysmall/13726.png?lm=1419785681)'}}, {'y': 250000, 'verein': 'MFK Karvina', 'age': '25', 'mw': '€250Th.', 'datum_mw': 'Jul 14, 2018', 'x': 1531519200000, 'marker': {'symbol': 'url(https://tmssl.akamaized.net/images/wappen/verysmall/13726.png?lm=1419785681)'}}, {'y': 250000, 'verein': 'MFK Karvina', 'age': '26', 'mw': '€250Th.', 'datum_mw': 'Dec 30, 2018', 'x': 1546124400000, 'marker': {'symbol': 'url(https://tmssl.akamaized.net/images/wappen/verysmall/13726.png?lm=1419785681)'}}, {'y': 250000, 'verein': 'MFK Karvina', 'age': '26', 'mw': '€250Th.', 'datum_mw': 'Jun 25, 2019', 'x': 1561413600000, 'marker': {'symbol': 'url(https://tmssl.akamaized.net/images/wappen/verysmall/13726.png?lm=1419785681)'}}, {'y': 250000, 'verein': 'FK Sarajevo', 'age': '27', 'mw': '€250Th.', 'datum_mw': 'Jan 7, 2020', 'x': 1578351600000, 'marker': {'symbol': 'url(https://tmssl.akamaized.net/images/wappen/verysmall/282.png?lm=1454929485)'}}, {'y': 350000, 'verein': 'FK Radnicki Nis', 'age': '27', 'mw': '€350Th.', 'datum_mw': 'Jun 28, 2020', 'x': 1593295200000, 'marker': {'symbol': 'url(https://tmssl.akamaized.net/images/wappen/verysmall/7567.png?lm=1420204988)'}}, {'y': 400000, 'verein': 'CD Mirandés', 'age': '27', 'mw': '€400Th.', 'datum_mw': 'Oct 8, 2020', 'x': 1602108000000, 'marker': {'symbol': 'url(https://tmssl.akamaized.net/images/wappen/verysmall/13222.png?lm=1407484616)'}}, {'y': 300000, 'verein': 'CD Mirandés', 'age': '28', 'mw': '€300Th.', 'datum_mw': 'Jan 8, 2021', 'x': 1610060400000, 'marker': {'symbol': 'url(https://tmssl.akamaized.net/images/wappen/verysmall/13222.png?lm=1407484616)'}}, {'y': 300000, 'verein': 'CD Mirandés', 'age': '28', 'mw': '€300Th.', 'datum_mw': 'Jun 24, 2021', 'x': 1624485600000, 'marker': {'symbol': 'url(https://tmssl.akamaized.net/images/wappen/verysmall/13222.png?lm=1407484616)'}}, {'y': 300000, 'verein': 'CD Mirandés', 'age': '29', 'mw': '€300Th.', 'datum_mw': 'Dec 27, 2021', 'x': 1640559600000, 'marker': {'symbol': 'url(https://tmssl.akamaized.net/images/wappen/verysmall/13222.png?lm=1407484616)'}}, {'y': 300000, 'verein': 'Sabah FK', 'age': '29', 'mw': '€300Th.', 'datum_mw': 'May 24, 2022', 'x': 1653343200000, 'marker': {'symbol': 'url(https://tmssl.akamaized.net/images/wappen/verysmall/63993.png?lm=1515972229)'}}]}]			May 24, 2022	-	-	-		Option for a further year	Nike		
Slavik Alkhasov	Slavik Həsrət oğlu Alxasov	Feb 6, 1993	Qusar	29	1,77 m	Azerbaijan	Defender - Left-Back	left	KHAN Sports Management	Sabah FK	Jul 1, 2020	Jun 30, 2022	0	24	19	0.89	2	1	2	3	3	1	-			1.412'	[{'type': 'line', 'name': 'Market value', 'data': [{'y': 250000, 'verein': 'Xäzär Länkäran', 'age': '21', 'mw': '€250Th.', 'datum_mw': 'Mar 13, 2014', 'x': 1394665200000, 'marker': {'symbol': 'url(https://tmssl.akamaized.net/images/wappen/verysmall/8841.png?lm=1424185564)'}}, {'y': 200000, 'verein': 'Sumgayit PFC', 'age': '22', 'mw': '€200Th.', 'datum_mw': 'Apr 18, 2015', 'x': 1429308000000, 'marker': {'symbol': 'url(https://tmssl.akamaized.net/images/wappen/verysmall/36999_1564074130.png?lm=1564074130)'}}, {'y': 150000, 'verein': 'FK Inter Baku', 'age': '23', 'mw': '€150Th.', 'datum_mw': 'Sep 20, 2016', 'x': 1474322400000, 'marker': {'symbol': 'url(https://tmssl.akamaized.net/images/wappen/verysmall/8956_1510958520.png?lm=1510958520)'}}, {'y': 400000, 'verein': 'FK Keshla', 'age': '25', 'mw': '€400Th.', 'datum_mw': 'Dec 27, 2018', 'x': 1545865200000, 'marker': {'symbol': 'url(https://tmssl.akamaized.net/images/wappen/verysmall/8956_1649568624.png?lm=1649568625)'}}, {'y': 500000, 'verein': 'FK Keshla', 'age': '26', 'mw': '€500Th.', 'datum_mw': 'May 25, 2019', 'x': 1558735200000, 'marker': {'symbol': 'url(https://tmssl.akamaized.net/images/wappen/verysmall/8956_1649568624.png?lm=1649568625)'}}, {'y': 550000, 'verein': 'FK Keshla', 'age': '26', 'mw': '€550Th.', 'datum_mw': 'Dec 27, 2019', 'x': 1577401200000, 'marker': {'symbol': 'url(https://tmssl.akamaized.net/images/wappen/verysmall/8956_1649568624.png?lm=1649568625)'}}, {'y': 450000, 'verein': 'FK Keshla', 'age': '27', 'mw': '€450Th.', 'datum_mw': 'Apr 8, 2020', 'x': 1586296800000, 'marker': {'symbol': 'url(https://tmssl.akamaized.net/images/wappen/verysmall/8956_1649568624.png?lm=1649568625)'}}, {'y': 500000, 'verein': 'FK Keshla', 'age': '27', 'mw': '€500Th.', 'datum_mw': 'Jun 29, 2020', 'x': 1593381600000, 'marker': {'symbol': 'url(https://tmssl.akamaized.net/images/wappen/verysmall/8956_1649568624.png?lm=1649568625)'}}, {'y': 400000, 'verein': 'Sabah FK', 'age': '27', 'mw': '€400Th.', 'datum_mw': 'Dec 30, 2020', 'x': 1609282800000, 'marker': {'symbol': 'url(https://tmssl.akamaized.net/images/wappen/verysmall/63993.png?lm=1515972229)'}}, {'y': 350000, 'verein': 'Sabah FK', 'age': '28', 'mw': '€350Th.', 'datum_mw': 'May 31, 2021', 'x': 1622412000000, 'marker': {'symbol': 'url(https://tmssl.akamaized.net/images/wappen/verysmall/63993.png?lm=1515972229)'}}, {'y': 300000, 'verein': 'Sabah FK', 'age': '28', 'mw': '€300Th.', 'datum_mw': 'Dec 30, 2021', 'x': 1640818800000, 'marker': {'symbol': 'url(https://tmssl.akamaized.net/images/wappen/verysmall/63993.png?lm=1515972229)'}}, {'y': 250000, 'verein': 'Sabah FK', 'age': '29', 'mw': '€250Th.', 'datum_mw': 'May 24, 2022', 'x': 1653343200000, 'marker': {'symbol': 'url(https://tmssl.akamaized.net/images/wappen/verysmall/63993.png?lm=1515972229)'}}]}]				-	-	706'					
Amin Seydiyev 	Amin Sabir oğlu Seydiyev	Nov 15, 1998	Baku	23	1,83 m	Azerbaijan	Defender - Right-Back	right	008 Agency	Sabah FK	Jul 1, 2020	Jun 30, 2023	0	29	25	0.96	1	-	3	2	3	-	-			2.004'	[{'type': 'line', 'name': 'Market value', 'data': [{'y': 100000, 'verein': 'FK Qabala', 'age': '20', 'mw': '€100Th.', 'datum_mw': 'Feb 26, 2019', 'x': 1551135600000, 'marker': {'symbol': 'url(https://tmssl.akamaized.net/images/wappen/verysmall/22010.png?lm=1627492326)'}}, {'y': 250000, 'verein': 'FK Qabala', 'age': '20', 'mw': '€250Th.', 'datum_mw': 'May 25, 2019', 'x': 1558735200000, 'marker': {'symbol': 'url(https://tmssl.akamaized.net/images/wappen/verysmall/22010.png?lm=1627492326)'}}, {'y': 400000, 'verein': 'FK Qabala', 'age': '21', 'mw': '€400Th.', 'datum_mw': 'Dec 27, 2019', 'x': 1577401200000, 'marker': {'symbol': 'url(https://tmssl.akamaized.net/images/wappen/verysmall/22010.png?lm=1627492326)'}}, {'y': 350000, 'verein': 'FK Qabala', 'age': '21', 'mw': '€350Th.', 'datum_mw': 'Apr 8, 2020', 'x': 1586296800000, 'marker': {'symbol': 'url(https://tmssl.akamaized.net/images/wappen/verysmall/22010.png?lm=1627492326)'}}, {'y': 350000, 'verein': 'FK Qabala', 'age': '21', 'mw': '€350Th.', 'datum_mw': 'Jun 29, 2020', 'x': 1593381600000, 'marker': {'symbol': 'url(https://tmssl.akamaized.net/images/wappen/verysmall/22010.png?lm=1627492326)'}}, {'y': 350000, 'verein': 'Sabah FK', 'age': '22', 'mw': '€350Th.', 'datum_mw': 'Dec 30, 2020', 'x': 1609282800000, 'marker': {'symbol': 'url(https://tmssl.akamaized.net/images/wappen/verysmall/63993.png?lm=1515972229)'}}, {'y': 350000, 'verein': 'Sabah FK', 'age': '22', 'mw': '€350Th.', 'datum_mw': 'May 31, 2021', 'x': 1622412000000, 'marker': {'symbol': 'url(https://tmssl.akamaized.net/images/wappen/verysmall/63993.png?lm=1515972229)'}}, {'y': 350000, 'verein': 'Sabah FK', 'age': '23', 'mw': '€350Th.', 'datum_mw': 'Dec 30, 2021', 'x': 1640818800000, 'marker': {'symbol': 'url(https://tmssl.akamaized.net/images/wappen/verysmall/63993.png?lm=1515972229)'}}, {'y': 500000, 'verein': 'Sabah FK', 'age': '23', 'mw': '€500Th.', 'datum_mw': 'May 24, 2022', 'x': 1653343200000, 'marker': {'symbol': 'url(https://tmssl.akamaized.net/images/wappen/verysmall/63993.png?lm=1515972229)'}}]}]				-	-	2.004'					
Elvin Camalov	Elvin Sərkər oğlu Camalov	Feb 4, 1995	Qakh	27	1,75 m	Azerbaijan	midfield - Defensive Midfield	right	Golden-7	Sabah FK	Jul 1, 2021	Jun 30, 2024	0	30	29	1.45	-	-	5	6	8	-	-			2.106'	[{'type': 'line', 'name': 'Market value', 'data': [{'y': 50000, 'verein': 'FK Qabala', 'age': '19', 'mw': '€50Th.', 'datum_mw': 'Feb 20, 2014', 'x': 1392850800000, 'marker': {'symbol': 'url(https://tmssl.akamaized.net/images/wappen/verysmall/22010.png?lm=1627492326)'}}, {'y': 50000, 'verein': 'FK Qabala', 'age': '20', 'mw': '€50Th.', 'datum_mw': 'Apr 18, 2015', 'x': 1429308000000, 'marker': {'symbol': 'url(https://tmssl.akamaized.net/images/wappen/verysmall/22010.png?lm=1627492326)'}}, {'y': 150000, 'verein': 'FK Qabala', 'age': '20', 'mw': '€150Th.', 'datum_mw': 'Sep 28, 2015', 'x': 1443391200000, 'marker': {'symbol': 'url(https://tmssl.akamaized.net/images/wappen/verysmall/22010.png?lm=1627492326)'}}, {'y': 100000, 'verein': 'FK Qabala', 'age': '21', 'mw': '€100Th.', 'datum_mw': 'Sep 20, 2016', 'x': 1474322400000, 'marker': {'symbol': 'url(https://tmssl.akamaized.net/images/wappen/verysmall/22010.png?lm=1627492326)'}}, {'y': 350000, 'verein': 'FK Qabala', 'age': '23', 'mw': '€350Th.', 'datum_mw': 'Dec 27, 2018', 'x': 1545865200000, 'marker': {'symbol': 'url(https://tmssl.akamaized.net/images/wappen/verysmall/22010.png?lm=1627492326)'}}, {'y': 500000, 'verein': 'FK Qabala', 'age': '24', 'mw': '€500Th.', 'datum_mw': 'May 25, 2019', 'x': 1558735200000, 'marker': {'symbol': 'url(https://tmssl.akamaized.net/images/wappen/verysmall/22010.png?lm=1627492326)'}}, {'y': 600000, 'verein': 'Zira FC', 'age': '24', 'mw': '€600Th.', 'datum_mw': 'Dec 27, 2019', 'x': 1577401200000, 'marker': {'symbol': 'url(https://tmssl.akamaized.net/images/wappen/verysmall/46710.png?lm=1553022308)'}}, {'y': 475000, 'verein': 'Zira FC', 'age': '25', 'mw': '€475Th.', 'datum_mw': 'Apr 8, 2020', 'x': 1586296800000, 'marker': {'symbol': 'url(https://tmssl.akamaized.net/images/wappen/verysmall/46710.png?lm=1553022308)'}}, {'y': 500000, 'verein': 'Zira FC', 'age': '25', 'mw': '€500Th.', 'datum_mw': 'Jun 29, 2020', 'x': 1593381600000, 'marker': {'symbol': 'url(https://tmssl.akamaized.net/images/wappen/verysmall/46710.png?lm=1553022308)'}}, {'y': 500000, 'verein': 'Zira FC', 'age': '25', 'mw': '€500Th.', 'datum_mw': 'Dec 30, 2020', 'x': 1609282800000, 'marker': {'symbol': 'url(https://tmssl.akamaized.net/images/wappen/verysmall/46710.png?lm=1553022308)'}}, {'y': 500000, 'verein': 'Zira FC', 'age': '26', 'mw': '€500Th.', 'datum_mw': 'May 31, 2021', 'x': 1622412000000, 'marker': {'symbol': 'url(https://tmssl.akamaized.net/images/wappen/verysmall/46710.png?lm=1553022308)'}}, {'y': 500000, 'verein': 'Sabah FK', 'age': '26', 'mw': '€500Th.', 'datum_mw': 'Dec 30, 2021', 'x': 1640818800000, 'marker': {'symbol': 'url(https://tmssl.akamaized.net/images/wappen/verysmall/63993.png?lm=1515972229)'}}, {'y': 500000, 'verein': 'Sabah FK', 'age': '27', 'mw': '€500Th.', 'datum_mw': 'May 24, 2022', 'x': 1653343200000, 'marker': {'symbol': 'url(https://tmssl.akamaized.net/images/wappen/verysmall/63993.png?lm=1515972229)'}}]}]			May 31, 2022	-	-	-					
Aleksey Isaev	Aleksey Aleksandr oğlu İsayev (rus. Исаев Алексей Александрович)	Nov 9, 1995	Krasnoyarsk	26	1,77 m	"Azerbaijan
  Russia"	midfield - Central Midfield	right	3R Sports Management	Sabah FK	Jul 9, 2020	Jun 30, 2026	0	21	20	1.05	1	2	4	1	4	-	-			1.511'	[{'type': 'line', 'name': 'Market value', 'data': [{'y': 100000, 'verein': 'Enisey Krasnoyarsk', 'age': '19', 'mw': '€100Th.', 'datum_mw': 'Jun 11, 2015', 'x': 1433973600000, 'marker': {'symbol': 'url(https://tmssl.akamaized.net/images/wappen/verysmall/3714.png?lm=1419710297)'}}, {'y': 150000, 'verein': 'Enisey Krasnoyarsk', 'age': '20', 'mw': '€150Th.', 'datum_mw': 'Jan 10, 2016', 'x': 1452380400000, 'marker': {'symbol': 'url(https://tmssl.akamaized.net/images/wappen/verysmall/3714.png?lm=1419710297)'}}, {'y': 150000, 'verein': 'Enisey Krasnoyarsk', 'age': '20', 'mw': '€150Th.', 'datum_mw': 'Jul 1, 2016', 'x': 1467324000000, 'marker': {'symbol': 'url(https://tmssl.akamaized.net/images/wappen/verysmall/3714.png?lm=1419710297)'}}, {'y': 200000, 'verein': 'Zenit 2 St. Petersburg', 'age': '21', 'mw': '€200Th.', 'datum_mw': 'Dec 24, 2016', 'x': 1482534000000, 'marker': {'symbol': 'url(https://tmssl.akamaized.net/images/wappen/verysmall/16950.png?lm=1486195881)'}}, {'y': 200000, 'verein': 'Zenit 2 St. Petersburg', 'age': '21', 'mw': '€200Th.', 'datum_mw': 'Jun 1, 2017', 'x': 1496268000000, 'marker': {'symbol': 'url(https://tmssl.akamaized.net/images/wappen/verysmall/16950.png?lm=1486195881)'}}, {'y': 300000, 'verein': 'Enisey Krasnoyarsk', 'age': '22', 'mw': '€300Th.', 'datum_mw': 'Dec 4, 2017', 'x': 1512342000000, 'marker': {'symbol': 'url(https://tmssl.akamaized.net/images/wappen/verysmall/3714.png?lm=1419710297)'}}, {'y': 400000, 'verein': 'Enisey Krasnoyarsk', 'age': '22', 'mw': '€400Th.', 'datum_mw': 'Jun 6, 2018', 'x': 1528236000000, 'marker': {'symbol': 'url(https://tmssl.akamaized.net/images/wappen/verysmall/3714.png?lm=1419710297)'}}, {'y': 450000, 'verein': 'Sumgayit PFC', 'age': '23', 'mw': '€450Th.', 'datum_mw': 'Dec 27, 2018', 'x': 1545865200000, 'marker': {'symbol': 'url(https://tmssl.akamaized.net/images/wappen/verysmall/36999_1564074130.png?lm=1564074130)'}}, {'y': 600000, 'verein': 'Sumgayit PFC', 'age': '23', 'mw': '€600Th.', 'datum_mw': 'May 25, 2019', 'x': 1558735200000, 'marker': {'symbol': 'url(https://tmssl.akamaized.net/images/wappen/verysmall/36999_1564074130.png?lm=1564074130)'}}, {'y': 600000, 'verein': 'Sumgayit PFC', 'age': '24', 'mw': '€600Th.', 'datum_mw': 'Dec 27, 2019', 'x': 1577401200000, 'marker': {'symbol': 'url(https://tmssl.akamaized.net/images/wappen/verysmall/36999.png?lm=1564074110)'}}, {'y': 475000, 'verein': 'Sumgayit PFC', 'age': '24', 'mw': '€475Th.', 'datum_mw': 'Apr 8, 2020', 'x': 1586296800000, 'marker': {'symbol': 'url(https://tmssl.akamaized.net/images/wappen/verysmall/36999.png?lm=1564074110)'}}, {'y': 500000, 'verein': 'Sumgayit PFC', 'age': '24', 'mw': '€500Th.', 'datum_mw': 'Jun 29, 2020', 'x': 1593381600000, 'marker': {'symbol': 'url(https://tmssl.akamaized.net/images/wappen/verysmall/36999.png?lm=1564074110)'}}, {'y': 450000, 'verein': 'Sabah FK', 'age': '25', 'mw': '€450Th.', 'datum_mw': 'Dec 30, 2020', 'x': 1609282800000, 'marker': {'symbol': 'url(https://tmssl.akamaized.net/images/wappen/verysmall/63993.png?lm=1515972229)'}}, {'y': 400000, 'verein': 'Sabah FK', 'age': '25', 'mw': '€400Th.', 'datum_mw': 'May 31, 2021', 'x': 1622412000000, 'marker': {'symbol': 'url(https://tmssl.akamaized.net/images/wappen/verysmall/63993.png?lm=1515972229)'}}, {'y': 550000, 'verein': 'Sabah FK', 'age': '26', 'mw': '€550Th.', 'datum_mw': 'Dec 30, 2021', 'x': 1640818800000, 'marker': {'symbol': 'url(https://tmssl.akamaized.net/images/wappen/verysmall/63993.png?lm=1515972229)'}}, {'y': 650000, 'verein': 'Sabah FK', 'age': '26', 'mw': '€650Th.', 'datum_mw': 'May 24, 2022', 'x': 1653343200000, 'marker': {'symbol': 'url(https://tmssl.akamaized.net/images/wappen/verysmall/63993.png?lm=1515972229)'}}]}]			May 26, 2022	-	1	1.511'					
Abdulakh Khaybulaev	Хайбулаев Абдулах Тиловурович	Aug 19, 2001	Khasavyurt, Dagestan Republic	20	1,78 m	"Azerbaijan
  Russia"	midfield - Central Midfield	both	Imran Rzaev	Sabah FK	Sep 1, 2021	Jun 30, 2022	0	7	1	3.00	-	-	1	-	-	-	-			-	[{'type': 'line', 'name': 'Market value', 'data': [{'y': 25000, 'verein': 'Anzhi Makhachkala II', 'age': '17', 'mw': '€25Th.', 'datum_mw': 'Feb 23, 2019', 'x': 1550876400000, 'marker': {'symbol': 'url(https://tmssl.akamaized.net/images/wappen/verysmall/26567.png?lm=1573974086)'}}, {'y': 25000, 'verein': 'Anzhi Makhachkala II', 'age': '17', 'mw': '€25Th.', 'datum_mw': 'Jun 14, 2019', 'x': 1560463200000, 'marker': {'symbol': 'url(https://tmssl.akamaized.net/images/wappen/verysmall/26567.png?lm=1573974086)'}}, {'y': 175000, 'verein': 'Sabah FK', 'age': '20', 'mw': '€175Th.', 'datum_mw': 'Dec 30, 2021', 'x': 1640818800000, 'marker': {'symbol': 'url(https://tmssl.akamaized.net/images/wappen/verysmall/63993.png?lm=1515972229)'}}, {'y': 175000, 'verein': 'Sabah FK', 'age': '20', 'mw': '€175Th.', 'datum_mw': 'May 24, 2022', 'x': 1653343200000, 'marker': {'symbol': 'url(https://tmssl.akamaized.net/images/wappen/verysmall/63993.png?lm=1515972229)'}}]}]				-	-	-					
Christian		Jun 14, 1989	Belém do Pará	33	1,82 m	"Brazil
  Portugal"	midfield - Central Midfield	left	Ax Sports	Sabah FK	Feb 3, 2022	Jun 30, 2023	0	31	30	1.27	1	-	11	6	8	1	-			1.743'	[{'type': 'line', 'name': 'Market value', 'data': [{'y': 150000, 'verein': 'Grêmio Esportivo Anápolis (GO)', 'age': '24', 'mw': '€150Th.', 'datum_mw': 'Feb 20, 2014', 'x': 1392850800000, 'marker': {'symbol': 'url(https://tmssl.akamaized.net/images/wappen/verysmall/25243.png?lm=1518258434)'}}, {'y': 250000, 'verein': 'CFR Cluj', 'age': '25', 'mw': '€250Th.', 'datum_mw': 'Sep 16, 2014', 'x': 1410818400000, 'marker': {'symbol': 'url(https://tmssl.akamaized.net/images/wappen/verysmall/7769.png?lm=1414777942)'}}, {'y': 450000, 'verein': 'CFR Cluj', 'age': '25', 'mw': '€450Th.', 'datum_mw': 'Dec 15, 2014', 'x': 1418598000000, 'marker': {'symbol': 'url(https://tmssl.akamaized.net/images/wappen/verysmall/7769.png?lm=1414777942)'}}, {'y': 450000, 'verein': 'CD Nacional', 'age': '25', 'mw': '€450Th.', 'datum_mw': 'Feb 17, 2015', 'x': 1424127600000, 'marker': {'symbol': 'url(https://tmssl.akamaized.net/images/wappen/verysmall/982.png?lm=1549988602)'}}, {'y': 600000, 'verein': 'CFR Cluj', 'age': '26', 'mw': '€600Th.', 'datum_mw': 'Jul 1, 2015', 'x': 1435701600000, 'marker': {'symbol': 'url(https://tmssl.akamaized.net/images/wappen/verysmall/7769.png?lm=1414777942)'}}, {'y': 1000000, 'verein': 'FC Paços de Ferreira', 'age': '26', 'mw': '€1.00m', 'datum_mw': 'Feb 24, 2016', 'x': 1456268400000, 'marker': {'symbol': 'url(https://tmssl.akamaized.net/images/wappen/verysmall/2995.png?lm=1578477741)'}}, {'y': 1000000, 'verein': 'FC Paços de Ferreira', 'age': '27', 'mw': '€1.00m', 'datum_mw': 'Jul 29, 2016', 'x': 1469743200000, 'marker': {'symbol': 'url(https://tmssl.akamaized.net/images/wappen/verysmall/2995.png?lm=1578477741)'}}, {'y': 800000, 'verein': 'FC Paços de Ferreira', 'age': '27', 'mw': '€800Th.', 'datum_mw': 'Oct 31, 2016', 'x': 1477868400000, 'marker': {'symbol': 'url(https://tmssl.akamaized.net/images/wappen/verysmall/2995.png?lm=1578477741)'}}, {'y': 800000, 'verein': 'FC Paços de Ferreira', 'age': '27', 'mw': '€800Th.', 'datum_mw': 'Feb 22, 2017', 'x': 1487718000000, 'marker': {'symbol': 'url(https://tmssl.akamaized.net/images/wappen/verysmall/2995.png?lm=1578477741)'}}, {'y': 700000, 'verein': 'FC Paços de Ferreira', 'age': '28', 'mw': '€700Th.', 'datum_mw': 'Jun 22, 2017', 'x': 1498082400000, 'marker': {'symbol': 'url(https://tmssl.akamaized.net/images/wappen/verysmall/2995.png?lm=1578477741)'}}, {'y': 600000, 'verein': 'FC Paços de Ferreira', 'age': '28', 'mw': '€600Th.', 'datum_mw': 'Jun 26, 2017', 'x': 1498428000000, 'marker': {'symbol': 'url(https://tmssl.akamaized.net/images/wappen/verysmall/2995.png?lm=1578477741)'}}, {'y': 350000, 'verein': 'CD Nacional', 'age': '28', 'mw': '€350Th.', 'datum_mw': 'Sep 8, 2017', 'x': 1504821600000, 'marker': {'symbol': 'url(https://tmssl.akamaized.net/images/wappen/verysmall/982.png?lm=1549988602)'}}, {'y': 400000, 'verein': 'CD Nacional', 'age': '28', 'mw': '€400Th.', 'datum_mw': 'Feb 23, 2018', 'x': 1519340400000, 'marker': {'symbol': 'url(https://tmssl.akamaized.net/images/wappen/verysmall/982.png?lm=1549988602)'}}, {'y': 450000, 'verein': 'CD Nacional', 'age': '29', 'mw': '€450Th.', 'datum_mw': 'Jun 29, 2018', 'x': 1530223200000, 'marker': {'symbol': 'url(https://tmssl.akamaized.net/images/wappen/verysmall/982.png?lm=1549988602)'}}, {'y': 400000, 'verein': 'FC Paços de Ferreira', 'age': '29', 'mw': '€400Th.', 'datum_mw': 'Feb 12, 2019', 'x': 1549926000000, 'marker': {'symbol': 'url(https://tmssl.akamaized.net/images/wappen/verysmall/2995.png?lm=1578477741)'}}, {'y': 400000, 'verein': 'FC Paços de Ferreira', 'age': '30', 'mw': '€400Th.', 'datum_mw': 'Jun 29, 2019', 'x': 1561759200000, 'marker': {'symbol': 'url(https://tmssl.akamaized.net/images/wappen/verysmall/2995.png?lm=1578477741)'}}, {'y': 250000, 'verein': 'CD Feirense', 'age': '30', 'mw': '€250Th.', 'datum_mw': 'Dec 31, 2019', 'x': 1577746800000, 'marker': {'symbol': 'url(https://tmssl.akamaized.net/images/wappen/verysmall/3349.png?lm=1469968627)'}}, {'y': 150000, 'verein': 'Casa Pia AC', 'age': '31', 'mw': '€150Th.', 'datum_mw': 'Nov 2, 2020', 'x': 1604271600000, 'marker': {'symbol': 'url(https://tmssl.akamaized.net/images/wappen/verysmall/3268.png?lm=1416127020)'}}, {'y': 100000, 'verein': 'Casa Pia AC', 'age': '32', 'mw': '€100Th.', 'datum_mw': 'Jun 29, 2021', 'x': 1624917600000, 'marker': {'symbol': 'url(https://tmssl.akamaized.net/images/wappen/verysmall/3268.png?lm=1416127020)'}}, {'y': 100000, 'verein': 'Sabah FK', 'age': '32', 'mw': '€100Th.', 'datum_mw': 'May 24, 2022', 'x': 1653343200000, 'marker': {'symbol': 'url(https://tmssl.akamaized.net/images/wappen/verysmall/63993.png?lm=1515972229)'}}]}]				-	-	1.743'	Christian da Silva Fiel				
Ceyhun Nuriyev	Ceyhun Nurıyev	Mar 30, 2001		21		Azerbaijan	midfield - Attacking Midfield	left	Uzan Talent Agency	Sabah FK	Jul 1, 2020	Jun 30, 2022	0	14	5	0.60	-	-	2	3	1	-	-			224'	[{'type': 'line', 'name': 'Market value', 'data': [{'y': 75000, 'verein': 'Sabah FK', 'age': '19', 'mw': '€75Th.', 'datum_mw': 'Dec 30, 2020', 'x': 1609282800000, 'marker': {'symbol': 'url(https://tmssl.akamaized.net/images/wappen/verysmall/63993.png?lm=1515972229)'}}, {'y': 75000, 'verein': 'Sabah FK', 'age': '20', 'mw': '€75Th.', 'datum_mw': 'May 31, 2021', 'x': 1622412000000, 'marker': {'symbol': 'url(https://tmssl.akamaized.net/images/wappen/verysmall/63993.png?lm=1515972229)'}}, {'y': 150000, 'verein': 'Sabah FK', 'age': '20', 'mw': '€150Th.', 'datum_mw': 'Dec 30, 2021', 'x': 1640818800000, 'marker': {'symbol': 'url(https://tmssl.akamaized.net/images/wappen/verysmall/63993.png?lm=1515972229)'}}, {'y': 175000, 'verein': 'Sabah FK', 'age': '21', 'mw': '€175Th.', 'datum_mw': 'May 24, 2022', 'x': 1653343200000, 'marker': {'symbol': 'url(https://tmssl.akamaized.net/images/wappen/verysmall/63993.png?lm=1515972229)'}}]}]		FK Sabah II (#29)		-	-	-					
Veysal Rzayev	Rzayev Veysəl Mehman	Oct 24, 2002		19		Azerbaijan	midfield - Attacking Midfield			Sabah FK	Jul 1, 2020	Jun 30, 2024	0	27	13	0.46	-	-	3	4	1	-	-			871'	[{'type': 'line', 'name': 'Market value', 'data': [{'y': 25000, 'verein': 'FK Qabala', 'age': '17', 'mw': '€25Th.', 'datum_mw': 'Dec 27, 2019', 'x': 1577401200000, 'marker': {'symbol': 'url(https://tmssl.akamaized.net/images/wappen/verysmall/22010.png?lm=1627492326)'}}, {'y': 100000, 'verein': 'Sabah FK', 'age': '18', 'mw': '€100Th.', 'datum_mw': 'Dec 30, 2020', 'x': 1609282800000, 'marker': {'symbol': 'url(https://tmssl.akamaized.net/images/wappen/verysmall/63993.png?lm=1515972229)'}}, {'y': 100000, 'verein': 'Sabah FK', 'age': '18', 'mw': '€100Th.', 'datum_mw': 'May 31, 2021', 'x': 1622412000000, 'marker': {'symbol': 'url(https://tmssl.akamaized.net/images/wappen/verysmall/63993.png?lm=1515972229)'}}, {'y': 100000, 'verein': 'Sabah FK', 'age': '19', 'mw': '€100Th.', 'datum_mw': 'Dec 30, 2021', 'x': 1640818800000, 'marker': {'symbol': 'url(https://tmssl.akamaized.net/images/wappen/verysmall/63993.png?lm=1515972229)'}}, {'y': 100000, 'verein': 'Sabah FK', 'age': '19', 'mw': '€100Th.', 'datum_mw': 'May 24, 2022', 'x': 1653343200000, 'marker': {'symbol': 'url(https://tmssl.akamaized.net/images/wappen/verysmall/63993.png?lm=1515972229)'}}]}]				-	-	-					
Idris Inqilably	İdris Samad oglu İnqilablı	Oct 6, 2001		20	1,75 m	Azerbaijan	midfield - Attacking Midfield	right	008 Agency	Sabah FK	Jul 1, 2020	Jun 30, 2024	0	31	16	0.81	-	-	3	1	1	-	-			1.221'	[{'type': 'line', 'name': 'Market value', 'data': [{'y': 25000, 'verein': 'FK Qabala', 'age': '17', 'mw': '€25Th.', 'datum_mw': 'Sep 7, 2019', 'x': 1567807200000, 'marker': {'symbol': 'url(https://tmssl.akamaized.net/images/wappen/verysmall/22010.png?lm=1627492326)'}}, {'y': 50000, 'verein': 'FK Qabala', 'age': '18', 'mw': '€50Th.', 'datum_mw': 'Dec 27, 2019', 'x': 1577401200000, 'marker': {'symbol': 'url(https://tmssl.akamaized.net/images/wappen/verysmall/22010.png?lm=1627492326)'}}, {'y': 75000, 'verein': 'FK Qabala', 'age': '18', 'mw': '€75Th.', 'datum_mw': 'Jun 29, 2020', 'x': 1593381600000, 'marker': {'symbol': 'url(https://tmssl.akamaized.net/images/wappen/verysmall/22010.png?lm=1627492326)'}}, {'y': 200000, 'verein': 'FK Qabala', 'age': '19', 'mw': '€200Th.', 'datum_mw': 'Dec 30, 2020', 'x': 1609282800000, 'marker': {'symbol': 'url(https://tmssl.akamaized.net/images/wappen/verysmall/22010.png?lm=1627492326)'}}, {'y': 150000, 'verein': 'FK Qabala', 'age': '19', 'mw': '€150Th.', 'datum_mw': 'May 31, 2021', 'x': 1622412000000, 'marker': {'symbol': 'url(https://tmssl.akamaized.net/images/wappen/verysmall/22010.png?lm=1627492326)'}}, {'y': 125000, 'verein': 'Sabah FK', 'age': '20', 'mw': '€125Th.', 'datum_mw': 'Dec 30, 2021', 'x': 1640818800000, 'marker': {'symbol': 'url(https://tmssl.akamaized.net/images/wappen/verysmall/63993.png?lm=1515972229)'}}, {'y': 75000, 'verein': 'Sabah FK', 'age': '20', 'mw': '€75Th.', 'datum_mw': 'May 24, 2022', 'x': 1653343200000, 'marker': {'symbol': 'url(https://tmssl.akamaized.net/images/wappen/verysmall/63993.png?lm=1515972229)'}}]}]				-	-	-					
Joy-Lance Mickels		Mar 29, 1994	Siegburg	28	1,83 m	"Germany
  DR Congo"	attack - Left Winger	both	100and10 Sportmanagement GmbH	Sabah FK	Jul 10, 2021	Jun 30, 2023	0	29	28	1.36	7	4	10	7	2	-	-			1.761'	[{'type': 'line', 'name': 'Market value', 'data': [{'y': 50000, 'verein': 'Borussia Mönchengladbach II', 'age': '19', 'mw': '€50Th.', 'datum_mw': 'Jul 22, 2013', 'x': 1374444000000, 'marker': {'symbol': 'url(https://tmssl.akamaized.net/images/wappen/verysmall/1006.png?lm=1483890536)'}}, {'y': 25000, 'verein': 'Borussia Mönchengladbach II', 'age': '19', 'mw': '€25Th.', 'datum_mw': 'Mar 28, 2014', 'x': 1395961200000, 'marker': {'symbol': 'url(https://tmssl.akamaized.net/images/wappen/verysmall/1006.png?lm=1483890536)'}}, {'y': 25000, 'verein': 'Borussia Mönchengladbach II', 'age': '20', 'mw': '€25Th.', 'datum_mw': 'May 8, 2014', 'x': 1399500000000, 'marker': {'symbol': 'url(https://tmssl.akamaized.net/images/wappen/verysmall/1006.png?lm=1483890536)'}}, {'y': 25000, 'verein': 'FC Schalke 04 II', 'age': '20', 'mw': '€25Th.', 'datum_mw': 'Jul 27, 2014', 'x': 1406412000000, 'marker': {'symbol': 'url(https://tmssl.akamaized.net/images/wappen/verysmall/34.png?lm=1433588238)'}}, {'y': 25000, 'verein': 'FC Schalke 04 II', 'age': '20', 'mw': '€25Th.', 'datum_mw': 'Jan 1, 2015', 'x': 1420066800000, 'marker': {'symbol': 'url(https://tmssl.akamaized.net/images/wappen/verysmall/34.png?lm=1433588238)'}}, {'y': 100000, 'verein': 'FC Schalke 04 II', 'age': '21', 'mw': '€100Th.', 'datum_mw': 'Jun 30, 2015', 'x': 1435615200000, 'marker': {'symbol': 'url(https://tmssl.akamaized.net/images/wappen/verysmall/34.png?lm=1433588238)'}}, {'y': 100000, 'verein': 'FC Schalke 04 II', 'age': '21', 'mw': '€100Th.', 'datum_mw': 'Jan 15, 2016', 'x': 1452812400000, 'marker': {'symbol': 'url(https://tmssl.akamaized.net/images/wappen/verysmall/34.png?lm=1433588238)'}}, {'y': 100000, 'verein': 'Alemannia Aachen', 'age': '22', 'mw': '€100Th.', 'datum_mw': 'Jul 15, 2016', 'x': 1468533600000, 'marker': {'symbol': 'url(https://tmssl.akamaized.net/images/wappen/verysmall/8.png?lm=1403603100)'}}, {'y': 75000, 'verein': 'Alemannia Aachen', 'age': '22', 'mw': '€75Th.', 'datum_mw': 'Nov 20, 2016', 'x': 1479596400000, 'marker': {'symbol': 'url(https://tmssl.akamaized.net/images/wappen/verysmall/8.png?lm=1403603100)'}}, {'y': 100000, 'verein': 'FSV Wacker Nordhausen', 'age': '23', 'mw': '€100Th.', 'datum_mw': 'Jul 1, 2017', 'x': 1498860000000, 'marker': {'symbol': 'url(https://tmssl.akamaized.net/images/wappen/verysmall/490.png?lm=1436048613)'}}, {'y': 100000, 'verein': 'FSV Wacker Nordhausen', 'age': '23', 'mw': '€100Th.', 'datum_mw': 'Feb 14, 2018', 'x': 1518562800000, 'marker': {'symbol': 'url(https://tmssl.akamaized.net/images/wappen/verysmall/490.png?lm=1436048613)'}}, {'y': 125000, 'verein': 'FSV Wacker Nordhausen', 'age': '24', 'mw': '€125Th.', 'datum_mw': 'Sep 7, 2018', 'x': 1536271200000, 'marker': {'symbol': 'url(https://tmssl.akamaized.net/images/wappen/verysmall/490.png?lm=1436048613)'}}, {'y': 125000, 'verein': 'FSV Wacker Nordhausen', 'age': '25', 'mw': '€125Th.', 'datum_mw': 'Apr 8, 2019', 'x': 1554674400000, 'marker': {'symbol': 'url(https://tmssl.akamaized.net/images/wappen/verysmall/490.png?lm=1436048613)'}}, {'y': 125000, 'verein': 'FSV Wacker Nordhausen', 'age': '25', 'mw': '€125Th.', 'datum_mw': 'Dec 2, 2019', 'x': 1575241200000, 'marker': {'symbol': 'url(https://tmssl.akamaized.net/images/wappen/verysmall/490.png?lm=1436048613)'}}, {'y': 125000, 'verein': 'FC Carl Zeiss Jena', 'age': '26', 'mw': '€125Th.', 'datum_mw': 'Jul 6, 2020', 'x': 1593986400000, 'marker': {'symbol': 'url(https://tmssl.akamaized.net/images/wappen/verysmall/113.png?lm=1402955896)'}}, {'y': 150000, 'verein': 'MVV Maastricht', 'age': '26', 'mw': '€150Th.', 'datum_mw': 'Oct 24, 2020', 'x': 1603490400000, 'marker': {'symbol': 'url(https://tmssl.akamaized.net/images/wappen/verysmall/384.png?lm=1586974725)'}}, {'y': 175000, 'verein': 'MVV Maastricht', 'age': '26', 'mw': '€175Th.', 'datum_mw': 'Dec 31, 2020', 'x': 1609369200000, 'marker': {'symbol': 'url(https://tmssl.akamaized.net/images/wappen/verysmall/384.png?lm=1586974725)'}}, {'y': 350000, 'verein': 'Sabah FK', 'age': '27', 'mw': '€350Th.', 'datum_mw': 'Dec 30, 2021', 'x': 1640818800000, 'marker': {'symbol': 'url(https://tmssl.akamaized.net/images/wappen/verysmall/63993.png?lm=1515972229)'}}, {'y': 500000, 'verein': 'Sabah FK', 'age': '28', 'mw': '€500Th.', 'datum_mw': 'May 24, 2022', 'x': 1653343200000, 'marker': {'symbol': 'url(https://tmssl.akamaized.net/images/wappen/verysmall/63993.png?lm=1515972229)'}}]}]				-	-	252'					
Cristian Ceballos	Cristian Ceballos Prieto	Dec 3, 1992	Santander, Cantabria	29	1,73 m	Spain	attack - Left Winger	left		Sabah FK	Aug 8, 2021	Jun 30, 2024	0	22	21	1.43	4	4	1	7	3	-	1			1.709'	[{'type': 'line', 'name': 'Market value', 'data': [{'y': 300000, 'verein': 'FC Arouca', 'age': '20', 'mw': '€300Th.', 'datum_mw': 'Nov 5, 2013', 'x': 1383606000000, 'marker': {'symbol': 'url(https://tmssl.akamaized.net/images/wappen/verysmall/8024.png?lm=1530096604)'}}, {'y': 300000, 'verein': 'Charlton Athletic', 'age': '22', 'mw': '€300Th.', 'datum_mw': 'Sep 24, 2015', 'x': 1443045600000, 'marker': {'symbol': 'url(https://tmssl.akamaized.net/images/wappen/verysmall/358.png?lm=1448178743)'}}, {'y': 300000, 'verein': 'Charlton Athletic', 'age': '23', 'mw': '€300Th.', 'datum_mw': 'Apr 20, 2016', 'x': 1461103200000, 'marker': {'symbol': 'url(https://tmssl.akamaized.net/images/wappen/verysmall/358.png?lm=1448178743)'}}, {'y': 450000, 'verein': 'Sint-Truidense VV', 'age': '24', 'mw': '€450Th.', 'datum_mw': 'Jan 21, 2017', 'x': 1484953200000, 'marker': {'symbol': 'url(https://tmssl.akamaized.net/images/wappen/verysmall/475.png?lm=1448474474)'}}, {'y': 650000, 'verein': 'Sint-Truidense VV', 'age': '24', 'mw': '€650Th.', 'datum_mw': 'Jun 6, 2017', 'x': 1496700000000, 'marker': {'symbol': 'url(https://tmssl.akamaized.net/images/wappen/verysmall/475.png?lm=1448474474)'}}, {'y': 650000, 'verein': 'Sint-Truidense VV', 'age': '25', 'mw': '€650Th.', 'datum_mw': 'Jan 9, 2018', 'x': 1515452400000, 'marker': {'symbol': 'url(https://tmssl.akamaized.net/images/wappen/verysmall/475.png?lm=1448474474)'}}, {'y': 650000, 'verein': 'Sint-Truidense VV', 'age': '25', 'mw': '€650Th.', 'datum_mw': 'Jun 3, 2018', 'x': 1527976800000, 'marker': {'symbol': 'url(https://tmssl.akamaized.net/images/wappen/verysmall/475.png?lm=1448474474)'}}, {'y': 650000, 'verein': 'Sint-Truidense VV', 'age': '26', 'mw': '€650Th.', 'datum_mw': 'Dec 27, 2018', 'x': 1545865200000, 'marker': {'symbol': 'url(https://tmssl.akamaized.net/images/wappen/verysmall/475.png?lm=1448474474)'}}, {'y': 550000, 'verein': 'Sint-Truidense VV', 'age': '26', 'mw': '€550Th.', 'datum_mw': 'Jun 10, 2019', 'x': 1560117600000, 'marker': {'symbol': 'url(https://tmssl.akamaized.net/images/wappen/verysmall/475.png?lm=1448474474)'}}, {'y': 550000, 'verein': 'Al-Wakrah SC', 'age': '27', 'mw': '€550Th.', 'datum_mw': 'Apr 4, 2020', 'x': 1585951200000, 'marker': {'symbol': 'url(https://tmssl.akamaized.net/images/wappen/verysmall/13509.png?lm=1615985616)'}}, {'y': 450000, 'verein': 'Al-Wakrah SC', 'age': '27', 'mw': '€450Th.', 'datum_mw': 'Apr 8, 2020', 'x': 1586296800000, 'marker': {'symbol': 'url(https://tmssl.akamaized.net/images/wappen/verysmall/13509.png?lm=1615985616)'}}, {'y': 400000, 'verein': 'Al-Wakrah SC', 'age': '28', 'mw': '€400Th.', 'datum_mw': 'Dec 31, 2020', 'x': 1609369200000, 'marker': {'symbol': 'url(https://tmssl.akamaized.net/images/wappen/verysmall/13509.png?lm=1615985616)'}}, {'y': 350000, 'verein': 'Sabah FK', 'age': '29', 'mw': '€350Th.', 'datum_mw': 'Dec 30, 2021', 'x': 1640818800000, 'marker': {'symbol': 'url(https://tmssl.akamaized.net/images/wappen/verysmall/63993.png?lm=1515972229)'}}, {'y': 250000, 'verein': 'Sabah FK', 'age': '29', 'mw': '€250Th.', 'datum_mw': 'May 24, 2022', 'x': 1653343200000, 'marker': {'symbol': 'url(https://tmssl.akamaized.net/images/wappen/verysmall/63993.png?lm=1515972229)'}}]}]				-	2	427'					
Camal Cafarov	Camal Əli-Abasov oğlu Cəfərov (rus. Джафаров Джамал Али-Абасович)	Feb 25, 2002		20	1,78 m	"Azerbaijan
  Russia"	attack - Left Winger	right	Imran Rzaev	Sabah FK	Jul 1, 2021	Jun 30, 2025	0	8	4	1.25	-	-	3	1	-	-	-			84'	[{'type': 'line', 'name': 'Market value', 'data': [{'y': 25000, 'verein': 'Anzhi Makhachkala II', 'age': '16', 'mw': '€25Th.', 'datum_mw': 'Feb 23, 2019', 'x': 1550876400000, 'marker': {'symbol': 'url(https://tmssl.akamaized.net/images/wappen/verysmall/26567.png?lm=1573974086)'}}, {'y': 25000, 'verein': 'Anzhi Makhachkala II', 'age': '17', 'mw': '€25Th.', 'datum_mw': 'Jun 14, 2019', 'x': 1560463200000, 'marker': {'symbol': 'url(https://tmssl.akamaized.net/images/wappen/verysmall/26567.png?lm=1573974086)'}}, {'y': 25000, 'verein': 'FK Sabah II', 'age': '18', 'mw': '€25Th.', 'datum_mw': 'Dec 30, 2020', 'x': 1609282800000, 'marker': {'symbol': 'url(https://tmssl.akamaized.net/images/wappen/verysmall/82677.png?lm=1591882485)'}}, {'y': 150000, 'verein': 'Sabah FK', 'age': '19', 'mw': '€150Th.', 'datum_mw': 'Dec 30, 2021', 'x': 1640818800000, 'marker': {'symbol': 'url(https://tmssl.akamaized.net/images/wappen/verysmall/63993.png?lm=1515972229)'}}, {'y': 150000, 'verein': 'Sabah FK', 'age': '20', 'mw': '€150Th.', 'datum_mw': 'May 24, 2022', 'x': 1653343200000, 'marker': {'symbol': 'url(https://tmssl.akamaized.net/images/wappen/verysmall/63993.png?lm=1515972229)'}}]}]				-	-	-					
Oleksiy Kashchuk	Кащук Олексій Миколайович	Jun 29, 2000	Novograd-Volynskyi, Zhytomyr Region	21	1,80 m	Ukraine	attack - Right Winger	left	ProStar	Sabah FK	Mar 29, 2022	Jun 30, 2022	0	16	15	1.13	-	1	10	4	1	-	-			539'	[{'type': 'line', 'name': 'Market value', 'data': [{'y': 50000, 'verein': 'Shakhtar Donetsk II', 'age': '18', 'mw': '€50Th.', 'datum_mw': 'May 7, 2019', 'x': 1557180000000, 'marker': {'symbol': 'url(https://tmssl.akamaized.net/images/wappen/verysmall/8963.png?lm=1436080270)'}}, {'y': 600000, 'verein': 'Shakhtar Donetsk II', 'age': '18', 'mw': '€600Th.', 'datum_mw': 'Jun 20, 2019', 'x': 1560981600000, 'marker': {'symbol': 'url(https://tmssl.akamaized.net/images/wappen/verysmall/8963.png?lm=1436080270)'}}, {'y': 400000, 'verein': 'FK Mariupol', 'age': '19', 'mw': '€400Th.', 'datum_mw': 'Jan 8, 2020', 'x': 1578438000000, 'marker': {'symbol': 'url(https://tmssl.akamaized.net/images/wappen/verysmall/6993.png?lm=1499197929)'}}, {'y': 350000, 'verein': 'FK Mariupol', 'age': '19', 'mw': '€350Th.', 'datum_mw': 'Apr 8, 2020', 'x': 1586296800000, 'marker': {'symbol': 'url(https://tmssl.akamaized.net/images/wappen/verysmall/6993.png?lm=1499197929)'}}, {'y': 400000, 'verein': 'FK Mariupol', 'age': '20', 'mw': '€400Th.', 'datum_mw': 'Sep 4, 2020', 'x': 1599170400000, 'marker': {'symbol': 'url(https://tmssl.akamaized.net/images/wappen/verysmall/6993.png?lm=1499197929)'}}, {'y': 300000, 'verein': 'FK Mariupol', 'age': '20', 'mw': '€300Th.', 'datum_mw': 'Jan 14, 2021', 'x': 1610578800000, 'marker': {'symbol': 'url(https://tmssl.akamaized.net/images/wappen/verysmall/6993.png?lm=1499197929)'}}, {'y': 300000, 'verein': 'FK Mariupol', 'age': '20', 'mw': '€300Th.', 'datum_mw': 'Jun 7, 2021', 'x': 1623016800000, 'marker': {'symbol': 'url(https://tmssl.akamaized.net/images/wappen/verysmall/6993.png?lm=1499197929)'}}, {'y': 500000, 'verein': 'FK Mariupol', 'age': '21', 'mw': '€500Th.', 'datum_mw': 'Dec 20, 2021', 'x': 1639954800000, 'marker': {'symbol': 'url(https://tmssl.akamaized.net/images/wappen/verysmall/6993.png?lm=1499197929)'}}, {'y': 500000, 'verein': 'Sabah FK', 'age': '21', 'mw': '€500Th.', 'datum_mw': 'May 24, 2022', 'x': 1653343200000, 'marker': {'symbol': 'url(https://tmssl.akamaized.net/images/wappen/verysmall/63993.png?lm=1515972229)'}}]}]				-	-	-				Shakhtar Donetsk	Jun 30, 2022
Juan Cámara	Juan del Carmen Cámara Mesa	Feb 13, 1994	Jaén	28	1,84 m	Spain	attack - Right Winger	left	Footfeel & Echo Sports	Sabah FK	Jul 8, 2021	Jun 30, 2022	0	33	32	1.59	2	4	16	13	7	-	-			1.872'	[{'type': 'line', 'name': 'Market value', 'data': [{'y': 400000, 'verein': 'FC Barcelona B', 'age': '20', 'mw': '€400Th.', 'datum_mw': 'Aug 5, 2014', 'x': 1407189600000, 'marker': {'symbol': 'url(https://tmssl.akamaized.net/images/wappen/verysmall/2464.png?lm=1406739548)'}}, {'y': 400000, 'verein': 'FC Barcelona B', 'age': '20', 'mw': '€400Th.', 'datum_mw': 'Jan 8, 2015', 'x': 1420671600000, 'marker': {'symbol': 'url(https://tmssl.akamaized.net/images/wappen/verysmall/2464.png?lm=1406739548)'}}, {'y': 0, 'verein': 'FC Barcelona B', 'age': '21', 'mw': '-', 'datum_mw': 'Jul 15, 2015', 'x': 1436911200000, 'marker': {'symbol': 'url(https://tmssl.akamaized.net/images/wappen/verysmall/2464.png?lm=1406739548)'}}, {'y': 0, 'verein': 'FC Barcelona B', 'age': '21', 'mw': '-', 'datum_mw': 'Feb 8, 2016', 'x': 1454886000000, 'marker': {'symbol': 'url(https://tmssl.akamaized.net/images/wappen/verysmall/2464.png?lm=1406739548)'}}, {'y': 700000, 'verein': 'FC Barcelona B', 'age': '22', 'mw': '€700Th.', 'datum_mw': 'Aug 1, 2016', 'x': 1470002400000, 'marker': {'symbol': 'url(https://tmssl.akamaized.net/images/wappen/verysmall/2464.png?lm=1406739548)'}}, {'y': 400000, 'verein': 'Girona FC', 'age': '22', 'mw': '€400Th.', 'datum_mw': 'Oct 27, 2016', 'x': 1477519200000, 'marker': {'symbol': 'url(https://tmssl.akamaized.net/images/wappen/verysmall/12321.png?lm=1635282850)'}}, {'y': 300000, 'verein': 'Girona FC', 'age': '22', 'mw': '€300Th.', 'datum_mw': 'Jan 24, 2017', 'x': 1485212400000, 'marker': {'symbol': 'url(https://tmssl.akamaized.net/images/wappen/verysmall/12321.png?lm=1635282850)'}}, {'y': 300000, 'verein': 'Girona FC', 'age': '23', 'mw': '€300Th.', 'datum_mw': 'Jun 29, 2017', 'x': 1498687200000, 'marker': {'symbol': 'url(https://tmssl.akamaized.net/images/wappen/verysmall/12321.png?lm=1635282850)'}}, {'y': 300000, 'verein': 'CF Reus Deportiu (-2020)', 'age': '23', 'mw': '€300Th.', 'datum_mw': 'Jan 1, 2018', 'x': 1514761200000, 'marker': {'symbol': 'url(https://tmssl.akamaized.net/images/wappen/verysmall/13225.png?lm=1437940733)'}}, {'y': 300000, 'verein': 'CF Reus Deportiu (-2020)', 'age': '24', 'mw': '€300Th.', 'datum_mw': 'May 30, 2018', 'x': 1527631200000, 'marker': {'symbol': 'url(https://tmssl.akamaized.net/images/wappen/verysmall/13225.png?lm=1437940733)'}}, {'y': 300000, 'verein': 'Miedz Legnica', 'age': '24', 'mw': '€300Th.', 'datum_mw': 'Jan 25, 2019', 'x': 1548370800000, 'marker': {'symbol': 'url(https://tmssl.akamaized.net/images/wappen/verysmall/8936.png?lm=1445524970)'}}, {'y': 500000, 'verein': 'Miedz Legnica', 'age': '25', 'mw': '€500Th.', 'datum_mw': 'Jun 29, 2019', 'x': 1561759200000, 'marker': {'symbol': 'url(https://tmssl.akamaized.net/images/wappen/verysmall/8936.png?lm=1445524970)'}}, {'y': 400000, 'verein': 'Jagiellonia Bialystok', 'age': '25', 'mw': '€400Th.', 'datum_mw': 'Jan 15, 2020', 'x': 1579042800000, 'marker': {'symbol': 'url(https://tmssl.akamaized.net/images/wappen/verysmall/2300_1611305583.png?lm=1611305583)'}}, {'y': 325000, 'verein': 'Jagiellonia Bialystok', 'age': '26', 'mw': '€325Th.', 'datum_mw': 'Apr 8, 2020', 'x': 1586296800000, 'marker': {'symbol': 'url(https://tmssl.akamaized.net/images/wappen/verysmall/2300_1611305583.png?lm=1611305583)'}}, {'y': 400000, 'verein': 'Jagiellonia Bialystok', 'age': '26', 'mw': '€400Th.', 'datum_mw': 'Aug 18, 2020', 'x': 1597701600000, 'marker': {'symbol': 'url(https://tmssl.akamaized.net/images/wappen/verysmall/2300_1611305583.png?lm=1611305583)'}}, {'y': 600000, 'verein': 'FC Dinamo 1948', 'age': '26', 'mw': '€600Th.', 'datum_mw': 'Dec 18, 2020', 'x': 1608246000000, 'marker': {'symbol': 'url(https://tmssl.akamaized.net/images/wappen/verysmall/312.png?lm=1409069452)'}}, {'y': 600000, 'verein': 'Universitatea Craiova', 'age': '27', 'mw': '€600Th.', 'datum_mw': 'Jun 3, 2021', 'x': 1622671200000, 'marker': {'symbol': 'url(https://tmssl.akamaized.net/images/wappen/verysmall/40812.png?lm=1533830310)'}}, {'y': 500000, 'verein': 'Sabah FK', 'age': '27', 'mw': '€500Th.', 'datum_mw': 'Dec 30, 2021', 'x': 1640818800000, 'marker': {'symbol': 'url(https://tmssl.akamaized.net/images/wappen/verysmall/63993.png?lm=1515972229)'}}, {'y': 450000, 'verein': 'Sabah FK', 'age': '28', 'mw': '€450Th.', 'datum_mw': 'May 24, 2022', 'x': 1653343200000, 'marker': {'symbol': 'url(https://tmssl.akamaized.net/images/wappen/verysmall/63993.png?lm=1515972229)'}}]}]				-	-	936'			Nike	Jagiellonia Bialystok	Jun 30, 2023
Ildar Alakbarov	İldar Ruslan oğlu Ələkbərov	Apr 27, 2001	Pskov	21	1,71 m	"Azerbaijan
  Russia"	attack - Right Winger	right		Sabah FK	Aug 2, 2021	Jun 30, 2024	0	32	20	1.05	1	5	8	5	-	1	-			1.166'	[{'type': 'line', 'name': 'Market value', 'data': [{'y': 25000, 'verein': 'Strogino Moscow', 'age': '17', 'mw': '€25Th.', 'datum_mw': 'Feb 22, 2019', 'x': 1550790000000, 'marker': {'symbol': 'url(https://tmssl.akamaized.net/images/wappen/verysmall/40896.png?lm=1567441401)'}}, {'y': 25000, 'verein': 'Strogino Moscow', 'age': '18', 'mw': '€25Th.', 'datum_mw': 'Jun 14, 2019', 'x': 1560463200000, 'marker': {'symbol': 'url(https://tmssl.akamaized.net/images/wappen/verysmall/40896.png?lm=1567441401)'}}, {'y': 100000, 'verein': 'Strogino Moscow', 'age': '18', 'mw': '€100Th.', 'datum_mw': 'Sep 11, 2019', 'x': 1568152800000, 'marker': {'symbol': 'url(https://tmssl.akamaized.net/images/wappen/verysmall/40896.png?lm=1567441401)'}}, {'y': 125000, 'verein': 'Strogino Moscow', 'age': '18', 'mw': '€125Th.', 'datum_mw': 'Dec 23, 2019', 'x': 1577055600000, 'marker': {'symbol': 'url(https://tmssl.akamaized.net/images/wappen/verysmall/40896.png?lm=1567441401)'}}, {'y': 125000, 'verein': 'Strogino Moscow', 'age': '19', 'mw': '€125Th.', 'datum_mw': 'Jun 29, 2020', 'x': 1593381600000, 'marker': {'symbol': 'url(https://tmssl.akamaized.net/images/wappen/verysmall/40896.png?lm=1567441401)'}}, {'y': 125000, 'verein': 'Neftekhimik Nizhnekamsk', 'age': '19', 'mw': '€125Th.', 'datum_mw': 'Dec 29, 2020', 'x': 1609196400000, 'marker': {'symbol': 'url(https://tmssl.akamaized.net/images/wappen/verysmall/3733.png?lm=1541834697)'}}, {'y': 125000, 'verein': 'Neftekhimik Nizhnekamsk', 'age': '20', 'mw': '€125Th.', 'datum_mw': 'May 24, 2021', 'x': 1621807200000, 'marker': {'symbol': 'url(https://tmssl.akamaized.net/images/wappen/verysmall/3733.png?lm=1541834697)'}}, {'y': 125000, 'verein': 'Sabah FK', 'age': '20', 'mw': '€125Th.', 'datum_mw': 'Dec 30, 2021', 'x': 1640818800000, 'marker': {'symbol': 'url(https://tmssl.akamaized.net/images/wappen/verysmall/63993.png?lm=1515972229)'}}, {'y': 100000, 'verein': 'Sabah FK', 'age': '21', 'mw': '€100Th.', 'datum_mw': 'May 24, 2022', 'x': 1653343200000, 'marker': {'symbol': 'url(https://tmssl.akamaized.net/images/wappen/verysmall/63993.png?lm=1515972229)'}}]}]				-	-	1.166'					
Rangel		Dec 29, 1994	Alvorada	27	1,85 m	Brazil	attack - Centre-Forward	right	Forza Carreira Esportiva	Sabah FK	Mar 21, 2022	Jun 30, 2022	0	23	23	1.91	4	3	10	12	8	-	-			1.250'	[{'type': 'line', 'name': 'Market value', 'data': [{'y': 100000, 'verein': 'FK Kukësi', 'age': '22', 'mw': '€100Th.', 'datum_mw': 'Jun 14, 2017', 'x': 1497391200000, 'marker': {'symbol': 'url(https://tmssl.akamaized.net/images/wappen/verysmall/27116.png?lm=1448734726)'}}, {'y': 200000, 'verein': 'SV Kapfenberg', 'age': '22', 'mw': '€200Th.', 'datum_mw': 'Dec 13, 2017', 'x': 1513119600000, 'marker': {'symbol': 'url(https://tmssl.akamaized.net/images/wappen/verysmall/2394.png?lm=1407178499)'}}, {'y': 250000, 'verein': 'SV Kapfenberg', 'age': '23', 'mw': '€250Th.', 'datum_mw': 'Jun 13, 2018', 'x': 1528840800000, 'marker': {'symbol': 'url(https://tmssl.akamaized.net/images/wappen/verysmall/2394.png?lm=1407178499)'}}, {'y': 250000, 'verein': 'Kuopion Palloseura', 'age': '23', 'mw': '€250Th.', 'datum_mw': 'Oct 23, 2018', 'x': 1540245600000, 'marker': {'symbol': 'url(https://tmssl.akamaized.net/images/wappen/verysmall/6251.png?lm=1619270903)'}}, {'y': 250000, 'verein': 'Kuopion Palloseura', 'age': '24', 'mw': '€250Th.', 'datum_mw': 'Apr 4, 2019', 'x': 1554328800000, 'marker': {'symbol': 'url(https://tmssl.akamaized.net/images/wappen/verysmall/6251.png?lm=1619270903)'}}, {'y': 450000, 'verein': 'Kuopion Palloseura', 'age': '24', 'mw': '€450Th.', 'datum_mw': 'Jul 25, 2019', 'x': 1564005600000, 'marker': {'symbol': 'url(https://tmssl.akamaized.net/images/wappen/verysmall/6251.png?lm=1619270903)'}}, {'y': 450000, 'verein': 'Kuopion Palloseura', 'age': '24', 'mw': '€450Th.', 'datum_mw': 'Oct 20, 2019', 'x': 1571522400000, 'marker': {'symbol': 'url(https://tmssl.akamaized.net/images/wappen/verysmall/6251.png?lm=1619270903)'}}, {'y': 350000, 'verein': 'Kuopion Palloseura', 'age': '25', 'mw': '€350Th.', 'datum_mw': 'Apr 8, 2020', 'x': 1586296800000, 'marker': {'symbol': 'url(https://tmssl.akamaized.net/images/wappen/verysmall/6251.png?lm=1619270903)'}}, {'y': 400000, 'verein': 'Kuopion Palloseura', 'age': '25', 'mw': '€400Th.', 'datum_mw': 'May 17, 2020', 'x': 1589666400000, 'marker': {'symbol': 'url(https://tmssl.akamaized.net/images/wappen/verysmall/6251.png?lm=1619270903)'}}, {'y': 400000, 'verein': 'Kuopion Palloseura', 'age': '25', 'mw': '€400Th.', 'datum_mw': 'Aug 31, 2020', 'x': 1598824800000, 'marker': {'symbol': 'url(https://tmssl.akamaized.net/images/wappen/verysmall/6251.png?lm=1619270903)'}}, {'y': 375000, 'verein': 'Adana Demirspor', 'age': '26', 'mw': '€375Th.', 'datum_mw': 'Mar 23, 2021', 'x': 1616454000000, 'marker': {'symbol': 'url(https://tmssl.akamaized.net/images/wappen/verysmall/3840.png?lm=1442129502)'}}, {'y': 350000, 'verein': 'Kuopion Palloseura', 'age': '26', 'mw': '€350Th.', 'datum_mw': 'Apr 21, 2021', 'x': 1618956000000, 'marker': {'symbol': 'url(https://tmssl.akamaized.net/images/wappen/verysmall/6251.png?lm=1619270903)'}}, {'y': 250000, 'verein': 'Kuopion Palloseura', 'age': '26', 'mw': '€250Th.', 'datum_mw': 'Aug 2, 2021', 'x': 1627855200000, 'marker': {'symbol': 'url(https://tmssl.akamaized.net/images/wappen/verysmall/6251.png?lm=1619270903)'}}, {'y': 500000, 'verein': 'Vorskla Poltava', 'age': '26', 'mw': '€500Th.', 'datum_mw': 'Dec 20, 2021', 'x': 1639954800000, 'marker': {'symbol': 'url(https://tmssl.akamaized.net/images/wappen/verysmall/2740.png?lm=1420985318)'}}, {'y': 600000, 'verein': 'Sabah FK', 'age': '27', 'mw': '€600Th.', 'datum_mw': 'May 24, 2022', 'x': 1653343200000, 'marker': {'symbol': 'url(https://tmssl.akamaized.net/images/wappen/verysmall/63993.png?lm=1515972229)'}}]}]				-	-	313'	Lucas Rangel Nunes Gonçalves			Vorskla Poltava	Jun 30, 2023
Julio Rodríguez	Julio César Rodríguez Giménez	Dec 5, 1990	Asunción	31	1,83 m	Paraguay	attack - Centre-Forward	right		Sabah FK	Jan 29, 2020	Jun 30, 2022	0	27	26	0.92	3	7	8	6	4	-	-			1.638'	[{'type': 'line', 'name': 'Market value', 'data': [{'y': 400000, 'verein': 'Defensa y Justicia', 'age': '24', 'mw': '€400Th.', 'datum_mw': 'Jan 8, 2015', 'x': 1420671600000, 'marker': {'symbol': 'url(https://tmssl.akamaized.net/images/wappen/verysmall/2402.png?lm=1642110776)'}}, {'y': 200000, 'verein': 'Defensa y Justicia', 'age': '24', 'mw': '€200Th.', 'datum_mw': 'Jan 10, 2015', 'x': 1420844400000, 'marker': {'symbol': 'url(https://tmssl.akamaized.net/images/wappen/verysmall/2402.png?lm=1642110776)'}}, {'y': 400000, 'verein': 'Defensa y Justicia', 'age': '24', 'mw': '€400Th.', 'datum_mw': 'Jul 14, 2015', 'x': 1436824800000, 'marker': {'symbol': 'url(https://tmssl.akamaized.net/images/wappen/verysmall/2402.png?lm=1642110776)'}}, {'y': 400000, 'verein': 'Club Atlético Unión', 'age': '25', 'mw': '€400Th.', 'datum_mw': 'Feb 6, 2016', 'x': 1454713200000, 'marker': {'symbol': 'url(https://tmssl.akamaized.net/images/wappen/verysmall/7097.png?lm=1517242630)'}}, {'y': 350000, 'verein': 'Arsenal Fútbol Club', 'age': '25', 'mw': '€350Th.', 'datum_mw': 'Aug 8, 2016', 'x': 1470607200000, 'marker': {'symbol': 'url(https://tmssl.akamaized.net/images/wappen/verysmall/4673.png?lm=1412763125)'}}, {'y': 350000, 'verein': 'Arsenal Fútbol Club', 'age': '26', 'mw': '€350Th.', 'datum_mw': 'Feb 13, 2017', 'x': 1486940400000, 'marker': {'symbol': 'url(https://tmssl.akamaized.net/images/wappen/verysmall/4673.png?lm=1412763125)'}}, {'y': 450000, 'verein': 'Zira FC', 'age': '28', 'mw': '€450Th.', 'datum_mw': 'May 25, 2019', 'x': 1558735200000, 'marker': {'symbol': 'url(https://tmssl.akamaized.net/images/wappen/verysmall/46710.png?lm=1553022308)'}}, {'y': 500000, 'verein': 'Zira FC', 'age': '29', 'mw': '€500Th.', 'datum_mw': 'Dec 27, 2019', 'x': 1577401200000, 'marker': {'symbol': 'url(https://tmssl.akamaized.net/images/wappen/verysmall/46710.png?lm=1553022308)'}}, {'y': 400000, 'verein': 'Sabah FK', 'age': '29', 'mw': '€400Th.', 'datum_mw': 'Apr 8, 2020', 'x': 1586296800000, 'marker': {'symbol': 'url(https://tmssl.akamaized.net/images/wappen/verysmall/63993.png?lm=1515972229)'}}, {'y': 400000, 'verein': 'Sabah FK', 'age': '29', 'mw': '€400Th.', 'datum_mw': 'Jun 29, 2020', 'x': 1593381600000, 'marker': {'symbol': 'url(https://tmssl.akamaized.net/images/wappen/verysmall/63993.png?lm=1515972229)'}}, {'y': 400000, 'verein': 'Sabah FK', 'age': '30', 'mw': '€400Th.', 'datum_mw': 'Dec 30, 2020', 'x': 1609282800000, 'marker': {'symbol': 'url(https://tmssl.akamaized.net/images/wappen/verysmall/63993.png?lm=1515972229)'}}, {'y': 400000, 'verein': 'Sabah FK', 'age': '30', 'mw': '€400Th.', 'datum_mw': 'May 31, 2021', 'x': 1622412000000, 'marker': {'symbol': 'url(https://tmssl.akamaized.net/images/wappen/verysmall/63993.png?lm=1515972229)'}}, {'y': 300000, 'verein': 'Sabah FK', 'age': '31', 'mw': '€300Th.', 'datum_mw': 'Dec 30, 2021', 'x': 1640818800000, 'marker': {'symbol': 'url(https://tmssl.akamaized.net/images/wappen/verysmall/63993.png?lm=1515972229)'}}, {'y': 250000, 'verein': 'Sabah FK', 'age': '31', 'mw': '€250Th.', 'datum_mw': 'May 24, 2022', 'x': 1653343200000, 'marker': {'symbol': 'url(https://tmssl.akamaized.net/images/wappen/verysmall/63993.png?lm=1515972229)'}}]}]			May 31, 2021	-	-	546'					
Tiemoko Fofana		Oct 22, 1999	Abidjan	22	1,80 m	Cote d'Ivoire	attack - Centre-Forward	right		Sabah FK	Apr 12, 2021	Jun 30, 2024	0	14	13	0.92	2	-	1	5	1	-	-			959'	[{'type': 'line', 'name': 'Market value', 'data': [{'y': 25000, 'verein': 'Ilves Tampere', 'age': '19', 'mw': '€25Th.', 'datum_mw': 'Oct 23, 2018', 'x': 1540245600000, 'marker': {'symbol': 'url(https://tmssl.akamaized.net/images/wappen/verysmall/3189.png?lm=1455922551)'}}, {'y': 25000, 'verein': 'Ilves Tampere', 'age': '19', 'mw': '€25Th.', 'datum_mw': 'Apr 4, 2019', 'x': 1554328800000, 'marker': {'symbol': 'url(https://tmssl.akamaized.net/images/wappen/verysmall/3189.png?lm=1455922551)'}}, {'y': 100000, 'verein': 'Ilves Tampere', 'age': '19', 'mw': '€100Th.', 'datum_mw': 'Jul 25, 2019', 'x': 1564005600000, 'marker': {'symbol': 'url(https://tmssl.akamaized.net/images/wappen/verysmall/3189.png?lm=1455922551)'}}, {'y': 100000, 'verein': 'Ilves Tampere', 'age': '19', 'mw': '€100Th.', 'datum_mw': 'Oct 20, 2019', 'x': 1571522400000, 'marker': {'symbol': 'url(https://tmssl.akamaized.net/images/wappen/verysmall/3189.png?lm=1455922551)'}}, {'y': 100000, 'verein': 'Ilves Tampere', 'age': '20', 'mw': '€100Th.', 'datum_mw': 'May 17, 2020', 'x': 1589666400000, 'marker': {'symbol': 'url(https://tmssl.akamaized.net/images/wappen/verysmall/3189.png?lm=1455922551)'}}, {'y': 100000, 'verein': 'Ilves Tampere', 'age': '20', 'mw': '€100Th.', 'datum_mw': 'Aug 31, 2020', 'x': 1598824800000, 'marker': {'symbol': 'url(https://tmssl.akamaized.net/images/wappen/verysmall/3189.png?lm=1455922551)'}}, {'y': 150000, 'verein': 'Sabah FK', 'age': '21', 'mw': '€150Th.', 'datum_mw': 'May 31, 2021', 'x': 1622412000000, 'marker': {'symbol': 'url(https://tmssl.akamaized.net/images/wappen/verysmall/63993.png?lm=1515972229)'}}, {'y': 250000, 'verein': 'Sabah FK', 'age': '22', 'mw': '€250Th.', 'datum_mw': 'Dec 30, 2021', 'x': 1640818800000, 'marker': {'symbol': 'url(https://tmssl.akamaized.net/images/wappen/verysmall/63993.png?lm=1515972229)'}}, {'y': 225000, 'verein': 'Sabah FK', 'age': '22', 'mw': '€225Th.', 'datum_mw': 'May 24, 2022', 'x': 1653343200000, 'marker': {'symbol': 'url(https://tmssl.akamaized.net/images/wappen/verysmall/63993.png?lm=1515972229)'}}]}]				-	-	480'					
Mikheil Ergemlidze	მიხეილ ერგემლიძე	Sep 28, 1999	Tiflis	22	1,92 m	Georgia	attack - Centre-Forward	right	FA PLAYERS AGENTS	Sabah FK	Aug 4, 2021	Jun 30, 2024	0	6	5	3.00	3	-	3	1	1	-	-			274'	[{'type': 'line', 'name': 'Market value', 'data': [{'y': 75000, 'verein': 'Dinamo Tbilisi', 'age': '17', 'mw': '€75Th.', 'datum_mw': 'Aug 1, 2017', 'x': 1501538400000, 'marker': {'symbol': 'url(https://tmssl.akamaized.net/images/wappen/verysmall/663.png?lm=1474921564)'}}, {'y': 50000, 'verein': 'Dinamo Tbilisi', 'age': '18', 'mw': '€50Th.', 'datum_mw': 'Dec 8, 2017', 'x': 1512687600000, 'marker': {'symbol': 'url(https://tmssl.akamaized.net/images/wappen/verysmall/663.png?lm=1474921564)'}}, {'y': 50000, 'verein': 'Dinamo Tbilisi', 'age': '18', 'mw': '€50Th.', 'datum_mw': 'Apr 9, 2018', 'x': 1523224800000, 'marker': {'symbol': 'url(https://tmssl.akamaized.net/images/wappen/verysmall/663.png?lm=1474921564)'}}, {'y': 100000, 'verein': 'Dinamo Tbilisi', 'age': '18', 'mw': '€100Th.', 'datum_mw': 'Aug 29, 2018', 'x': 1535493600000, 'marker': {'symbol': 'url(https://tmssl.akamaized.net/images/wappen/verysmall/663.png?lm=1474921564)'}}, {'y': 100000, 'verein': 'Dinamo Tbilisi', 'age': '19', 'mw': '€100Th.', 'datum_mw': 'Jan 5, 2019', 'x': 1546642800000, 'marker': {'symbol': 'url(https://tmssl.akamaized.net/images/wappen/verysmall/663.png?lm=1474921564)'}}, {'y': 125000, 'verein': 'Chikhura Sachkhere', 'age': '19', 'mw': '€125Th.', 'datum_mw': 'May 5, 2019', 'x': 1557007200000, 'marker': {'symbol': 'url(https://tmssl.akamaized.net/images/wappen/verysmall/11435.png?lm=1409253000)'}}, {'y': 125000, 'verein': 'Chikhura Sachkhere', 'age': '19', 'mw': '€125Th.', 'datum_mw': 'Sep 5, 2019', 'x': 1567634400000, 'marker': {'symbol': 'url(https://tmssl.akamaized.net/images/wappen/verysmall/11435.png?lm=1409253000)'}}, {'y': 125000, 'verein': 'FC Gagra', 'age': '20', 'mw': '€125Th.', 'datum_mw': 'Jan 4, 2020', 'x': 1578092400000, 'marker': {'symbol': 'url(https://tmssl.akamaized.net/images/wappen/verysmall/22842.png?lm=1553020103)'}}, {'y': 125000, 'verein': 'FC Gagra', 'age': '20', 'mw': '€125Th.', 'datum_mw': 'Jul 31, 2020', 'x': 1596146400000, 'marker': {'symbol': 'url(https://tmssl.akamaized.net/images/wappen/verysmall/22842.png?lm=1553020103)'}}, {'y': 125000, 'verein': 'Adana Demirspor', 'age': '21', 'mw': '€125Th.', 'datum_mw': 'Mar 23, 2021', 'x': 1616454000000, 'marker': {'symbol': 'url(https://tmssl.akamaized.net/images/wappen/verysmall/3840.png?lm=1442129502)'}}, {'y': 125000, 'verein': 'Adana Demirspor', 'age': '21', 'mw': '€125Th.', 'datum_mw': 'Jun 2, 2021', 'x': 1622584800000, 'marker': {'symbol': 'url(https://tmssl.akamaized.net/images/wappen/verysmall/3840.png?lm=1442129502)'}}, {'y': 125000, 'verein': 'Sabah FK', 'age': '21', 'mw': '€125Th.', 'datum_mw': 'Sep 1, 2021', 'x': 1630447200000, 'marker': {'symbol': 'url(https://tmssl.akamaized.net/images/wappen/verysmall/63993.png?lm=1515972229)'}}, {'y': 125000, 'verein': 'Sabah FK', 'age': '22', 'mw': '€125Th.', 'datum_mw': 'Dec 30, 2021', 'x': 1640818800000, 'marker': {'symbol': 'url(https://tmssl.akamaized.net/images/wappen/verysmall/63993.png?lm=1515972229)'}}, {'y': 100000, 'verein': 'Sabah FK', 'age': '22', 'mw': '€100Th.', 'datum_mw': 'May 24, 2022', 'x': 1653343200000, 'marker': {'symbol': 'url(https://tmssl.akamaized.net/images/wappen/verysmall/63993.png?lm=1515972229)'}}]}]				-	-	91'					
Kamran Quliyev	Kamran Quliyev	Mar 11, 2000		22	1,79 m	Azerbaijan	attack - Centre-Forward		MLA Management	Sabah FK	Jul 1, 2021	-	0	2	-			-	-	-	-	-	-			-	[{'type': 'line', 'name': 'Market value', 'data': [{'y': 25000, 'verein': 'FK Jonava', 'age': '18', 'mw': '€25Th.', 'datum_mw': 'Oct 2, 2018', 'x': 1538431200000, 'marker': {'symbol': 'url(https://tmssl.akamaized.net/images/wappen/verysmall/31409_1646376988.png?lm=1646376988)'}}, {'y': 50000, 'verein': 'Without Club', 'age': '20', 'mw': '€50Th.', 'datum_mw': 'May 31, 2020', 'x': 1590876000000, 'marker': {'symbol': 'url(https://tmssl.akamaized.net/images/wappen/verysmall/515.png?lm=1456997255)'}}, {'y': 75000, 'verein': 'Sabah FK', 'age': '21', 'mw': '€75Th.', 'datum_mw': 'Dec 30, 2021', 'x': 1640818800000, 'marker': {'symbol': 'url(https://tmssl.akamaized.net/images/wappen/verysmall/63993.png?lm=1515972229)'}}, {'y': 75000, 'verein': 'Sabah FK', 'age': '22', 'mw': '€75Th.', 'datum_mw': 'May 24, 2022', 'x': 1653343200000, 'marker': {'symbol': 'url(https://tmssl.akamaized.net/images/wappen/verysmall/63993.png?lm=1515972229)'}}]}]				-	-	-					
